sender,recipient,date,year,sender_place,recipient_place
"Gray, Thomas, 1716-1771","Walpole, Horace, 1717-1797",1734-04-16,1734,,"London, United Kingdom"
"Gray, Thomas, 1716-1771","Walpole, Horace, 1717-1797",1734-10-31,1734,"Cambridge, United Kingdom","London, United Kingdom"
"Gray, Thomas, 1716-1771","Walpole, Horace, 1717-1797",1734-11-17,1734,"Cambridge, United Kingdom","London, United Kingdom"
"Gray, Thomas, 1716-1771","Walpole, Horace, 1717-1797",1734-12,1734,"Cambridge, United Kingdom","London, United Kingdom"
"Gray, Thomas, 1716-1771","Walpole, Horace, 1717-1797",1734-12-08,1734,"Cambridge, United Kingdom","London, United Kingdom"
"Gray, Thomas, 1716-1771","Walpole, Horace, 1717-1797",1734-12-23,1734,"Cambridge, United Kingdom",
"Gray, Thomas, 1716-1771","Walpole, Horace, 1717-1797",1735-01-06,1735,"Cambridge, United Kingdom",
"Gray, Thomas, 1716-1771","Walpole, Horace, 1717-1797",1735-01-12,1735,"Cambridge, United Kingdom","London, United Kingdom"
"Gray, Thomas, 1716-1771","Walpole, Horace, 1717-1797",1735-01-14,1735,"Cambridge, United Kingdom","London, United Kingdom"
"Gray, Thomas, 1716-1771","Walpole, Horace, 1717-1797",1735-01-19,1735,"Cambridge, United Kingdom","London, United Kingdom"
"Gray, Thomas, 1716-1771","Walpole, Horace, 1717-1797",1735-01-21,1735,"Cambridge, United Kingdom","London, United Kingdom"
"Gray, Thomas, 1716-1771","Walpole, Horace, 1717-1797",1735-01-27,1735,"Cambridge, United Kingdom","London, United Kingdom"
"Gray, Thomas, 1716-1771","Walpole, Horace, 1717-1797",1735-02-04,1735,"Cambridge, United Kingdom","London, United Kingdom"
"Gray, Thomas, 1716-1771","Walpole, Horace, 1717-1797",1735-02-25,1735,"Cambridge, United Kingdom","London, United Kingdom"
"Gray, Thomas, 1716-1771","Walpole, Horace, 1717-1797",1735-03-05,1735,"Cambridge, United Kingdom","London, United Kingdom"
"Gray, Thomas, 1716-1771","Walpole, Horace, 1717-1797",1735-07-03,1735,"Cambridge, United Kingdom","London, United Kingdom"
"Walpole, Horace, 1717-1797","Gray, Thomas, 1716-1771",1735-10-15,1735,"Cambridge, United Kingdom",
"Gray, Thomas, 1716-1771","Walpole, Horace, 1717-1797",1736-01-03,1736,"London, United Kingdom",
"Gray, Thomas, 1716-1771","Walpole, Horace, 1717-1797",1736-03-11,1736,"Cambridge, United Kingdom","London, United Kingdom"
"Gray, Thomas, 1716-1771","Walpole, Horace, 1717-1797",1736-06-11,1736,"London, United Kingdom","Cambridge, United Kingdom"
"Gray, Thomas, 1716-1771","Walpole, Horace, 1717-1797",1736-07-15,1736,"London, United Kingdom",
"Gray, Thomas, 1716-1771","Walpole, Horace, 1717-1797",1736-08,1736,"Burnham, United Kingdom","Cambridge, United Kingdom"
"Gray, Thomas, 1716-1771","Walpole, Horace, 1717-1797",1736-09-26,1736,"Burnham, United Kingdom","Cambridge, United Kingdom"
"Gray, Thomas, 1716-1771","Walpole, Horace, 1717-1797",1736-10-03,1736,"London, United Kingdom","London, United Kingdom"
"Gray, Thomas, 1716-1771","Walpole, Horace, 1717-1797",1736-10-12,1736,"London, United Kingdom","Cambridge, United Kingdom"
"Gray, Thomas, 1716-1771","Walpole, Horace, 1717-1797",1736-10-27,1736,"Cambridge, United Kingdom","London, United Kingdom"
"Gray, Thomas, 1716-1771","Walpole, Horace, 1717-1797",1736-12-29,1736,"Cambridge, United Kingdom","London, United Kingdom"
"Gray, Thomas, 1716-1771","Walpole, Horace, 1717-1797",1737-01-16,1737,"Cambridge, United Kingdom","London, United Kingdom"
"Gray, Thomas, 1716-1771","Walpole, Horace, 1717-1797",1737-07,1737,"Cambridge, United Kingdom","Houghton, United Kingdom"
"Gray, Thomas, 1716-1771","Walpole, Horace, 1717-1797",1737-08-22,1737,"London, United Kingdom",
"Gray, Thomas, 1716-1771","Walpole, Horace, 1717-1797",1737-11-12,1737,"London, United Kingdom",
"Gray, Thomas, 1716-1771","Walpole, Horace, 1717-1797",1737-12-29,1737,"Cambridge, United Kingdom","London, United Kingdom"
"Gray, Thomas, 1716-1771","Walpole, Horace, 1717-1797",1738-01-10,1738,"Cambridge, United Kingdom","London, United Kingdom"
"Gray, Thomas, 1716-1771","Walpole, Horace, 1717-1797",1738-01-15,1738,"Cambridge, United Kingdom","London, United Kingdom"
"Gray, Thomas, 1716-1771","Walpole, Horace, 1717-1797",1738-02-23,1738,"Cambridge, United Kingdom","London, United Kingdom"
"Gray, Thomas, 1716-1771","Walpole, Horace, 1717-1797",1738-03-07,1738,"Cambridge, United Kingdom","London, United Kingdom"
"Gray, Thomas, 1716-1771","Walpole, Horace, 1717-1797",1738-03-20,1738,"Cambridge, United Kingdom","London, United Kingdom"
"Gray, Thomas, 1716-1771","Walpole, Horace, 1717-1797",1738-03-28,1738,"Cambridge, United Kingdom","London, United Kingdom"
"Gray, Thomas, 1716-1771","Walpole, Horace, 1717-1797",1738-09-19,1738,"London, United Kingdom","London, United Kingdom"
"Gray, Thomas, 1716-1771","Ashton, Thomas, 1715-1775",1739-07,1739,"Reims, France","London, United Kingdom"
"West, Richard, 1716-1742","Gray, Thomas, 1716-1771",1739-09-24,1739,"London, United Kingdom","Paris, France"
"Gray, Thomas, 1716-1771","West, Richard, 1716-1742",1740-04-16,1740,"Rome, Italy",
"Gray, Thomas, 1716-1771","Ashton, Thomas, 1715-1775",1740-05-14,1740,"Rome, Italy",
"Gray, Thomas, 1716-1771","West, Richard, 1716-1742",1740-07-31,1740,"Florence, Italy",
"Gray, Thomas, 1716-1771","Walpole, Horace, 1717-1797",1746-02-03,1746,"Cambridge, United Kingdom",
"Gray, Thomas, 1716-1771","Walpole, Horace, 1717-1797",1746-03-28,1746,"Cambridge, United Kingdom","London, United Kingdom"
"Gray, Thomas, 1716-1771","Walpole, Horace, 1717-1797",1746-07-07,1746,"Cambridge, United Kingdom",
"Gray, Thomas, 1716-1771","Walpole, Horace, 1717-1797",1746-10-20,1746,"Cambridge, United Kingdom",
"Gray, Thomas, 1716-1771","Walpole, Horace, 1717-1797",1746-12-15,1746,"Cambridge, United Kingdom",
"Gray, Thomas, 1716-1771","Walpole, Horace, 1717-1797",1747-01,1747,"Cambridge, United Kingdom",
"Gray, Thomas, 1716-1771","Walpole, Horace, 1717-1797",1747-02-08,1747,"Cambridge, United Kingdom",
"Gray, Thomas, 1716-1771","Walpole, Horace, 1717-1797",1747-02-19,1747,"Cambridge, United Kingdom",
"Gray, Thomas, 1716-1771","Walpole, Horace, 1717-1797",1747-02-22,1747,"Cambridge, United Kingdom",
"Gray, Thomas, 1716-1771","Walpole, Horace, 1717-1797",1747-03-01,1747,"Cambridge, United Kingdom",
"Gray, Thomas, 1716-1771","Walpole, Horace, 1717-1797",1747-05-13,1747,"Stoke Poges, United Kingdom","London, United Kingdom"
"Gray, Thomas, 1716-1771","Walpole, Horace, 1717-1797",1747-06-15,1747,"Cambridge, United Kingdom",
"Gray, Thomas, 1716-1771","Walpole, Horace, 1717-1797",1747-08,1747,"Stoke Poges, United Kingdom",
"Gray, Thomas, 1716-1771","Walpole, Horace, 1717-1797",1747-09-09,1747,"Stoke Poges, United Kingdom","London, United Kingdom"
"Gray, Thomas, 1716-1771","Walpole, Horace, 1717-1797",1747-11,1747,"Cambridge, United Kingdom",
"Gray, Thomas, 1716-1771","Walpole, Horace, 1717-1797",1748-02,1748,"Cambridge, United Kingdom",
"Gray, Thomas, 1716-1771","Walpole, Horace, 1717-1797",1749-11-12,1749,"Cambridge, United Kingdom","London, United Kingdom"
"Gray, Thomas, 1716-1771","Walpole, Horace, 1717-1797",1750-06-12,1750,"Stoke Poges, United Kingdom",
"Gray, Thomas, 1716-1771","Walpole, Horace, 1717-1797",1751-02-11,1751,"Cambridge, United Kingdom","London, United Kingdom"
"Gray, Thomas, 1716-1771","Walpole, Horace, 1717-1797",1751-02-20,1751,"Cambridge, United Kingdom",
"Gray, Thomas, 1716-1771","Walpole, Horace, 1717-1797",1751-03-03,1751,"Cambridge, United Kingdom",
"Gray, Thomas, 1716-1771","Walpole, Horace, 1717-1797",1751-04-08,1751,"Cambridge, United Kingdom","London, United Kingdom"
"Gray, Thomas, 1716-1771","Walpole, Horace, 1717-1797",1751-04-16,1751,"Cambridge, United Kingdom","London, United Kingdom"
"Gray, Thomas, 1716-1771","Walpole, Horace, 1717-1797",1751-09-08,1751,"Cambridge, United Kingdom",
"Gray, Thomas, 1716-1771","Walpole, Horace, 1717-1797",1751-09-29,1751,"Cambridge, United Kingdom","London, United Kingdom"
"Gray, Thomas, 1716-1771","Walpole, Horace, 1717-1797",1751-11-26,1751,"Cambridge, United Kingdom","London, United Kingdom"
"Gray, Thomas, 1716-1771","Walpole, Horace, 1717-1797",1751-12-31,1751,"Cambridge, United Kingdom",
"Gray, Thomas, 1716-1771","Walpole, Horace, 1717-1797",1752-05-28,1752,"Cambridge, United Kingdom","London, United Kingdom"
"Gray, Thomas, 1716-1771","Walpole, Horace, 1717-1797",1752-07-08,1752,"Stoke Poges, United Kingdom","London, United Kingdom"
"Gray, Thomas, 1716-1771","Walpole, Horace, 1717-1797",1752-08,1752,"Stoke Poges, United Kingdom",
"Gray, Thomas, 1716-1771","Walpole, Horace, 1717-1797",1752-12-17,1752,"Cambridge, United Kingdom","London, United Kingdom"
"Gray, Thomas, 1716-1771","Walpole, Horace, 1717-1797",1753-02-13,1753,"Cambridge, United Kingdom",
"Walpole, Horace, 1717-1797","Gray, Thomas, 1716-1771",1753-02-20,1753,"London, United Kingdom",
"Gray, Thomas, 1716-1771","Walpole, Horace, 1717-1797",1753-02-27,1753,"Stoke Poges, United Kingdom","London, United Kingdom"
"Gray, Thomas, 1716-1771","Walpole, Horace, 1717-1797",1754-02-15,1754,"Cambridge, United Kingdom","London, United Kingdom"
"Gray, Thomas, 1716-1771","Walpole, Horace, 1717-1797",1754-03-03,1754,"Cambridge, United Kingdom",
"Gray, Thomas, 1716-1771","Walpole, Horace, 1717-1797",1754-03-17,1754,"Cambridge, United Kingdom","London, United Kingdom"
"Gray, Thomas, 1716-1771","Walpole, Horace, 1717-1797",1754-04-11,1754,"Cambridge, United Kingdom","London, United Kingdom"
"Gray, Thomas, 1716-1771","Walpole, Horace, 1717-1797",1754-05-23,1754,"Cambridge, United Kingdom",
"Gray, Thomas, 1716-1771","Walpole, Horace, 1717-1797",1755-07-22,1755,"Vyne, The, United Kingdom","London, United Kingdom"
"Gray, Thomas, 1716-1771","Walpole, Horace, 1717-1797",1755-08-08,1755,"Stoke Poges, United Kingdom","London, United Kingdom"
"Gray, Thomas, 1716-1771","Walpole, Horace, 1717-1797",1755-08-10,1755,"Stoke Poges, United Kingdom","London, United Kingdom"
"Gray, Thomas, 1716-1771","Walpole, Horace, 1717-1797",1755-08-14,1755,"Stoke Poges, United Kingdom","London, United Kingdom"
"Gray, Thomas, 1716-1771","Walpole, Horace, 1717-1797",1755-10-14,1755,"Stoke Poges, United Kingdom","London, United Kingdom"
"Walpole, Horace, 1717-1797","Gray, Thomas, 1716-1771",1755-12-25,1755,"London, United Kingdom",
"Gray, Thomas, 1716-1771","Walpole, Horace, 1717-1797",1756-07-30,1756,"Stoke Poges, United Kingdom",
"Gray, Thomas, 1716-1771","Walpole, Horace, 1717-1797",1756-08-04,1756,"Stoke Poges, United Kingdom",
"Gray, Thomas, 1716-1771","Walpole, Horace, 1717-1797",1756-08-29,1756,"Stoke Poges, United Kingdom","London, United Kingdom"
"Gray, Thomas, 1716-1771","Walpole, Horace, 1717-1797",1756-09-08,1756,"Vyne, The, United Kingdom","London, United Kingdom"
"Gray, Thomas, 1716-1771","Walpole, Horace, 1717-1797",1756-09-12,1756,"Vyne, The, United Kingdom","Strawberry Hill, United Kingdom"
"Gray, Thomas, 1716-1771","Walpole, Horace, 1717-1797",1756-09-19,1756,"Vyne, The, United Kingdom","London, United Kingdom"
"Gray, Thomas, 1716-1771","Walpole, Horace, 1717-1797",1756-09-21,1756,"Vyne, The, United Kingdom","London, United Kingdom"
"Gray, Thomas, 1716-1771","Walpole, Horace, 1717-1797",1757-03-11,1757,"London, United Kingdom","London, United Kingdom"
"Gray, Thomas, 1716-1771","Walpole, Horace, 1717-1797",1757-07-11,1757,"Stoke Poges, United Kingdom",
"Gray, Thomas, 1716-1771","Walpole, Horace, 1717-1797",1757-08-10,1757,"Stoke Poges, United Kingdom",
"Gray, Thomas, 1716-1771","Walpole, Horace, 1717-1797",1757-10-13,1757,"Stoke Poges, United Kingdom","London, United Kingdom"
"Gray, Thomas, 1716-1771","Walpole, Horace, 1717-1797",1757-10-21,1757,"Stoke Poges, United Kingdom","London, United Kingdom"
"Gray, Thomas, 1716-1771","Walpole, Horace, 1717-1797",1758-01-17,1758,"Cambridge, United Kingdom","London, United Kingdom"
"Gray, Thomas, 1716-1771","Walpole, Horace, 1717-1797",1758-07-22,1758,"Stoke Poges, United Kingdom",
"Gray, Thomas, 1716-1771","Walpole, Horace, 1717-1797",1759-02-14,1759,"London, United Kingdom","London, United Kingdom"
"Walpole, Horace, 1717-1797","Gray, Thomas, 1716-1771",1759-02-15,1759,"London, United Kingdom",
"Gray, Thomas, 1716-1771","Walpole, Horace, 1717-1797",1760-04,1760,"London, United Kingdom",
"Walpole, Horace, 1717-1797","Gray, Thomas, 1716-1771",1760-08,1760,"Strawberry Hill, United Kingdom",
"Gray, Thomas, 1716-1771","Walpole, Horace, 1717-1797",1760-09-02,1760,"Cambridge, United Kingdom",
"Gray, Thomas, 1716-1771","Walpole, Horace, 1717-1797",1760-10-28,1760,"London, United Kingdom","London, United Kingdom"
"Gray, Thomas, 1716-1771","Walpole, Horace, 1717-1797",1760-12,1760,"London, United Kingdom",
"Gray, Thomas, 1716-1771","Walpole, Horace, 1717-1797",1761-05,1761,"London, United Kingdom","London, United Kingdom"
"Gray, Thomas, 1716-1771","Walpole, Horace, 1717-1797",1761-09-10,1761,"London, United Kingdom","London, United Kingdom"
"Gray, Thomas, 1716-1771","Walpole, Horace, 1717-1797",1762-02-11,1762,"Cambridge, United Kingdom",
"Gray, Thomas, 1716-1771","Walpole, Horace, 1717-1797",1762-02-28,1762,"Cambridge, United Kingdom",
"Walpole, Horace, 1717-1797","Gray, Thomas, 1716-1771",1763-01-03,1763,"London, United Kingdom",
"Gray, Thomas, 1716-1771","Walpole, Horace, 1717-1797",1763-01-05,1763,"Cambridge, United Kingdom","London, United Kingdom"
"Gray, Thomas, 1716-1771","Walpole, Horace, 1717-1797",1763-09-12,1763,"Cambridge, United Kingdom",
"Gray, Thomas, 1716-1771","Walpole, Horace, 1717-1797",1763-09-19,1763,"Cambridge, United Kingdom","London, United Kingdom"
"Gray, Thomas, 1716-1771","Walpole, Horace, 1717-1797",1764-01-27,1764,"Cambridge, United Kingdom","London, United Kingdom"
"Gray, Thomas, 1716-1771","Walpole, Horace, 1717-1797",1764-01-31,1764,"Cambridge, United Kingdom","London, United Kingdom"
"Gray, Thomas, 1716-1771","Walpole, Horace, 1717-1797",1764-03-18,1764,"Cambridge, United Kingdom",
"Gray, Thomas, 1716-1771","Walpole, Horace, 1717-1797",1764-04-25,1764,"Cambridge, United Kingdom",
"Gray, Thomas, 1716-1771","Walpole, Horace, 1717-1797",1764-07-10,1764,"Cambridge, United Kingdom","London, United Kingdom"
"Gray, Thomas, 1716-1771","Walpole, Horace, 1717-1797",1764-08-17,1764,"Cambridge, United Kingdom","London, United Kingdom"
"Gray, Thomas, 1716-1771","Walpole, Horace, 1717-1797",1764-12-30,1764,"Cambridge, United Kingdom","London, United Kingdom"
"Gray, Thomas, 1716-1771","Walpole, Horace, 1717-1797",1765-04-14,1765,"Cambridge, United Kingdom","London, United Kingdom"
"Gray, Thomas, 1716-1771","Walpole, Horace, 1717-1797",1765-11-10,1765,"London, United Kingdom","London, United Kingdom"
"Walpole, Horace, 1717-1797","Gray, Thomas, 1716-1771",1765-11-19,1765,"Paris, France",
"Gray, Thomas, 1716-1771","Walpole, Horace, 1717-1797",1765-12-13,1765,"Cambridge, United Kingdom",
"Walpole, Horace, 1717-1797","Gray, Thomas, 1716-1771",1766-01-25,1766,"Paris, France",
"Gray, Thomas, 1716-1771","Walpole, Horace, 1717-1797",1766-09-24,1766,"Cambridge, United Kingdom","London, United Kingdom"
"Gray, Thomas, 1716-1771","Walpole, Horace, 1717-1797",1767-12-24,1767,"Cambridge, United Kingdom","London, United Kingdom"
"Gray, Thomas, 1716-1771","Walpole, Horace, 1717-1797",1768-02-14,1768,"Cambridge, United Kingdom",
"Walpole, Horace, 1717-1797","Gray, Thomas, 1716-1771",1768-02-18,1768,"London, United Kingdom",
"Gray, Thomas, 1716-1771","Walpole, Horace, 1717-1797",1768-02-25,1768,"Cambridge, United Kingdom",
"Walpole, Horace, 1717-1797","Gray, Thomas, 1716-1771",1768-02-26,1768,"London, United Kingdom",
"Gray, Thomas, 1716-1771","Walpole, Horace, 1717-1797",1768-03-06,1768,"Cambridge, United Kingdom",
"Walpole, Horace, 1717-1797","Gray, Thomas, 1716-1771",1768-03-08,1768,"London, United Kingdom",
"Gray, Thomas, 1716-1771","Walpole, Horace, 1717-1797",1769-04,1769,"London, United Kingdom","London, United Kingdom"
"Gray, Thomas, 1716-1771","Walpole, Horace, 1717-1797",1769-05-26,1769,"Cambridge, United Kingdom","London, United Kingdom"
"Gray, Thomas, 1716-1771","Walpole, Horace, 1717-1797",1770-09-12,1770,"Cambridge, United Kingdom","London, United Kingdom"
"Gray, Thomas, 1716-1771","Walpole, Horace, 1717-1797",1770-09-17,1770,"Cambridge, United Kingdom","London, United Kingdom"
"Gray, Thomas, 1716-1771","Walpole, Horace, 1717-1797",1771-03-17,1771,"Cambridge, United Kingdom",
"Walpole, Horace, 1717-1797","Gray, Thomas, 1716-1771",1771-03-25,1771,"London, United Kingdom","Cambridge, United Kingdom"
"Walpole, Horace, 4th Earl of Orford","Vesey (née Vesey, later Handcock), Elizabeth",,,,
"Walpole, Horace, 4th Earl of Orford","Hamilton, Mary",1783-10-07,1783,Twickenham,
"Walpole, Horace, 4th Earl of Orford","Hamilton, Mary",1784-05-10,1784,,London
"Walpole, Horace, 4th Earl of Orford","Hamilton, Mary",1785-05-09,1785,,
"Walpole, Horace, 4th Earl of Orford","Hamilton, Mary",1785-06-03,1785,,
"Walpole, Horace, 4th Earl of Orford","Hamilton, Mary",1785-07-01,1785,Twickenham,London
"Walpole, Horace, 4th Earl of Orford","Hamilton, Mary",1785-07-19,1785,Twickenham,London
"Walpole, Horace, 4th Earl of Orford","Hamilton, Mary",1785-08-07,1785,,
"Walpole, Horace, 4th Earl of Orford","Delany (née Granville, formerly Pendarves), Mary",1786-11-28,1786,London,Windsor
"Delany (née Granville, formerly Pendarves), Mary","Walpole, Horace, 4th Earl of Orford",1786-11-30,1786,Windsor,London
"Walpole, Horace, 4th Earl of Orford","Hamilton, Mary",1787-12-22,1787,London,
"Walpole, Horace, 4th Earl of Orford","Hamilton, Mary",1788-04-13,1788,,
"Walpole, Horace, 4th Earl of Orford","Hamilton, Mary",1788-05-07,1788,,
"Walpole, Horace, 4th Earl of Orford","Hamilton, Mary",1788-05-15,1788,London,
"Walpole, Horace, 4th Earl of Orford","Hamilton, Mary",1788-06-11,1788,London,
"Walpole, Horace, 4th Earl of Orford","Hamilton, Mary",1788-07-21,1788,,
"Walpole, Horace, 4th Earl of Orford","Hamilton, Mary",1788-09-22,1788,,
"Hamilton, Mary","Walpole, Horace, 4th Earl of Orford",1788-09-22,1788,,
"Walpole, Horace, 4th Earl of Orford","Hamilton, Mary",1789-12-22,1789,London,"Taxal, near Chapel-en-le-Frith"
"Walpole, Horace, 4th Earl of Orford","Hamilton, Mary",1790-08-25,1790,Twickenham,"Taxal, near Chapel-en-le-Frith"
"Kirkgate, Thomas","Hamilton, Mary",1792-03-29,1792,,London
"Kirkgate, Thomas","Hamilton, Mary",1792-03-30,1792,London,London
"Walpole, Horace, 4th Earl of Orford","Hamilton, Mary",1792-04-05,1792,,
"Walpole, Horace, 4th Earl of Orford","Hamilton, Mary",1792-05-08,1792,,
"Walpole, Horace, 4th Earl of Orford","Hamilton, Mary",1795,1795,,
"Walpole, Horace, 4th Earl of Orford","Hamilton, Mary",1795-06-01,1795,,London
