volume,direction,correspondent,date,year
1,to,Richard West,,
1,to,George Montagu,"King's College, May 2, 1736",1736
1,to,George Montagu,,
1,to,George Montagu,"King's College, May 20, 1736",1736
1,to,Richard West,"King's College, Aug. 17, 1736",1736
1,to,George Montagu,"King's College, March 20, 1737",1737
1,to,George Montagu,,
1,to,Richard West,"Paris, April 21, N. S. 1739",1739
1,to,Richard West,"From Paris, 1739",1739
1,to,Richard West,"Rheims', June 18, 1739, N. S",1739
1,to,Richard West,"Rhcims, July 20, 1739",1739
1,to,Richard West,"Sept. 28, 1739, N. S",1739
1,to,Richard West,"Turm, Nov. 11, 1739, N. S",1739
1,to,Richard West,"From Bologna, 1739",1739
1,to,Richard West,"Florence, Jan. 2t, 1710, N. S",
1,to,Richard West,,
1,to,Hon. H. S. Conway,"Florence, March 6, 1740, N. S",1740
1,to,Richard West,"Siena, March 22, 1740, N. S",1740
1,to,Richard West,"Rome, April 16, 1740, N.S",1740
1,to,Hon. H. S. Conway,,
1,to,Richard West,"Rome, May 7, 1740, N. S",1740
1,to,Richard West,"Naples, June 14, 1740, N. S",1740
1,to,Hon. H. S. Conway,"Re di Cofano, vulg. Radicofani, July 5, 1740, N. S",1740
1,to,Richard West,"Florence, July 31, 1740, N. S",1740
1,to,Hon. H. S. Conway,"Florence, September 25, 1740. N. S",1740
1,to,Richard West,"Florence, Oct. 2, 1740, N. S",1740
1,to,Richard West,"From Florence, Nov. 1740",1740
1,to,Hon. H. S. Conway,"Florence, March 25, 1741, N. S",1741
1,to,Richard West,"Reggio, May 10, 1741, N. S",1741
1,to,Hon. H. S. Conway,"London, 1741",1741
1,to,Richard West,"London, May 4, 1742",1742
1,to,Hon. H. S. Conway,"Arlington-street, July 20, 1744",1744
1,to,Hon. H. S. Conway,"Houghton, Oct. 6, 1744",1744
1,to,George Montagu,"Arlington-street, May 18, 1745",1745
1,to,George Montagu,"Arlington-street, May 25, 1745",1745
1,to,Hon. H. S. Conway,"Arlington-street, May 27, 1745",1745
1,to,George Montagu,"Arlington-street, June 26, 1745",1745
1,to,Hon. H. S. Conway,"Arlington-street, July 1, 1745",1745
1,to,George Montagu,"Arlington-street, July 13, 1745",1745
1,to,George Montagu,,
1,to,Rev. Dr. Birch,"Woolterton, 15th [Aug.] 1745",1745
1,to,George Montagu,"Arlington-street, Sept. I7, 1745",1745
1,to,George Montagu,,
1,to,George Montagu,,
1,to,George Montagu,"Arlington-street, June 17, 1746",1746
1,to,George Montagu,"Arlington-street, June 24, 1746",1746
1,to,George Montagu,"Arlington-street, July 3, 1746",1746
1,to,George Montagu,"Arlington-street, Aug. 2, 1746",1746
1,to,George Montagu,"Arlington-street, Aug. 5, 1746",1746
1,to,George Montagu,"Arlington-street, August 11, 1746",1746
1,to,George Montagu,"Arlington-street, August 16, 1746",1746
1,to,Hon. H. S. Conway,"Windsor still,* Oct. 3, 1746",1746
1,to,Hon. H. S. Conway,"Windsor, Oct. 24, 1746",1746
1,to,George Montagu,"Arlington-street, Nov. 3, 1746",1746
1,to,Hon. H. S. Conway,,
1,to,Hon. H. S. Conway,,
1,to,George Montagu,"Arlington-street, July 2, 1747",1747
1,to,George Montagu,"Arlington-street, Oct. 1, 1747",1747
1,to,George Montagu,"May 18, 1748",1748
1,to,George Montagu,"Arlington-street, May 26, 1748",1748
1,to,George Montagu,,
1,to,George Montagu,"Strawberry -hill, August 11, 1748,",1748
1,to,Hon. H. S. Conway,,
1,to,George Montagu,,
1,to,George Montagu,"Strawberry-hill, Sept, 25, 1748",1748
1,to,Hon. H. S. Conway,"Strawberry-hill, Oct. 6, 1748",1748
1,to,George Montagu,"Strawberry-hil], Oct, 20, 1748",1748
1,to,George Montagu,"Arlington-street, May 18, 1740",1740
1,to,George Montagu,"Mistley, July 5, 1749",1749
1,to,George Montagu,"Strawberry-hill, July 20, 1749",1749
1,to,George Montagu,"Strawberry- hill, August 26, 1749",1749
1,to,George Montagu,,
1,to,George Montagu,"Arlington-street, May 15, 1750",1750
1,to,George Montagu,"Arlington- street, June 23, 1750",1750
1,to,George Montagu,"Strawberry-hill, September 10, 1750",1750
1,to,George Montagu,"Arlington-street, May 30, 1751",1751
1,to,George Montagu,"Arlington-street, June 13, 1751",1751
1,to,George Montagu,"Daventry, July 22, 1751",1751
1,to,George Montagu,"Arlington-street, Oct. 8, 1751",1751
1,to,George Montagu,,
1,to,George Montagu,"Arlington-street, May 12, 1752",1752
1,to,George Montagu,"Strawberry-hill, June 6, 1752",1752
1,to,George Montagu,,
1,to,George Montagu,"Strawberry-hill, July 20, 1752",1752
1,to,Richard Bentley,"Battel, Wednesday, August 5, 1152",1752
1,to,George Montagu,"Strawberry-hill, Ar.:j-.'28, 1752",1752
1,to,George Montagu,"Strawberry-hill, May 22, 1 753",1753
1,to,Hon. H. S. Conway,"Strawberry-hill, May 24, 1753",1753
1,to,George Montagu,"Strawberry -hill, June 11, 1753",1753
1,to,George Montagu,"Strawberry.hill, July 17, 1753",1753
1,to,George Montagu,"Strawberry-hill, Aug. 16, 1763",1763
1,to,Richard Bentley,"Arlington-street, September, 1753",1753
1,to,Richard Bentley,"Arlington-street, Dec. 19, 1753",1753
1,to,Richard Bentley,"Arlington-street, March 2, 1754",1754
1,to,Richard Bentley,"Arlington-street, March 6, 1 754",1754
1,to,Richard Bentley,"Arlington-street, March 17, 1754",1754
1,to,George Montagu,"Arlington-street, March 19, 1754",1754
1,to,John Chute,"Arlington-street, April 30, 1754<,",1754
1,to,John Chute,,
1,to,Richard Bentley,"Arlington-street, May 18, 1754",1754
1,to,George Montagu,,
1,to,George Montagu,"Strawberry -hill, Saturday, June 8, 1754",1754
1,to,George Montagu,"Strawberry -hill, June 29, 1754-",1754
1,to,Hon. H. S. Conway,"Strawberry-hill, Saturday, July 6, 1754",1754
1,to,Richard Bentley,"Strawberry-hill, July 9, 1754,",1754
1,to,George Montagu,,
1,to,Richard Bentley,"Strawberry hill, November 3, 1754,",1754
1,to,Richard Bentley,"Arlington-street, November 11, 1754'",1754
1,to,George Montagu,"Arlington-street, Nov. 16, 1754",1754
1,to,Richard Bentley,,
1,to,Richard Bentley,"Arlington-street, Friday, December 13, 1754",1754
1,to,Richard Bentley,"Strawberry-hill, December 2-1, 1754",1754
1,to,George Montagu,"Arlington-street, Jan. 7, 1755",1755
1,to,Richard Bentley,"Arlington-street, January 9, 1755",1755
1,to,Richard Bentley,"Arlington-street, Feb, 23, 1755",1755
1,to,Richard Bentley,"Arlington- street, March 27, 1755,",1755
1,to,Richard Bentley,"Strawberry-hill, April 13, 1755",1755
1,to,Richard Bentley,"Arlington-street, April 24, 1755",1755
1,to,George Montagu,,
1,to,Richard Bentley,"Arlington-street, May 6, 1755",1755
1,to,George Montagu,"Arlington-street, May 13, 1755",1755
1,to,George Montagu,,
1,to,Richard Bentley,"Strawberry-hill, June 10, 1755",1755
1,to,Richard Bentley,"Strawberry-hill, July -5, 1755",1755
1,to,Richard Bentley,"Strawberry-hill, July 17, 1755",1755
1,to,George Montagu,"Strawberry- hill, July 17, 1755",1755
1,to,George Montagu,"Strawberry-hill, July 26, 1755",1755
1,to,Richard Bentley,"Strawberry -hill, August 4, 1755, between 11 and",1755
1,to,Richard Bentley,"Strawberry-hill, August 15, 1735",1735
1,to,Richard Bentley,"Arlington-street, August 28, l755",1755
1,to,Richard Bentley,"Strawberry-liill, September 18, 1755",1755
1,to,Hon. H. S. Conway,"Strawberry-hill, Sept. 23, 1755",1755
1,to,Richard Bentley,"Arlington-street, September 30, 1755",1755
1,to,George Montagu,,
1,to,Richard Bentley,"Arlington-street, Oct. 19, 1155",1755
1,to,Richard Bentley,"Strawberry-hill, October 31, 1755",1755
1,to,George Montagu,"Strawberry-hill, Nov. 8, 1755",1755
1,to,Hon. H. S. Conway,"Arlington-street, Nov. 15, 1755",1755
1,to,Richard Bentley,"Arlington-street, November 16, 1755,",1755
1,to,George Montagu,"Arlington-street, November 25, 1755",1755
1,to,Richard Bentley,"Arlington-street, December 17, 1755",1755
1,to,George Montagu,"Arlington-street, Dec. 20, 1755",1755
1,to,George Montagu,"Arlington-street, Dec. 30, 1755",1755
1,to,Richard Bentley,"Strawberry-hill, January 6, 1 756,",1756
1,to,Hon. H. S. Conway,,
1,to,Hon. H. S. Conway,"Arlington-street, Feb. 12, 1756",1756
1,to,Hon. H. S. Conway,"Arlington-street, March 4, 1756,",1756
1,to,Hon. H. S. Conway,"Strawberry -hill, April IG, 1756",1756
1,to,George Montagu,"Arlington-street, April 20, 1756",1756
1,to,George Montagu,"Arlington-street, May 19, 1756",1756
1,to,Earl of Strafford,"Strawberry-hil], June 6, 1756",1756
1,to,George Montagu,,
1,to,George Montagu,"Strawberry-hill, July 12, 1756",1756
2,to,Richard Bentley,,
2,to,George Montagu,"Arlington-street, August 28, 1756",1756
2,to,George Montagu,"Strawberry-hill, October 14, 1756",1756
2,to,George Montagu,,
2,to,George Montagu,"Arlington-street, Oct. 28, 1756",1756
2,to,George Montagu,"Arlington-street, Nov. 6, 1756",1756
2,to,George Montagu,"Arlington -street, Nov. 25, 1756",1756
2,to,George Montagu,"May 27, 1757",1757
2,to,George Montagu,"Arlington-street, June 2, 1757",1757
2,to,Earl of Strafford,"Strawberry-hill, July 4-, 1757",1757
2,to,John Chute,"Strawberry-hill, July 12, 1757",1757
2,to,George Montagu,"Strawberry-hill, July 16, 1757",1757
2,to,George Montagu,,
2,to,John Chute,"Strawberry-hill, July 26, 1757",1757
2,to,George Montagu,"Strawberry-hill, August 4, 1757",1757
2,to,George Montagu,"Strawberry-hill, August 25, 1757",1757
2,to,George Montagu,"Strawberry -hill, Sept. 8, 1757",1757
2,to,Lady Hervey,"Strawberry -hill, September 13, 1757",1757
2,to,George Montagu,,
2,to,Earl of Strafford,"Strawberry-hill, October 11, 1757",1757
2,to,Hon. H. S. Conway,"Strawberry-hill, October 13, 1757",1757
2,to,George Montagu,"Arlington-street, Oct. 18, 1757",1757
2,to,George Montagu,,
2,to,George Montagu,"Dec. 23, 1757",1757
2,to,Rev. Dr. Birch,"Arlington-street, May 4, 1758",1758
2,to,George Montagu,"Arlington-street, May 4, 1758",1758
2,to,Hon. H. S. Conway,"Arlington-street, June 4, 1758",1758
2,to,Hon. H. S. Conway,"June 16, 1758, 2 o'clock noon",1758
2,to,Earl of Strafford,"Arlington-street, June 16, 1758",1758
2,to,"JOHN CHUTH, Esq","Strawberry-hilJ, June 29, 1758",1758
2,to,George Montagu,"Strawberry-hill, July 6, l758",1758
2,to,Rev. Dr. Birch,"Arlington-street, July 8, 1758",1758
2,to,Hon. H. S. Conway,"Strawberry-hill, July 21, 1758",1758
2,to,George Montagu,"Strawberry-hill, Aug. 20, 1758",1758
2,to,Hon. H. S. Conway,"Strawberry-hill, Sept. 2, 1758",1758
2,to,George Montagu,"Arlington-street, Oct. S, 1758",1758
2,to,Lady Hervey,"Arlington-street, Oct. 17, 1758",1758
2,to,George Montagu,"Arlington-street, Oct. 24, 1758",1758
2,to,George Montagu,"Arlington-street, Nov. 26, 1758",1758
2,to,George Montagu,"Arlington-street, Dec. 26, 1758",1758
2,to,Hon. H. S. Conway,"Arlington-street, Jan. 19, 1759",1759
2,to,Hon. H. S. Conway,"Arlington-street, January 28, 1759",1759
2,to,Lady Hervey,"Feb. 20, 1759",1759
2,to,George Montagu,"Arlington-street, April 26, 1759",1759
2,to,George Montagu,"Arlington-street, May 16, 1759",1759
2,to,George Montagu,"June 2, 1759",1759
2,to,Earl of Strafford,"Strawberry-hill, June 12, 1759",1759
2,to,George Montagu,"Strawberry-hill, June 23, 1759",1759
2,to,George Montagu,"Strawberry-hill, July 19, 1759",1759
2,to,George Montagu,"Arlington-street, July 26, 1759",1759
2,to,George Montagu,"Strawberry-hill, Aug. 9, 1759",1759
2,to,Earl of Strafford,"Strawberry-hill, Thursday, 3 o'clock, August 9, 1759",1759
2,to,Earl of Strafford,"Arlington-street, September 13, 1759",1759
2,to,George Montagu,"Strawberry-hill, Saturday, October 11, l759",1759
2,to,Hon. H. S. Conway,"Strawberry-hill, Oct. 18, 1759",1759
2,to,George Montagu,"Strawberry-hill, October 21, 1759",1759
2,to,Earl of Strafford,"Strawberry-hill, Oct. 30, 1759",1759
2,to,Lady Hervey,,
2,to,George Montagu,"Arlington-street, Nov. 8, 1759",1759
2,to,George Montagu,"Arlington-street, Nov. 17, 1759",1759
2,to,George Montagu,"Strawberry-hill, Dec. 23, 1759",1759
2,to,George Montagu,"Arlington-street, January 7, 1760",1760
2,to,Lady Hervey,"Jan. 12, 1760",1760
2,to,George Montagu,"Arlington-street, Jan. 14, 1760",1760
2,to,George Montagu,"Arlington-street, Jan. 28, 1760",1760
2,to,George Montagu,"Arlington-street, March 27, 1760,",1760
2,to,George Montagu,"Arlington-street, April 19, 1760",1760
2,to,George Montagu,"Arlington-street, May. 6, 1760",1760
2,to,Earl of Strafford,"Strawberry-hill, June 7, 1760",1760
2,to,Hon. H. S. Conway,"Strawberry-hill, June 28, 1 760,",1760
2,to,George Montagu,"Strawberry-hill, July 4, 1760",1760
2,to,George Montagu,"Strawberry-hill, July 19, 1760",1760
2,to,George Montagu,"Strawberry-hill, July 20, 1760",1760
2,to,Earl of Strafford,"Strawberry-hill, August 7, 1760",1760
2,to,Hon. H. S. Conway,"Strawberry-hill, August 7, 1760",1760
2,to,Countess of Ailesbury,,
2,to,George Montagu,"Arlington-street, September 1, 1760",1760
2,to,Earl of Strafford,"Strawberry-hill, September 4, 1760",1760
2,to,Hon. H. S. Conway,"Strawberry-hill, September 19, 1760",1760
2,to,Hon. H. S. Conway,,
2,to,George Montagu,"Strawberry-hil), October 2, 1760",1760
2,to,George Montagu,"Strawberry -hill, October 14, 1760",1760
2,to,George Montagu,"Arlington-street, October 25, 1760",1760
2,to,Earl of Strafford,"Arlington-street, October 26, 1760",1760
2,to,George Montagu,,
2,to,George Montagu,"Arlington-street, October 31, 1760",1760
2,to,George Montagu,"Arlington-street, November 4, 1760",1760
2,to,George Montagu,"Arlington-street, November 13, 1760",1760
2,to,George Montagu,"Strawberry-hill, Monday, November 24, 1760",1760
2,to,George Montagu,"Arlin^on-street, Dec, 11, 1760",1760
2,to,George Montagu,"• Arlington-street, Feb. 7, 1761",1761
2,to,Hon. H. S. Conway,"Monday, five o'clock, Feb. 1761",1761
2,to,George Montagu,"Arlington-street, March 7, 1761",1761
2,to,George Montagu,,
2,to,George Montagu,"March 21, 1761",1761
2,to,George Montagu,"Houghton, March 25, 1761",1761
2,to,Hon. H. S. Conway,"Arlington-street, April lo, 1761",1761
2,to,George Montagu,"Arlington-street, April 16, 1761",1761
2,to,George Montagu,"Arlington-street, April 28, 1761",1761
2,to,George Montagu,"Arlington-street, May 5, 1761",1761
2,to,George Montagu,"Strawberry -hill, May 14, 1761",1761
2,to,Countess of Ailesbury,"Strawberry-hill, June 13, 1761",1761
2,to,George Montagu,"Strawberry-hill, June 18, 1761",1761
2,to,George Montagu,"Strawberry-liill, July 5, 1761",1761
2,to,Earl of Strafford,"Strawberry-hill, July 5, 1761",1761
2,to,Hon. H. S. Conway,,
2,to,George Montagu,"Strawberry-hill, Friday night, July 16, 1761",1761
2,to,Countess of Ailesbury,"Strawberry-hill, July 20, 1761",1761
2,to,Earl of Strafford,"Strawberry. hill, July 22, 1761",1761
2,to,George Montagu,"Strawberry- hill, July 22, 1761",1761
2,to,Hon. H. S. Conway,"Strawberry-hi'll, July 23, 1761",1761
2,to,George Montagu,"Arlington- street, July 28, 1761",1761
2,to,Hon. H. S. Conway,,
2,to,George Montagu,"Strawberry-hill, Aug. 20, 1761",1761
2,to,Earl of Strafford,,
2,to,Hon. H. S. Conway,"Arlington-street, Sept. 9, 1761",1761
2,to,George Montagu,"Arlington-street, Sept. 24, 1761",1761
2,to,Hon. H. S. Conway,"Arlington-street, Sept. 25, 1761",1761
2,to,Countess of Ailesbury,"Strawberry-hill, September 27, 1761",1761
2,to,George Montagu,"Arlington-street, Oct. 8, 1761",1761
2,to,George Montagu,"Strawberry-hill, Oct. 10, 1761",1761
2,to,Countess of Ailesbury,"Strawberry-hill, Oct. 10, 1761",1761
2,to,Hon. H. S. Conway,"Arlington-street, October 1?, 1761",1761
2,to,George Montagu,"Strawberry-hill, October 24, 1761",1761
2,to,Hon. H. S. Conway,"Strawberry-hill, October 26, 1761",1761
2,to,George Montagu,"Arlington- street, November 7, 1 76 1",1761
2,to,George Montagu,"Arlington-street, November 28, 1761",1761
2,to,Countess of Ailesbury,"Arlington-street, Nov. 28, 1761",1761
2,to,George Montagu,"Arlington-street, Dec. 8, 1761",1761
2,to,George Montagu,"Arlington-street, Dec. 23, 1761. Past midnight",1761
2,to,George Montagu,"Arlington-street, Dec. 30, 1761",1761
2,to,George Montagu,"Arlington-street, Jan. 26, 1762",1762
2,to,George Montagu,"Arlington-street, Feb. 2, 1762",1762
2,to,George Montagu,"Arlington-street, Feb. 6, 1762",1762
2,to,Rev. Mr. Cole,,
2,to,George Montagu,"Arlington-street, Feb. 22, 1762",1762
2,to,George Montagu,"Arlington-street, Feb. 25, 1762",1762
2,to,Countess of Ailesbury,"Strawberry-hill, March 5, 1762",1762
2,to,George Montagu,"Arlington-street, March 9, 1762,",1762
2,to,George Montagu,"Arlington-street, March 22, 1762",1762
2,to,George Montagu,"Arliugton-street, April 29, 1762",1762
2,to,George Montagu,"Arlington-street, May 14, 1762",1762
2,to,Rev. Mr. Cole,"Strawberry-hill, May 20, 1762",1762
2,to,George Montagu,"Strawberry-hill, May 25, 1762",1762
2,to,George Montagu,,
2,to,George Montagu,"Strawberry-hill, Junes, 1762,",1762
2,to,Rev. Mr. Cole,"Strawberry-hill, July 29, 1762",1762
2,to,Countess of Ailesbury,"Strawberry- hill, July 31, 1762",1762
2,to,Earl of Strafford,"Strawberry -hill, August 5, 1762",1762
2,to,Rev. Mr. Cole,"Strawberry-hill, Aug. 5, 1762",1762
2,to,George Montagu,"Strawberry-hill, August 10, 1762",1762
2,to,Rev. Mr. Cole,"Strawberry-hill, August 19, 1762. *",1762
2,to,Hon. H. S. Conway,"Strawberry-hill, Sept. 9, 1762",1762
2,to,George Montagu,"Strawberry-hill, September 24"", 1762",1762
2,to,Hon. H. S. Conway,"Strawberry-hill, September 28, 1762",1762
2,to,Rev. Mr. Cole,"Strawberry-hill, Sept. 30, 1762",1762
2,to,Lady Hervey,"Strawberry -hill, October 1, 1762",1762
2,to,Hon. H. S. Conway,"Arlington-street, October 4-, 1762",1762
2,to,George Montagu,"Strawberry-hill, October 14, 1762",1762
2,to,Hon. H. S. Conway,"Strawberry-hill, October 29, 1762",1762
2,to,Lady Hervey,"Strawberry-hill, Oct. 31, 1762",1762
2,to,George Montagu,,
2,to,Rev. Mr. Cole,"Strawberry-hill, Nov. 13, 1762",1762
2,to,George Montagu,,
2,to,Rev. Mr. Cole,"Arlington-street, Dec. 23, 1762",1762
2,to,Hon. H. S. Conway,"Strawberry-hill, February 28, 1763",1763
2,to,George Montagu,"Arlington-street, March 29, 1763",1763
2,to,George Montagu,"Arlington -street, April 6, 1763",1763
2,to,George Montagu,,
2,to,George Montagu,"Strawberry -hill, April U, 1763",1763
2,to,George Montagu,"Arlington-street, April 22, 1763",1763
2,to,Hon. H. S. Conway,"Strawberry-hill, May ], 1763",1763
2,to,Hon. H. S. Conway,"Arlington- street, May 6, very late, 1763",1763
2,to,Rev. Mr. Cole,"Strawberry -hill. May 16, 1763",1763
2,to,George Montagu,"Strawberry-hill, May 17, 1763",1763
2,to,Hon. H. S. Conway,"Arlington-street, May 21, 1763",1763
2,to,Hon. H. S. Conway,,
2,to,George Montagu,"Huntingdon, May 30, 1763",1763
2,to,George Montagu,"Strawberry-hill, June 16, 1763",1763
2,to,George Montagu,"Strawberry-hill, July 1, 1763",1763
2,to,Rev. Mr. Cole,"Strawberry-hill, July 1, 1763",1763
2,to,Rev. Mr. Cole,"Strawberry-hill, July 12, 1763",1763
2,to,George Montagu,"Stamford, Saturday night, July 23, 1763",1763
2,to,George Montagu,,
2,to,Rev. Mr. Cole,,
2,to,Rev. Mr. Cole,"Strawberry-hill, Aug. 8, 1763",1763
2,to,Hon. H. S. CONV^^AY,"Strawberry-hill, Aug. 9, 1763",1763
2,to,George Montagu,"Strawberry-hill, August 15, 1763",1763
2,to,George Montagu,"Strawberry-hill, Sept. 3, 1763",1763
2,to,George Montagu,"Strawberry-hill, Sept. 7, 1763",1763
2,to,George Montagu,"Strawberry-hill, Oct. 3, 1763",1763
2,to,Rev. Mr. Cole,"Strawberry-hill, October 8, 1763,",1763
2,to,George Montagu,"Strawberry-hill, November 12, 1763",1763
2,to,George Montagu,"Arlington-street, Nov. 20, 1763",1763
2,to,George Montagu,"Arlington-street, Jan. 11,1764",1764
2,to,Rev. Mr. Cole,"Arlington-street, Jan. 31, 1764<",1764
2,to,Rev. Mr. Cole,,
2,to,Rev. Mr. Cole,"Arlington-street, April 12, 1764",1764
2,to,Hon. H. S. Conway,"Arlington-street, April 19, 1764",1764
2,to,Hon. H. S. Conway,"April 21, 1764",1764
2,to,Hon. H. S. Conway,"Ai'lington- street, April S-i, 1764",1764
2,to,George Montagu,"Arlington-street, May 10, 1764'",1764
2,to,Hon. H. S. Conway,"Arlington-street, June .5, 1764",1764
2,to,George Montagu,"Strawberry-hill, June 18, 1764-",1764
2,to,George Montagu,"Strawberry-hill, July 16, 1764",1764
2,to,Rev. Mr. Cole,"Strawberry-hill, July 16, 1764",1764
2,to,Rev. Mr. Cole,"Arlington-street, July 21, 1764",1764
2,to,George Montagu,"Arlington-street, Aug. 16, 1764",1764
2,to,Rev. Mr. Cole,"Strawberry-hill, August 29, 1764",1764
2,to,Hon. H. S. Conway,"September 1, 1764",1764
2,to,Rev. Dr. Birch,"September 3, 1764",1764
2,to,Rev. Mr. Cole,"Strawberry-hill, September 25, 1764<",1764
3,to,Hon. H. S. Conway,"Strawberry-hill, October 13, 1764,",1764
3,to,Rev. Mr. Cole,"Strawberry-hill, October 27, 1764",1764
3,to,Hon. H. S. Conway,"Strawberry-hill, October 29, 1764-",1764
3,to,Rev. Mr. Cole,,
3,to,Rev. Mr. Cole,"Strawberry-hill, Nov. 8, 1764",1764
3,to,Lady Hervey,,
3,to,George Montagu,"Arlington-street, Dec. 16, 1764'",1764
3,to,George Montagu,"Christmas-eve, 1764?",1764
3,to,George Montagu,"Arlington-street, Feb. 19, 1765",1765
3,to,Rev. Mr. Cole,"Strawberry-hill, Feb. 28, 1765",1765
3,to,Rev. Mr. Cole,"Strawberry-hill, March 9, 1765",1765
3,to,George Montagu,"Arlington-street, April 5, 1765,",1765
3,to,George Montagu,"Strawberry -hill, May 26, 1765",1765
3,to,George Montagu,"Strawberry-hill, June lO, 1765",1765
3,to,George Montagu,,
3,to,Hon. H. S. Conway,"Wednesday noon, July 3, 1 765",1765
3,to,George Montagu,"Arlington-street, July 11, 1765",1765
3,to,George Montagu,"Strawberry-hill, July 28, 1765",1765
3,to,George Montagu,"Strawberry-hill, August 23, 1765",1765
3,to,George Montagu,"Saturday, Aug. 31, 1765, Strawberry-hill",1765
3,to,Earl of Strafford,"Arlington-street, September 3, 1765",1765
3,to,Lady Hervey,"Arlington-street, September 3, 1765",1765
3,to,Rev. Mr. Cole,"Strawberry -hill, Sept. 5, 1765",1765
3,to,Hon. H. S. Conway,"Amiens, Wednesday, Sept. 11, 1765",1765
3,to,Lady Hervey,"Paris, September 1 4, 1 765",1765
3,to,Rev. Mr. Cole,"?aris, Wednesday, Sept. 18, 1765,",1765
3,to,George Montagu,"Paris, Sept. 22, 1765",1765
3,to,Lady Hervey,"Paris, Oct. 3, 1765",1765
3,to,John Chute,"Paris, Oct. 3, 1765",1765
3,to,Hon. H. S. Conway,"Paris, Oct. 6, 1765",1765
3,to,Lady Hervey,,
3,to,George Montagu,"Paris, Oct. 16, 1765",1765
3,to,"THOMAS BRAND, Esq",,
3,to,Hon. H. S. Conway,"Paris, Oct. 28, 1765",1765
3,to,Lady Hervey,"Paris, Nov. 21, 1765",1765
3,to,George Montagu,"Paris, Nov. 21, 1765",1765
3,to,Lady Hervey,"Paris, Nov. 28, 1765",1765
3,to,Hon. H. S. Conway,"Paris, Nov. 29, 1765",1765
3,to,Hon. H. S. Conway,"Paris, December 5, 1765",1765
3,to,Lady Hervey,"Paris, January 2, 1766",1766
3,to,John Chute,"Paris, Jan. 1766",1766
3,to,George Montagu,"Paris, January 5"", 1766",1766
3,to,Lady Hervey,,
3,to,Hon. H. S. Conway,"Paris, January 12, 1766",1766
3,to,Rev. Mr. Cole,"Paris, Jan. 18, 1766",1766
3,to,Lady Hervey,"Paris, Feb. 3, 1766",1766
3,to,George Montagu,"Paris, Feb. 4, 1766",1766
3,to,George Montagu,,
3,to,Rev. Mr. Cole,"Paris, Feb. 28, 1766",1766
3,to,George Montagu,"Paris, March 3, 1766",1766
3,to,Lady Hervey,"Paris, March 10, 1766",1766
3,to,George Montagu,,
3,to,George Montagu,"Paris, March 21, 1766",1766
3,to,George Montagu,"Paris, April 3, 1766",1766
3,to,Hon. H. S. Conway,"Paris, April 6, 1766",1766
3,to,Hon. H. S. Conway,"Paris, April 8, 1766",1766
3,to,Rev. Mr. Cole,"Arlington-street, May 10, 1766",1766
3,to,Rev. Mr. Cole,,
3,to,Rev. Mr. Cole,"Arlington-street, May 13, 1766",1766
3,to,George Montagu,"Strawberry -hill, May 23, 1766",1766
3,to,George Montagu,"Strawberry-hill, June 20, 1766",1766
3,to,Lady Hervey,"Strawberry -hill, June 28, 1766",1766
3,to,George Montagu,"Arlington-street, July 10, 1766",1766
3,to,George Montagu,"Arlington-street, July 21, 1766",1766
3,to,Rev. Mr. Cole,"Arlington-street, Sept. 18, 1766",1766
3,to,George Montagu,"Strawberry-hill, Sept. 23, 1766",1766
3,to,Hon. H. S. Conway,"Bath, October 2, 1766",1766
3,to,George Montagu,"Bath, October 5, 1766,",1766
3,to,John Chute,"Bath, October 10, 1766",1766
3,to,George Montagu,"Bath, October 18, 1766",1766
3,to,Hon. H. S. Conway,"Bath, October 18, 1766",1766
3,to,George Montagu,"Strawberry -hill, Oct. 22, l766",1766
3,to,"DAVID HUME, Esq,","Nov. 6, 1766",1766
3,to,"DAVID HUME, Esq","Arlington-street, Nov. 11, 1766",1766
3,to,George Montagu,"Strawberry -hill, Dec. 12, 1766",1766
3,to,George Montagu,"Arlington-street, Dec, 16, 1766",1766
3,to,George Montagu,"Tuesday, Jan. 13, 1767",1767
3,to,Earl of Strafford,"Strawberry-hill, July 29, 1767",1767
3,to,George Montagu,"Arlington-street, July 31, 1767",1767
3,to,George Montagu,"Friday, Aug. 7, 1767-",1767
3,to,Rev. Mr. Cole,"Arlington-street, Oct. 24, 1767",1767
3,to,George Montagu,"Strawberry-hill, Sunday, Nov. 1, 1767. -",1767
3,to,Rev. Mr. Cole,"Strawberry-hill, Dec. 19, 1767",1767
3,to,Rev. Mr. Cole,"Arlington-street, Feb.«l, 1768",1768
3,to,George Montagu,"Arlington-street, March 12, 1768",1768
3,to,George Montagu,"Strawberry-hill, April 15, 1768",1768
3,to,Rev. Mr. Cole,"Strawberry-hill, April 16, 1768",1768
3,to,Rev. Mr. Cole,"Strawberry-hill, June 6, 1768",1768
3,to,George Montagu,"Strawberry-hill, June 16, 1768",1768
3,to,Earl of Strafford,"Strawberry-hill, June 25, 1768",1768
3,to,Hon. H. S. Conway,"Strawberry-hill, August 9, 1 768",1768
3,to,George Montagu,"Arlington-street, Aug. 13, 1768",1768
3,to,Earl of Strafford,"Strawberry- hill, Aug. 16, 1768",1768
3,to,Rev. Mr. Cole,"Strawberry-hill, Aug. 20, 1768",1768
3,to,Earl of Strafford,"Strawberry-hill, Monday, Oct. 10, 1768",1768
3,to,George Montagu,"Arlington-street, Nov. 10, 1768,",1768
3,to,George Montagu,"Arlington- street, Not. 15, 1768,",1768
3,to,George Montagu,"Arlington-street, Dec. 1, 1768",1768
3,to,George Montagu,"Strawberry-hill, Sunday, March 26, 1769",1769
3,to,George Montagu,"Arlington-street, April 15, 1769",1769
3,to,George Montagu,"Arlington-street, May 11, 1769",1769
3,to,Rev. Mr. Cole,"Arlington-street, May 27, 1769",1769
3,to,Rev. Mr. Cole,"Strawberry-hill, June 14-, 1769",1769
3,to,Rev. Mr. Cole,,
3,to,Earl of Strafford,"Arlington-street, July 3, 1769",1769
3,to,Hon. H. S. Conway,"Strawberry-hill, Friday, July 7, 1769",1769
3,to,Rev. Mr. Cole,"Strawberry-hill, July 15, 1769",1769
3,to,Rev. Mr. Cole,"Strawberry-hill, Aug. 12, 1769",1769
3,to,George Montagu,"August 18, 1769",1769
3,to,John Chute,"Paris, August 30, 1769",1769
3,to,George Montagu,"Paris, Sept. 7, 1769",1769
3,to,Earl of Strafford,,
3,to,George Montagu,"Paris, Sunday night, Sept. 17, 1769",1769
3,to,George Montagu,"Arlington-street, Oct. 13, 1769",1769
3,to,George Montagu,"Strawberry-hill, Oct. 16, 1769",1769
3,to,Hon. H. S. Conway,,
3,to,Rev. Mr. Cole,"Arlington-street, Dec. 14, 1769",1769
3,to,George Montagu,"Arlington-street, Dee. 14, 1769",1769
3,to,George Montagu,"Arlington-street, March 31, 1770,",1770
3,to,George Montagu,"Strawberry-hill, May 6, 1770",1770
3,to,George Montagu,,
3,to,George Montagu,"Strawberry-hill, June 29, 1770",1770
3,to,George Montagu,"Adderbury, Sunday night, July 1, 1770",1770
3,to,George Montagu,"Strawberry-hill, Saturday night, July 7, 1770",1770
3,to,Earl of Strafford,"Strawberry-hill, July 9, 1770",1770
3,to,Hon. H. S. Conway,"Arlington-street, July 12, 1770",1770
3,to,George Montagu,"Strawberry-hill, July 14, 1770",1770
3,to,George Montagu,,
3,to,George Montagu,"Strawberry -hill, Oct. 3, 1770",1770
3,to,George Montagu,"Arlington-street, Oct. 16, 1770",1770
3,to,Earl of Strafford,"Arlington-street, Oct. 16, 1770",1770
3,to,Rev. Mr. Cole,"Arlington-street, Nov. 15, 1770",1770
3,to,Rev. Mr. Cole,"Arlington-street, Nov. 20, 1770",1770
3,to,Rev. Mr. Cole,"Arlington-street, Dec. 20th, 1770",1770
3,to,Hon. H. S. Conway,,
3,to,Hon. H. S. Conway,"Arlington-street, Dec. 29, 1770",1770
3,to,Rev. Mr. Cole,"Arlington-street, May 29, 1771",1771
3,to,Rev. Mr. Cole,"Arlington-street, June 11, 1771",1771
3,to,Earl of Strafford,"Strawberry-hill, June 20, 1771",1771
3,to,Rev. Mr. Cole,"Arlington-street, June 22, 1771",1771
3,to,John Chute,"Amiens, Tuesday evening, July 9, 1771",1771
3,to,Hon. H. S. Conway,"Paris, July 30, 1771",1771
3,to,John Chute,"Paris, August 5, 1771",1771
3,to,Hon. H. S. Conway,"Paris, August 11, 1771",1771
3,to,Rev. Mr. Cole,"Paris, August 12, 1771",1771
3,to,Earl of Strafford,"Paris, August 25, 1771",1771
3,to,Hon. H. S. Conway,"Arlington-street, Sept. 7, 1771",1771
3,to,Rev. Mr. Cole,"Strawberry-hill, Sept. 10, 1771",1771
3,to,Rev. Mr. Cole,"Strawberry-hill, Oct. 12, 1771",1771
3,to,Rev. Mr. Cole,"Strawberry-hill, Oct. 23, 1771",1771
3,to,Hon. H. S. Conway,"Late Strawberry -hill, January Y, 1 772",1772
3,to,Rev. Mr. Cole,"Arlington-street, Jan. 28, 1772",1772
3,to,Rev. Mr. Cole,"Arlington-street, June 9, 1772",1772
3,to,Rev. Mr. Cole,"Strawberry-hill, June 17, 1772",1772
3,to,Hon. H. S. Conway,"Strawberry-hill, Monday, June 22, 1772",1772
3,to,Rev. Mr. Cole,"June 28, 1772",1772
3,to,Rev. Mr. Cole,"Strawberry-hill, July 7, 1772",1772
3,to,Rev. Mr. Cole,"Strawberry-hill, July 28, 1772,",1772
3,to,Rev. Mr. Cole,"Strawberry-hill, August 25, 1772",1772
3,to,Rev. Mr. Cole,"Straw berry -hill, Aug. 28, 1772",1772
3,to,Rev. Mr. Cole,"Strawberry-hill, Nov. 7th, 1772",1772
3,to,Rev. Mr. Cole,,
3,to,Countess of Ailesbury,"Arlington-street, Dec. 29, 1772",1772
3,to,Rev. Mr. Cole,"Arlington-street, Jan. S, 1773",1773
3,to,Rev. Mr. Cole,,
3,to,Rev. Mr. Cole,"Arlington-street, April 27, 1773",1773
3,to,Rev. Mr. Cole,"Arlington-street, May 4, 1773i",1773
3,to,Rev. Mr. Cole,"Arlington-street, May 29, 1773",1773
3,to,Hon. H. S. Conway,"Arlington-street, August 30, 1773",1773
3,to,Earl of Strafford,"Strawberry-hill, Sept 24, l773",1773
3,to,Earl of Strafford,"Arlington-street, Nov. 15, 1773",1773
3,to,Rev. Mr. Cole,"Arlington-street, May 4, 1774",1774
3,to,Rev. Mr. Cole,"Stravrberry-hill, May 28, 1774",1774
3,to,Rev. Mr. Cole,"Strawberry-hill, Jun6 21, 1774",1774
3,to,Rev. Mr. Cole,,
3,to,Hon. H. S. Conway,"Strawberry-hill, June 23, 1774",1774
3,to,Hon. H. S. Conway,"Strawberry-hill, August 18, 1774",1774
3,to,Hon. H. S. Conway,"Strawberry-hill, Sept. 7, 1774'",1774
3,to,Hon. H. S. Conway,"Strawberry-hill, Sept. 27, 1774",1774
3,to,Hon. H. S. Conway,"Strawberry-hill, Sept. 28, 1774",1774
3,to,Rev. Mr. Cole,"Strawberry-hill, Oct. 11, 1774-",1774
3,to,Hon. H. S. Conway,"Strawberry-hill, Sunday, October 16, 1774",1774
3,to,Hon. H. S. Conway,"Strawberry-hill, October 29, 1774",1774
3,to,Countess of Ailesbury,"Strawberry-hill, Nov. 7, 1774,",1774
3,to,Earl of Strafford,"Strawberry -hill, Nov. 11, 1774",1774
3,to,Hon. H. S. Conway,"Strawberry -hill, Nov. l2, 1774",1774
3,to,Hon. H. S. Conway,"Arlington-street, Nov. 27, 1774",1774
3,to,Hon. H. S. Conway,"Arlington-street, Dec, 15, 1774",1774
3,to,Hon. H. S. Conway,"Arlington-street, Dec. 26, 1774",1774
3,to,Hon. H. S. Conway,"Arlington-street, Dec. 31, 1774",1774
3,to,Rev. Mr. Cole,"Arlington-street, Jan. 9, 1775",1775
4,to,Hon. H. S. Conway,"Arlington-street, Jan. 15, 1775",1775
4,to,Rev. Mr. Cole,"Arlington-street, April 11, 1775",1775
4,to,Rev. Mr. Cole,"Arlington-street, April 25, 1775",1775
4,to,Rev. Mr. Cole,Strawberry •hilly June 5^ 1776,1776
4,to,Hon. H. S. Conway,"Strawberry-hill, July 9, 1775",1775
4,to,Countess of Ailesbury,"From t'other side of the water, August 17, 1775",1775
4,to,Countess of Ailesbury,"Paris, August 20, 1775",1775
4,to,Hon. H. S. Conway,"Paris, Sept. 8, 1775",1775
4,to,Hon. H. S. Conway,"Paris, Oct. 6, 1775",1775
4,to,Rev. Mr. Cole,"Strawberry-hill, Dec. 10, 1775",1775
4,to,Countess of Ailesbury,"Arlington-street, Dec. 12, 1775",1775
4,to,Rev. Mr. Cole,"Arlington-street, Dec. I4th, 1775",1775
4,to,Rev. Mr. Cole,,
4,to,Rev. Mr. Cole,"Arlington-Street, March J, 1776. ",1776
4,to,Rev. Mr. Cole,"Strawberry-hill, June 1, 1776",1776
4,to,Rev. Mr. Cole,"April 16th, 1776. ",1776
4,to,Rev. Mr. Cole,"Strawberry-hill, June 1, 1776",1776
4,to,Rev. Mr. Cole,"Strawberry-hill, June 11th, 1776",1776
4,to,Hon. H. S. Conway,"Strawberry-hill, June SO, 1776",1776
4,to,Rev. Mr. Cole,"July 2Sd, 1776",1776
4,to,Rev. Mr. Cole,"Strawberry-hill, July 24th, ITTC",1776
4,to,Hon. H. S. Conway,,
4,to,Rev. Mr. Cole,"Strawberry-hill, Aug. 19, 1776",1776
4,to,Rev. Mr. Cole,"Strawberry-hill^ Sept. 9, 1776",1776
4,to,Earl of Strafford,"Strawberry-hill, Not. 2, 1776-",1776
4,to,Rev. Mr. Cole,Strawberry-hilly Ded. 9| 1776,1776
4,to,Rev. Mr. Cole,"Arlington-Street, Feb. 20, 1777",1777
4,to,Rev. Mr. Cole,"Feb. 27, 1777",1777
4,to,Rev. Mr. Cole,"Arlington-street, May 22, 1777*",1777
4,to,Rev. Mr. Cole,"May 28, 1777",1777
4,to,Rev. Mr. Cole,"Strawberry-hill, June 19, 1777",1777
4,to,Hon. H. S. Conway,"Strawberry-hill, July 10, 1777",1777
4,to,Rev. Mr. Cole,"Strawberry-hilly Aug. 31, 1777",1777
4,to,Rev. Mr. Cole,"Strawberry-hill, Sept. 16, 1777",1777
4,to,Rev. Mr. Cole,"Strawbenry^im, S^t. 2% 1777",1777
4,to,Hon. H. S. Conway,"October 5, 1777",1777
4,to,Rev. Mr. Cole,"Stravberry-hill, Oct 19, 1777*",1777
4,to,Rev. Mr. Cole,"Arlington-street, March SI, 1778",1778
4,to,Rev. Mr. Cole,"Strawberry -hill, June S» 1778",1778
4,to,Rev. Mr. Cole,"Strawberry-hill, June 10, 1778,",1778
4,to,Countess of Ailesbury,"Strawberry-hilly June 25, 1778",1778
4,to,Hon. H. S. Conway,"July 8, 1778",1778
4,to,Hon. H. S. Conway,"Saturday, July 18, 1778",1778
4,to,Rev. Mr. Cole,"Strawberiy-hai, July 24th, 1778",1778
4,to,Rev. Mr. Cole,"Strawberry-hill, Aug. 15th, 1778",1778
4,to,Hon. H. S. Conway,"Strawberry-hiU, Aug. 21, 1778",1778
4,to,Rev. Mr. Cole,"Strawberiy-hill, Aug. 22, 1778",1778
4,to,Rev. Mr. Cole,"Strawberry-hUl, Sept. 18, 1778",1778
4,to,Rev. Mr. Cole,"October 14., 1778",1778
4,to,Hon. H. S. Conway,"October 23, 1778",1778
4,to,Rev. Mr. Cole,"October 26, 1 71 1",
4,to,Rev. Mr. Cole,"Arlington-street, Nov. 4, 1778",1778
4,to,Rev. Mr. Cole,"Strawberry-hill, Jan. 3, 1779",1779
4,to,Hon. H. S. Conway,"Arlington-street, Jan. 9, 1779",1779
4,to,Rev. Mr. Cole,January 15^ i779»,1779
4,to,Rev. Mr. Cole,"February 4, 1779",1779
4,to,Rev. Mr. Cole,"February 18, 1779",1779
4,to,Rev. Mr. Cole,"Arlington-street, April 12, 1779",1779
4,to,Rev. Mr. Cole,"Arlington-street, April 20, 1779",1779
4,to,Rev. Mr. Cole,"AprUaS, 1779",1779
4,to,Rev. Mr. Cole,"Strawbetry-hill, June 2, 1779",1779
4,to,Rev. Mr. Lort,"Strawberry-hill, June 4, 1779",1779
4,to,Hon. H. S. Conway,"Strawberry-hill, Saturday, June 5, 1779",1779
4,to,Countess of Ailesbury,"Strawberry-hilly Tuesday night, June 8, 1779",1779
4,to,Hon. H. S. Conway,"Strawberry •hill, June 16, 1779",1779
4,to,Countess of Ailesbury,"Saturday night, July 10, 1779. -",1779
4,to,Rev. Mr. Cole,"Strawberry-hiU, July 19, 1779",1779
4,to,Rev. Mr. Cole,"Strawberry-hill, Aug. 12, 1779",1779
4,to,Countess of Ailesbury,"Strawberry-hUly Friday night, 1779",1779
4,to,Hon. H. S. Conway,"Strawberry-hill, Sept. IS, 1779",1779
4,to,Rev. Mr. Cole,"Berkeley-square, Nov. 16, 1779-",1779
4,to,Rev. Mr. Cole,"Berkeley-square, Dec 27, 1779",1779
4,to,Rev. Mr. Cole,"Berkeley-square, Jan. 5, 1780",1780
4,to,Rev. Mr. Cole,"Berkeley-square, Feb. 5, 1780«",1780
4,to,Rev. Mr. Cole,"Berkeley-square^ Feb. 27,. 1780",1780
4,to,Rev. Mr. Cole,"Berkeley-square, March 6, 1780",1780
4,to,Rev. Mr. Cole,"Strawbeny-hilly March IS, 1780",1780
4,to,Rev. Mr. Cole,,
4,to,Rev. Mr. Cole,"Berkeley-square, May 1 1 , 1730",1730
4,to,Rev. Mr. Cole,"Berkeley-square, May SO, 1780",1780
4,to,Earl of Strafford,"Strawberry-hill, June 12, 1780",1780
4,to,Rev. Mr. Cole,"Strawberry-hill, June 15, 1780",1780
4,to,Rev. Mr. Cole,"Strawberry-hill, July 4, 1780",1780
4,to,Earl of Strafford,"Strawberry. hitt, Sept. 9, 1780",1780
4,to,Rev. Mr. Cole,"Strawberry-hill, Sept. 27, 1780",1780
4,to,Rev. Mr. Cole,"Berkeley-square, Octw 5, 1780",1780
4,to,Rev. Mr. Cole,"Berkeley-square, Nov. 11, 1780",1780
4,to,Rev. Mr. Cole,"Berkeley-square, Nov* 34, 1780",1780
4,to,Rev. Mr. Cole,"Berkeley-square^ Nov. 30, 1780",1780
4,to,Rev. Mr. Cole,"Berkeley-square, Dec, 19, 1780",1780
4,to,Hon. H. S. Conway,"January S, 1781",1781
4,to,Rev. Mr. Cole,,
4,to,Rev. Mr. Cole,"Feb. 9, 1781",1781
4,to,Rev. Mr. Cole,,
4,to,Rev. Mr. Cole,"March 5, 1781",1781
4,to,Rev. Mr. Cole,"Berkeley-square, March 29, 1781",1781
4,to,Rev. Mr. Cole,"Aprils, 1781",1781
4,to,Hon. H. S. Conway,"Strawberrj-hill, Sunday evening, May 6, 1781",1781
4,to,Rev. Mr. Cole,"Strawberry-hill, May [June} 1(^ 1781",1781
4,to,Hon. H. S. Conway,"Berkeley-square, May 28, 1781 »",1781
4,to,Hon. H. S. Conway,"Strawberry-hill, June 3, 1781",1781
4,to,Earl of Strafford,,
4,to,Rev. Mr. Cole,"Strawberry-hm, July 26, 1781",1781
4,to,Earl of Strafford,"Strawberry-hill, Aug. 31, 1781. I",1781
4,to,Hon. H. S. Conway,"Berkeley-square, Sunday morning, Nov. 18, 1781",1781
4,to,Earl of Strafford,"Berkeley-square, Nov. 27, 1781",1781
4,to,Rev. Mr. Cole,"Berkeley-square, Dec. SO, 1781",1781
4,to,Rev. Mr. Cole,"Berkeley-square> Jan. 27, 1782",1782
4,to,Rev. Mr. Cole,"Berkeley-square, Feb. 14, 1782",1782
4,to,Rev. Mr. Cole,"February 15, 1782",1782
4,to,Rev. Mr. Cole,"February 22, 1782",1782
4,to,Hon. GEORGE HARDINGB,"March 8, 1782",1782
4,to,Rev. Mr. Cole,"Berkeley-square, March 9, 1782",1782
4,to,Rev. Mr. Cole,"Apra IS, 1782",1782
4,to,Hon. George Hardinge,"Berkeley-square, April 18, 1782",1782
4,to,Rev. Mr. Cole,,
4,to,Rev. Mr. Cole,,
4,to,Rev. Mr. Cole,"Berkeley-square, June 1, 1782",1782
4,to,Rev. Mr. Cole,"Berkeley-square, June 21, 1782",1782
4,to,Rev. Mr. Cole,"Strawberry-hill, July 23, 1782",1782
4,to,Earl of Strafford,,
4,to,Hon. H. S. Conway,"Strawberry -hill, Sept. 17, 1782",1782
4,to,Earl of Strafford,"Strawberry-hilly October 3, 1782",1782
4,to,Rev. Mr. Cole,"Strawberry-hill, Not. 5, 1782",1782
4,to,Earl of Strafford,"Strawberry-hill, June 24, 1783",1783
4,to,Earl of Strafford,"Strawberry-hill, Aug. 1, 1783",1783
4,to,Hon. H. S. Conway,,
4,to,Earl of Strafford,"Strawbeny-hill, Sept. 12, 1783^",1783
4,to,Earl of Strafford,"Strawberry-hiU, Oct. 11, 1783",1783
4,to,Earl of Strafford,"Berkeley-square, Nov. 10, 17884",1788
4,to,Hon. H. S. Conway,"Berkeley-square, Wednesday, May 5, 1784",1784
4,to,Hon. H. S. Conway,,
4,to,Hon. H. S. Conway,"Strawberry-hill, June 25, 1784",1784
4,to,Hon. H. S. Conway,"Strawberry-hill, June SO, 1784",1784
4,to,Earl of Strafford,,
4,to,Earl of Strafford,"Strawberry-hilJ, Sept. 7, 1784",1784
4,to,Hon. H. S. Conway,"Strawberry-hill, Oct. 15^ 1784",1784
4,to,Hon. H. S. Conway,"Sunday night, Nov. 28, 1784",1784
4,to,Hon. H. S. Conway,"Strawberry*hill, October 6, 1785",1785
4,to,Hon. H. S. Conway,"Sunday night, June 18, 1785",1785
4,to,Earl of Strafford,"Strawberry-hill, August 29, 1786",1786
4,to,Hon. H. S. Conway,"Strawberry-hill, October 29, 1 786",1786
4,to,Hon. H. S. Conway,"Strawberry-hill, June 17, 1787",1787
4,to,Earl of Strafford,"Strawberry-hill, July 28, 1787",1787
4,to,Hon. H. S. Conway,"Berkelej-aqnare, Nov. 11, 1787'",1787
4,to,Earl of Strafford,"Strawberry hill, Tuesday night, Jui^e 17, 1788",1788
4,to,Earl of Strafford,r Strawberry-hilly August 2^ 1788,1788
4,to,Hon. H. S. Conway,,
4,to,Hon. H. S. Conway,"Strawberry-hill, Sept. 5, 1789",1789
4,to,Earl of Strafford,"Strawberiy-hill, June 26, 1790",1790
4,to,Hon. H. S. Conway,"Strawberry-hill, Wednesday night, July, 1790",1790
4,to,Hon. H. S. Conway,,
4,to,Earl of Strafford,"Strawberry-hill, Aug. 12, 1790",1790
4,to,Hon. H. S. Conway,"Strawberry-hill, Sept. 27, 1791",1791
4,to,"THOMAS BARRETT, Esq","Berkeley-square, May 14, 1792",1792
4,to,Hon. H. S. Conway,"Strawberry-hill, August 31, 1792",1792
4,to,Hon. H. S. Conway,"Strawberry-hilly Wednesday night, late, July 17, 1793*",1793
4,to,Hon. H. S. €0NWAT,,
4,to,Rev. Mr. Beloe,"Strawberry-hill, Dec. 2, 1794",1794
4,to,Hon. H. S. Conway,"Strawb. July 2, 1795",1795
4,to,Hon. H. S. Conway,"Strawberry-hill, July 7, 1795",1795
4,to,Rev. Mr. Mason,,
4,to,Rev. Mr. Mason,,
4,to,COUNTESS of * * * ♦,"January 13, 1797",1797
