date,direction,correspondent,repository,first_line
20 Nov [1768],from,Richard Thomas Burney,NYPL(B),Master Ncom's affectionate Love to his
[1768],from,Maria (Allen) Rishton,NYPL(B),Come Fan Pa' you'r a good girl and ill sets
[1768-71],from,Maria (Allen) Rishton,NYPL(B),Prepare a good stomach and good pair of dars [?]
25 June,to,CB,Obs,all ye musses of ev'ry Degree / O give
11 July [1768],from,Elizabeth (Allen) Burney,NYPL(B),Master Ncom's affectionate Love to his
[?] pmk Aug,to,Rishton Burney & Mrs Crisp [?],NYPL(B),All where shall I expressi find / To soften
13 Oct,from,Elizabeth (Allen) Burney,NYPL(B),"I've had a bad excuse to make for not"
[1769-1775],to,SEB,PML,Jem — will be quite a Lyon on his return —
[1770?],to,Lady Hales,NYPL(B),I am so much astonished & so much confused
7 Sept [1771],from,Maria (Allen) Rishton,NYPL(B),Dont sold so vilently about my not writing
21 Nov,from,Maria (Allen) Rishton,NYPL(B),I conjure by our long Friendship to tell me
[1771?],from,Maria (Allen) Rishton,NYPL(B),Here I am at Warwick [?] I could not resist the
[1770-74],to,Lady Hales,NYPL(B),I am so much astonished & so much confused
15 Oct [pre 1772],from,Maria (Allen) Rishton,NYPL(B),I am most exceedingly obliged to you for
6 Apr [1772],from,Maria (Allen) Rishton,NYPL(B),"Copying — Copying the letter I have"
8 Jl pmk [1772],from,Maria (Allen) Rishton,NYPL(B),you see Crisp knows I am Maria Rishton
[Aug [1772]],from,Maria (Allen) Rishton,NYPL(B),my hidden hope his Compliments — Stephen
11 Aug mutilated,from,Samuel Crisp,Essex,and I hear now What does he do? —
2 Sept [1772],from,Dorothy Young,BM(Bar),You will believe without my telling you
[1772],from,Maria (Allen) Rishton,NYPL(B),I most remember pleasure in my life [?]
[1772],from,Maria (Allen) Rishton,NYPL(B),Upon my word you very little deserve I should
[1772],from,Maria (Allen) Rishton,NYPL(B),As Rishton is very deeply engaged at present in
[post 1772],from,Dorothy Young,BM(Bar),I do remember you huffed me for a more
25 Apr [1773],from,Maria (Allen) Rishton,NYPL(B),Here we are arrived at our little retirement
13 Apr [1773],from,Maria (Allen) Rishton,NYPL(B),I know not whether I owe you a letter or not
22 Feb,from,Maria (Allen) Rishton,NYPL(B),You are my best and kindest Friend to write to
[28 May 1773],from,Maria (Allen) Rishton,NYPL(B),You are really a very good Girl to write me so
9 June [1773],from,Maria (Allen) Rishton,NYPL(B),I can no longer delay writing to enquire the
13 June [1773],from,Maria (Allen) Rishton,NYPL(B),So far from giving up the hopes of seeing you
June [1773],from,Maria (Allen) Rishton,NYPL(B),"Mr & Mrs Rishton hope Miss Burney will"
25 [Aug? 1773],from,Maria (Allen) Rishton,NYPL(B),the most money of his Children — Think only
2 Oct,from,Maria (Allen) Rishton,NYPL(B),Many thanks for your very kind letter I hope
13 Nov,to,Stephen Allen,Harv(H),It makes me extremely happy to find it in my
[?]5 NO pmk [1773],from,Samuel Crisp,BM(Bar),"I'll tell you what Fanny — I yesterday received"
[Nov 1773],from,Samuel Crisp,NYPL(B),in consequence of our Agreement
[1773?],from,Samuel Crisp,BM(Bar),Tho the weak knotty Joints of my knuckles are
[1773],from,Maria (Allen) Rishton,NYPL(B),& so here we are once More arrived at the Seat
[1773] continued,from,Maria (Allen) Rishton,NYPL(B),And so by way of return to the very Curious
[1773?],from,Maria (Allen) Rishton,NYPL(B),I delay'd writing till to day as Mr R departed [?]
1 Jan [1774],from,Samuel Crisp,BM(Bar),A happy new year to the Fannnikin & I think I
7 Feb [1774],to,Samuel Crisp,BM(Bar),Did you draw me into a Correspondence my
7 Feb [1774],from,Maria (Allen) Rishton,NYPL(B),& so Mr Cartwright has made Miss Burney a
9 Feb [1774],to,Samuel Crisp,BM(Bar),The sight of your Hand once again directed
17 Feb,from,Maria (Allen) Rishton,NYPL(B),& so Miss Fanny Burney has mounted her little
[Apr 1774],from,Samuel Crisp,NYPL(B),I sell you what — You are a Jew — an Ebrew
21 May [1774],from,Maria (Allen) Rishton,NYPL(B),Lord bless me what Silly Things Excuses are
13 JU pmk [1774?],from,Maria (Allen) Rishton,NYPL(B),two or 3 lines in a flying hurry to thank you
22 Aug [1774],from,Maria (Allen) Rishton,NYPL(B),You are a good Sort of Girl enough & I shant
24 [Aug],from,Maria (Allen) Rishton,NYPL(B),What your opinion of me must be I don't kno [?]
1 Dec [1774],to,Samuel Crisp,BM(Bar),What you have thought of me & of my
[1774],from,Maria (Allen) Rishton,NYPL(B),Upon my life Fanny I very often am to blame
[1774?],from,Maria (Allen) Rishton,NYPL(B),I am shocked to find collecting the scattered
[1774?],from,Maria (Allen) Rishton,NYPL(B),I am so afraid of forgetting the real Beauties of
1 Jan [1775],from,Maria (Allen) Rishton,NYPL(B),I have got a Bad arm tho' yet I sit down to
[25 Jan ?],to,Samuel Crisp,BM(Bar),Hark ye Fanny You must know I had a mind to
[2] Feb [1775],to,Samuel Crisp,BM(Bar),I have been so long & so much distressed
[17 Feb 1775],from,Maria (Allen) Rishton,NYPL(B),I hope for this you & all of you has finished [?]
[1] Mar,to,Samuel Crisp,BM(Bar),I hope by your Letter to my Mother
27 Mar [1775],from,Samuel Crisp,BM(Bar),With a right hand half lame & a left
Mar-Apr [1775],from,Samuel Crisp,BM(Bar),CB & FB to Samuel Crisp
2 Apr [1775],from,James Hutton,NYPL(B),I have wrote here a lengthy kind of Letter to
[17 Feb 1775],from,Maria (Allen) Rishton,NYPL(B),I have complied with your commands without
14 Apr,to,SEB,NYPL(B),[?]
24 Apr [1775],to,Samuel Crisp,BM(Bar),(abbreviation) So you published speechifying?
24 Apr [1775],from,James Hutton,BM(Bar),my attention to your House on Saturday
8 May [1775],from,Samuel Crisp,BM(Bar),"The Tragedy apoplexy & left Arm lame"
[8 May 1775],from,James Hutton,BM(Bar),I have just read Evelina [?] I saw I had
[9 May],to,Samuel Crisp,BM(Bar),My Father went before Sunday
[May 1775],from,Thomas Barlow,BM(Bar),[?]
[May 1775],from,Thomas Barlow,NYPL(B),I have somewhere seen that powerful Deity
8 June,to,Samuel Crisp,BM(Bar),Thank you a thousand Times my dear Daddy
3 Jul [1775],to,Samuel Crisp,BM(Bar),in a poor hurry I cut of a Line
13 SE pmk [1775],from,Maria (Allen) Rishton,NYPL(B),As the personal letter has never arrived I will
[post 13 Sept 1775],from,Maria (Allen) Rishton,NYPL(B),I am really ashamed of not being more exact in
30 Oct 1775,to,Samuel Crisp,BM(Bar),It so long since I wrote to you that I suppose
5 Nov [1775],from,Maria (Allen) Rishton,NYPL(B),"I'll ever try what writing to the minute of my"
[9 Nov 1775],to,Samuel Crisp,BM(Bar),The best apology I can make for the indolence
19 Nov,to,Samuel Crisp,NYPL(B),That I wish for the remnant of your Evening
[10 Dec 1775],to,Samuel Crisp,BM(Bar),I have this moment received your Letter
14 Dec,from,Samuel Crisp,BM(Bar),"Dont imagine that because my letters are"
[30 Dec 1775] mutilated,from,Samuel Crisp,NYPL(B),"There's no more faith in thee than in a stew'd"
[1775],from,JB,NYPL(B),I am under a necessity of trusting
[1775],from,Maria (Allen) Rishton,NYPL(B),You would have heard from me so long since to
[1775],from,Maria (Allen) Rishton,NYPL(B),Only two or three Lines because I think it
2 Jan,to,SEB,NYPL(B),"I had set put this to hethen [?] the L[ette]r to the"
29 Jan [1776?],to,SEB,NYPL(B),I did not find your little Note sent with the [?]
5 Apr 1776,from,Samuel Crisp,BM(Bar),I was much pleased with the close of
30 Apr [1776],to,SEB,NYPL(B),It is such an age since I have written
[1776],to,SEB,NYPL(B),It is not a shocking thing my dearest Susette
[Apr 1776],to,Samuel Crisp,Yale(Bo),So mix our Studies & so join our names
27 July,to,Samuel Crisp,BM(Bar),Now really my dear Daddy this is prodigiously
7 Aug,from,Mary Bruce Strange,BM(Bar),Will you my dear Miss Burney forgive
[4 Sept [1776]],from,Maria (Allen) Rishton,NYPL(B),I shall be told its to know which of us is the
[Sept 1776],from,Samuel Crisp,BM(Bar),Is it Astonished! What? — Do you believe I
[Nov 1776],from,Samuel Crisp,BM(Bar),much concern'd when you
[2 Dec 1776],from,Samuel Crisp,BM(Bar),is it abbreviated! The party consisted of —
25 Dec,from,Thomas Lowndes,NYPL(B),I've not the least objection to what
17 Jan,from,Thomas Lowndes,BM(Bar),I have read your Novel and cant see any reason
[post 17] Jan,from,Thomas Lowndes,NYPL(B),I am well contented with the openness of your
15 Mar [1777],to,SEB,NYPL(B),Your Letter my dear Susy was a most
22 Mar [1777],from,William Cutler [?],NYPL(B),Mr Cutler presents his Compliments to Miss
27 Mar,from,Samuel Crisp,BM(Bar),You can't imagine how you miss'd you as soon
28 Mar 1777,to,Thomas Lowndes,BM(Bar),My dear Sir — I seemed well pleased at my
2 Apr,from,Samuel Crisp,BM(Bar),Why Fanny you young Torment do' think to
[July 1877] [?],to,SEB,NYPL(B),for our young gentlemen will have their own
29 Dec,from,Thomas Lowndes,BM(Bar),I've read it & like the Manuscript & it is
Dec draft,to,Thomas Lowndes,NYPL(B),as no offer has a kind of natural claim to
[1776],from,Maria (Allen) Rishton,NYPL(B),You may think perhaps I've lost out of
1776-81,from,Lady Hales [?],NYPL(B),are on to know my Dear Miss Bur [?]
[post 1776?],from,Elizabeth (Allen) Meeke,NYPL(B),Pardon me for not sooner acknowledging you
1 Nov,from,Thomas Lowndes,BM(Bar),"I've read this 3rd Vol & think it better than"
[1777?],from,James Hutton,NYPL(B),I know not whether any of the He Saints
[1777-1780],to,Thomas Lowndes,Comyn,As Business with those who understand
[1777-1780],to,Thomas Lowndes,Comyn,The kindness with which you favored
[1777-1780],to,Thomas Lowndes,Comyn,I have been much mortified that a multiplicity
[1777-1780],to,Thomas Lowndes,Comyn,I return you my thanks for your attention to my
[1777-1780],to,Thomas Lowndes,NYPL(B),I am much ashamed after having been myself
[1777-1780],to,Thomas Lowndes,NYPL(B),The M.S. concerning which I troubled you last [?]
[1777-1780],from,Thomas Lowndes,BM(Bar),I have all the sheets of Evelina
OC pmk [1777-1780],to,Thomas Lowndes,Comyn,a keep a dangerous illness having for some
[1777-1780],to,Thomas Lowndes,Comyn,I am extremely sorry to have to keep the press
[1777-1780],to,Thomas Lowndes,Comyn,I am much gratified by your good opinion of
[1777-1780],to,Thomas Lowndes,Comyn,I take the Liberty to send you a Novel
5 Jan,from,Mary Bruce Strange,BM(Bar),Ask my dear Miss Burney examine your
Mar [1778],to,SEB,NYPL(B),look it about over — & not a word
9 MA pmk [1778],from,SEB,NYPL(B),to see you Bossy's last letter on
May [1778],to,SEB,NYPL(B),I lost you a thousand times at
4 JU pmk [1778],to,SEB,NYPL(B),but for dear Fanny my Father has
[1] June [1778],to,SEB,NYPL(B),Charmed I spout in Brook Street —
[post 11 June 1778],to,SEB,NYPL(B),They've got on in reading it as far as
10 June,to,SEB,NYPL(B),My Mother has gone to c — My dear
[post 16 June 1778],to,SEB,NYPL(B),"there's such a thing to tell you —"
18 June [1778],to,SEB,NYPL(B),Here I am & here I have been this ago [?]
29 June,from,SEB,NYPL(B),I have not rec' your parcel
[June? 1778],to,SEB,NYPL(B),trade leave & returned to town
2 July,from,Thomas Lowndes,BM(Bar),I bought up a Sett for you the first Day I had
4 JY pmk [1778],from,SEB,NYPL(B),where Charlotte returned home the Coach
5 July,to,SEB,NYPL(B),Dont you think there must be some wager
[5-6 July 1778],to,SEB,NYPL(B),"Think Monst 7 or 8 & I was woke"
6 July,to,SEB,NYPL(B),Your Letter my dearest Susan & the
[post 6 July 1778],to,SEB,NYPL(B),To my great Disappointment My Mother was
8 JY pmk [1778],to,SEB,Hyde,"Pray Scotcheld go to a Cabinet [?]"
13 July [1778],from,Elizabeth (Allen) Burney,NYPL(B),Allow to Congratulate you on the Merit and
16 July [1778],from,SEB,NYPL(B),At night my Father read as usual — I found
[4 July 1775],from,SEB,NYPL(B),"Fanny my Father & Mother came home"
[30 July 1778],to,CB,NYPL(B),I have just received from Susan an account
[June? 1778],to,SEB,NYPL(B),journal
20 July-Aug [1778],to,SEB,NYPL(B),"yes God & I have a real regard"
23 JY pmk [1778],from,SEB,NYPL(B),In Chesne yesterday my Father had a Letter
25 July [1778],to,CB,NYPL(B),my dear most kind Father — the request
[25 July 1778],to,SEB,NYPL(B),but repetitions of what I heard from you
July [1778],from,Samuel Crisp,BM(Bar),I have just read Evelina over again
[Dec? 1778],from,SEB,NYPL(B),I was extremely glad my dearest Susan
[Dec 1778],from,HLTP,NYPL(B),Though your Papa kindly told me the time of
[Dec 1778],from,Catherine Coussmaker,NYPL(B),"Indeed my dear Girl of my Father's wishes &"
[1778?],from,Catherine Coussmaker,NYPL(B),"Y' kind & most flattering Letter my dear Miss"
[1778],from,SEB,NYPL(B),Heat he be painted &c &c &c You are most
[1778],from,SEB,BM(Bar),very capable of writing such a Work
[1778-79],from,Isabella Strange,BM(Bar),I was sorry I miss'd my sweet Girl — I was
[1778-82],from,HLTP,Comyn,only three Words to say that Evelina with all
[1778-86],from,Henrietta Maria (Banister) North,NYPL(B),Will you & Dr. Burney come & dine with a pair
[1778-86?],from,Henrietta Maria (Banister) North,NYPL(B),I have a Box for Monday & still hope
10 Jan,from,Anthony Chamier,NYPL(B),Mr Chamier presents his compliments to Miss
[Jan 1779],from,Samuel Crisp,NYPL(B),Encore of a Letter from Gast dated Burford
[27 Jan [1779]],from,Thomas Lowndes,BM(Bar),"I'll soon get ready 500 of the 1500 for w[hic]h the"
[Jan 1779],to,Samuel Crisp & SEB,NYPL(B),Your patience my dear Daddy in being
[Jan 1779],from,HLTP,NYPL(B),Instead of writing nonentity Letters to Dick
Feb [1779],to,SEB,NYPL(B),I have been here so long my dearest Susan
1 MA pmk [1779],to,SEB,BM(Bar),The kindness & honours I meet with from
20 Mar [1779],to,SEB,NYPL(B),"Mr Pecchierutti [?] returns his best respects to"
[Apr 1779],to,SEB,NYPL(B),Oh my dear Daddy —
[pre 13 May 1779],to,SEB,BM(Bar),You are a few Fanukins an Elf or [?]
[pre 13 May 1779],from,Samuel Crisp,BM(Bar),At I know the goodness of your heart I am
[May 1779],from,Samuel Crisp,BM(Bar),I have just read Evelina over [?]
[May 1779],from,Samuel Crisp,BM(Bar),your last Letter was the most acceptable
[late? May 1779],to,SEB,NYPL(B),Once more my dearest Susy I will attempt
28 May,from,Samuel Crisp,BM(Bar),Symptoms of my Illness of which in degree
25-30 May [1779],from,Samuel Crisp,NYPL(B),To my no small concern I am obliged
[May 1779],from,Samuel Crisp,BM(Bar),I did not therefore want a Friend at Table
13-15 June,to,SEB,NYPL(B),"Now my dear Susan hand & fast let me"
[June 1779],to,SEB,BM(Bar),Gorandmized [?] with great avidity we sent a
5-10 July [1779],to,SEB,NYPL(B),I have hardly had any power to write
21 July,from,Samuel Crisp,BM(Bar),You have now put me upon my Mettle
30 July [1779],from,Samuel Crisp,BM(Bar),Now my dear Daddy let me attempt [?]
1 Aug [1779],from,Samuel Crisp,BM(Bar),I need not tell you that I left Town
3-6 Aug [1779],from,SEB,BM(Bar),"Tuesday August 3d — Yesterday was"
4 Aug [1779],to,CB,NYPL(B),Your sweet Letter my dearest sir has quite
4 AU pmk [1779],from,SEB,NYPL(B),My Father then played over some songs
25-29 Aug [1779],from,SEB,BM(Bar),"Wednesday August 25th — Tho' I really think"
[Aug 1779],to,CB,NYPL(B),The fatal knell then is knolled
[Aug? 1779],to,Samuel Crisp,NYPL(B),"Well — Cut above all — "
[Aug? 1779],from,Samuel Crisp,NYPL(B),I have been half a letter filled up
25 Sept [1779],to,HLTP,NYPL(B),Your Letter my Dearest Madam have
10 Oct,to,CB,NYPL(B),"How warm all safe & all well — Mrs"
10 pmk Oct [1779],to,Samuel Crisp,NYPL(B),"the join so fat come — & I have espied [?]"
10 Oct [1779],from,SEB,BM(Bar),"I have just read Evelina over again"
[Oct 1779],from,Samuel Crisp,BM(Bar),"something his other of Capt' Mirvan"
1-[2] Nov [1779],to,SEB,BM(Bar),"Monday 1st Saturday Se'night my"
[Nov 1779],to,SEB,NYPL(B),Wednesday Nov' 3 — It shall not be said
[Nov 1779],from,Samuel Johnson,Hyde,"How should I help being uneasy Dearest"
17 Nov,to,SEB,BM(Bar),"I see a little way my dear Susy & so I will"
30 Nov-5 Dec [1779],from,SEB,BM(Bar),"Tuesday Nov'r 30th I must now get a"
[5? Dec 1779],from,Samuel Crisp,BM(Bar),The Contents of your letter from Brighton
[Dec? 1779],from,HLTP to CB,NYPL(B),Your Daughter Dear Sir is no longer here [?]
[Dec 1779],to,Samuel Crisp,NYPL(B),I have deferred Writing from Day to Day
[1779],to,Samuel Crisp,NYPL(B),I am extremely gratified by your appreciation [?]
[1779?],from,Samuel Crisp,BM(Bar),When I went down stairs I found Evelina [?]
[1779],from,SEB,BM(Bar),I cannot thank you sufficiently my dearest
[1779],from,William Seward,NYPL(B),"Mr Seward presents his compets [?] to Miss"
[1779-80],from,SEB,Shep(D),Thanks ever dearest Madam for your most [?]
[1779-84],from,Sophia Streatfield,Hyde,How should I help being uneasy Dearest [?]
[1779-86],from,Sophia Streatfield,BM(Bar),When Dear Burney did set the force [?]
[1779-86],from,Sophia Streatfield,BM(Bar),Then my Dearest Fanny was really angry with
1 Jan-13 Feb,from,SEB,NYPL(B),Jan 1st & had a very good social party
7 Jan [1780],to,Samuel Crisp,NYPL(B),Oh my dear Daddy now you are angry indeed
[c 13 Feb 1780],from,HLTP,Plat,I could not Yesterday write half my Mind & [?]
13 Feb [1780],from,Samuel Crisp,NYPL(B),if no letter was acceptable to you
[post 13 Feb 1780],from,Samuel Crisp,NYPL(B),I rec'd two Letters last night very sweet ones
[13-Apr 1780],from,SEB,NYPL(B),I rec'd your very kind Letter but
17-23 Mar [1780],to,SEB,NYPL(B),Your Letter my dearest Susan to our names [?]
[?30 Mar 1780],to,SEB,BM(Bar),[?] a careful thanks my dearest Susy for
10 Apr [1780],to,SEB,NYPL(B),"I thank you my dearest Sir much welcomer"
29 Apr [1780],from,CB,BM(Bar),"How gratified to my Heart and how fluttering"
[11]-12 Apr [1780],from,SEB,NYPL(B),"are — & that when you hear it the"
13 Apr [1780],to,Samuel Crisp,NYPL(B),to your work my Dearest Daddy & so very
13-15 Apr [1780],from,SEB,NYPL(B),"20 mond 13 th Apr — Upon my loved"
20-22 Apr [1780],to,SEB,BM(Bar),[?]
24 May,from,SEB,BM(Bar),Monday 24th Mr. Burney [?]
16 Jan [1780],to,Samuel Crisp,NYPL(B),As this sheet is but to contain a sequel
22 Jan [1780],to,Samuel Crisp,NYPL(B),[?]
17 Apr [1780],from,Samuel Crisp,BM(Bar),I was much pleased with the close of
30 Apr [1780],to,SEB,NYPL(B),It is such an age since I have written
[Apr 1780],to,SEB,NYPL(B),It is not a shocking thing my dearest Susette
[age 1780],to,SEB,NYPL(B),This Evening we have all been at
[Apr 1780],to,Samuel Crisp,Yale(Bo),"So mix our Studies & so join our names"
2 May,from,Gasparo Pacchierotti,Osb,I begin for asking your pardon having provoked
also copy,to,[?],BM(Bar),[?]
9-18 May [1780],from,SEB,BM(Bar),"Tuesday May 9th I sent off my last packet"
13 May,from,Sophia (Crisp?) Gast,NYPL(B),"How grateful to my Heart and how fluttering"
21-22 May [1780],from,SEB,NYPL(B),"Sunday Month — May 21st Oh My dear"
[post 22] May,to,SEB,NYPL(B),"Now my Susy will I begin this Budget with"
23 MA pmk [1780],to,SEB,BM(Bar),I was so incessantly engaged yesterday
28 May,to,SEB {& CAB},NYPL(B),"I was very happy my dearest Girls with the"
31 May 2,to,HLTP,Mar 340 (1230),Describes a party at Mrs Montagu's [?]
May,to,SEB,NYPL(B),So he was satisfied enough though he only saw
4 June,to,SEB,NYPL(B),To go on with Saturday Evening
8-12 June [1780],from,SEB,BM(Bar),"Thanks SEB"
11 June [1780],to,CB,NYPL(B),Here we are dearest Sir & here we mean
[10-30] June [1780],from,SEB,NYPL(B),as a great while indeed I have not seen [?]
13 June [1780],to,SEB,NYPL(B),We carried here yesterday about 7 in the
14 June [1780],to,SEB,NYPL(B),as here — & I thinking of nothing
[17 June 1780],to,SEB,NYPL(B),O what joy most dear Sir! did I see your
19 June,to,SEB,NYPL(B),All your Letters my dearest love are now
20 June [1780],to,CB,NYPL(B),I cannot help again writing to you my dearest
20-21 June,from,SEB,BM(Bar),"Tuesday Evng 20th June 1"
20 June,from,HLTP,BM(Bar),Streatham distance [?]
June,to,SEB,NYPL(B),To go on with Mrs Lambert
40 p,to,SEB,NYPL(B),[?]
1 July,to,HLTP,NYPL(B),Have you no Quality yet my Dearest Madam [?]
5 July [1780],from,HLTP,NYPL(B),My dearest Miss Burney is very kind to be [?]
8 July [1780],to,HLTP,NYPL(B),"So lost Dearest Madam! my prompt [?]"
[11 July 1780],from,HLTP,NYPL(B),None when the Post be pleased to bring
[July 1780],from,HLTP,NYPL(B),And in my Letters please do they [?]
[July? 1780],from,HLTP,NYPL(B),My Dear Miss Burney shall have her Letter
2 Aug,from,Gasparo Pacchierotti,NYPL(B),I am extremely rejoiced but not at all surprized
13 Aug,from,Samuel Crisp,BM(Bar),I am quite glad to hear the Burneyan System
16 Aug [1780],to,HLTP,NYPL(B),This Letter goes by Signor Piozzi who has it [?]
18 [Aug 1780],from,HLTP,NYPL(B),Mr Burney must send my little Dear Tyo with
[Aug-Oct 1780],from,HLTP,NYPL(B),"Tremble!!! O Presbyterians! O what indeed"
5 Sept [1780?],from,Maria (Allen) Rishton,NYPL(B),I make no excuse for not sooner answering
SE pmk [1780],to,HLTP,NYPL(B),[?]
[28 Sept 1780],from,Samuel Crisp,BM(Bar),But a poor miserable Invaled as S.C. is
Oct-Nov [1780?],to,SEB,NYPL(B),as I say you will accept Merry Christmas [?]
[Oct 1780],from,HLTP,NYPL(B),"Come to my dear Miss Burney! we have"
[Oct 1780],to,CB,NYPL(B),We have this Moment finished the Critic
3 NO pmk [1780],from,HLTP,NYPL(B),I write in the greatest hurry Imaginable & only
4 Nov [1780],to,HLTP,NYPL(B),Jobb said he w'd call — did he? he is not so
[Nov 1780],from,HLTP,NYPL(B),I never managed matters so adroitly before
1 Nov,to,SEB,NYPL(B),The Coach — the old Coach shall fetch my
13 Nov,from,Samuel Crisp,BM(Bar),[?]
18 Nov,from,Samuel Crisp,BM(Bar),If I was disappointed by your putting
[Nov 1780],to,Samuel Crisp,NYPL(B),I am at this Time at Home
28 Nov [1780],to,HLTP,Harv(H),"Is Dearest Madam what a World Indeed! —"
Nov? [1780],from,HLTP,NYPL(B),From sweet Letter drew the first Tours from my
Nov? [1780],from,HLTP,NYPL(B),I make no excuse for not sooner answering [?]
[Nov? 1780],from,HLTP,NYPL(B),I thank you a thousand Times for your kind
[Nov-Dec 1780],from,HLTP,NYPL(B),I am flirting with your Captain but must just
[Nov-Dec 1780],from,HLTP,NYPL(B),This don't come to ask how you do; Sophy
[Nov-Dec 1780],from,HLTP,NYPL(B),The Truth is my Dear Master has by a glorious
[Nov-Dec 1780],from,HLTP,NYPL(B),"Jebb said he w'd call — did he? he is not so"
[Nov-Dec 1780],from,HLTP,NYPL(B),How is the first Letter or Note I have written
[Nov-Dec? 1780],from,HLTP,NYPL(B),My Dearest Miss Burney will not be pleased to
6 Dec [1780],to,SEB,NYPL(B),As I am now well enough to employ myself
14 Dec,to,HLTP,NYPL(B),"These Days only have I left dear Streatham —"
20 Dec [1780],to,Henry Thrale,Ryl,Where I do tell you my dear Master but half
[20?] Dec,from,Gasparo Pacchierotti,Osb,"From Lucopia they sent me a letter of yours"
22 Dec [1780],to,SEB,NYPL(B),My lovely Burney will believe that I have
22 Dec [1780],from,HLTP,NYPL(B),Well! and what have I to say to my [?]
[1780],from,HLTP,NYPL(B),I am come to town partly to do some shop [?]
[1780],from,HLTP,NYPL(B),My sweet little Friend! how your true
[1780],from,HLTP,NYPL(B),On this Day is our dear Master gone to
[1780],to,HLTP,NYPL(B),O dear! O dear — What can I say — well
[1780],to,HLTP,BM(Bar),How much do I long for more good news of
[1780-81],from,SEB,NYPL(B),I am extremely concerned at the reason w'
[1780-83],from,HLTP,Neve,My dear Creature's charming letter delights [?]
17 AP pmk [1780-84],from,Elizabeth Montagu,Comyn,Thanks Dearest Madam for this cordial
[1780-84],to,HLTP,Ryl,I am quite delighted at this sweet hint & [?]
[1781],from,HLTP,Wms,As I went Yesterday I stop'd to read Hyder [?]
[1781],from,HLTP,BM(Bar),Well! and what have I to say to my [?]
[1780],from,HLTP,NYPL(B),[?]
[1780],from,HLTP,NYPL(B),Mr Hutton presents his Compliments to Miss [?]
10 Jan [1781],from,SEB,BM(Bar),"Friday Jan' 19th Yesterday was the Queen's"
19 Jan [1781],from,HLTP,NYPL(B),"On Wednesday Evening did I go to Town"
20 Jan,from,HLTP & Susanna Arabella Thrale,BM(Bar),I received your kind Letter
22 Jan [1781],from,HLTP,BM(Bar),"to select Dearest Madam I do begin to"
[post 22 Jan 1781],from,HLTP,BM(Bar),It was had not yet written just as you did
23 Jan,from,HLTP,NYPL(B),I write to Mrs. Thrale myself about your [?]
[28] Jun [1781],from,HLTP,NYPL(B),[?]
30 Jan [1781],from,HLTP,BM(Bar),"My Dearest Madam this is a disappointment"
Jan-Apr 1781,to,HLTP,BM(Bar),I regret that the people know their own good [?]
[1781],to,SEB,NYPL(B),just beginning to feel a little languid
[1781],to,HLTP,NYPL(B),"God bless you my Dearest Madam! — I think"
3 Feb [1781],to,SEB,NYPL(B),"The very good & sweet for accepting my"
3 Feb [1781],from,SEB,Osb,"My dear lovely Burney cannot be too much"
[Feb 1781],from,HLTP,BM(Bar),What it become of our dear little Burney
8 Feb [1781],to,SEB,NYPL(B),This message have two sweet & most
8 Feb [1781],from,HLTP,NYPL(B),You might me softly my dear Girl with charming [?]
10 Feb [1781],from,SEB,BM(Bar),"Saturday Feb' 10th M' & M'rs Hoole drinks tea"
[5 Feb 1781],from,HLTP,BM(Bar),This Monday Dick Burney tells me how
13 Feb [1781],from,HLTP,Wms,works & so pretty hard — it is a new
14 Feb [1781],to,HLTP,Ryl,What and I do for another Heart to give you
[10 Feb 1781],to,CB SEB & CAB,NYPL(B),I am glad we got wonderfully better & mean to be [?]
20 Feb [1781],to,SEB,NYPL(B),"Source was I got over the Common before"
[Feb 1781],from,HLTP,NYPL(B),My dearest Susy's last Letter made me sad for
Feb [1781],from,HLTP,NYPL(B),It was just [?]
20 [Mar 1781],from,HLTP,BM(Bar),I can perhaps now I am at a Distance
27 MR pmk [1781],from,Samuel Crisp,BM(Bar),Mrs has given me the utmost satisfaction
20 Mar,from,Samuel Crisp (with PS by CB),BM(Bar),You are a good soul and to trouble your head
[c Mar 1781],to,HLTP,Hyde,Sweeter than ever is my Dearest Mrs. Thrale
[c Mar 1781],from,HLTP,Hyde,I enclose my Tyo her Ticket — Peggy Pitches
[1 Mar 1781],from,HLTP,NYPL(B),I was quite to the my dearest [?]
[post 1 Apr 1781],to,SEB,NYPL(B),[?]
[3-4 Apr 1781],from,Sophia Streatfield,BM(Bar),Old Dearest Fanny — our Dear Master [?]
4 Apr [1781],to,SEB,NYPL(B),I am in Highness to Mr Scruse write to me &
[Apr 1781],to,Samuel Crisp,NYPL(B),What shall I tell you Tyo! what! but that
5 Apr,from,James Hutton,NYPL(B),Yesterday was my dear little Louisa's Birthday
[5 Apr 1781],to,SEB,NYPL(B),I by to hide myself; Brighthamstone is the
6 Apr [1781],to,SEB,NYPL(B),I would I had some Commission some Business
8 Apr,to,HLTP,NYPL(B),My Dearest Burney's Letter was doubly
8 Apr,to,SEB,NYPL(B),I can give you no Commission Dear [?]
9 Apr [1781],from,SEB,NYPL(B),How warmly & unexpectedly consoling to me
10 Apr,from,HLTP,NYPL(B),"My dear lovely Tyo let hay be now forgiven"
18 Apr,from,Gasparo Pacchierotti,Osb,What astonishingly an Effect has made on me
18 Apr,from,HLTP,NYPL(B),"Oh Tuesday sent my little Dear Tyo with"
20 Apr [1781],from,HLTP,NYPL(B),Wish my sweet Tyo! & how go things at the [?]
[22 Apr],from,HLTP,NYPL(B),I will send for my Tyo o'Tuesday 24 y' a
23 Apr [1781],from,HLTP,NYPL(B),I believe you did misunderstand me my D [?]
25 Apr [1781],to,Samuel Crisp,NYPL(B),Have you not my dearest Daddy sought
10 May [1781],to,Samuel Crisp,NYPL(B),What shall I tell you Tyo! what! but that
15 May,from,Samuel Crisp,NYPL(B),I was neither cross nor surprised
[post 15] May,to,SEB,NYPL(B),I am much obliged to you my Dearest Susy
25 May,to,SEB & CAB,NYPL(B),We had hardly gone 10 yards before it began
31 May-5 June [1781],to,HLTP,NYPL(B),How precisely have you forestated my answer
[May 1781],to,SEB,NYPL(B),This was the great & most important Day
[May? 1781],from,HLTP,NYPL(B),With infinite Difficulty and long Delay the
[May-Aug 1781],from,HLTP,NYPL(B),Now Clarinda these then save this little Footage [?]
May-Aug [1781],from,HLTP,NYPL(B),see all my Dear little Tyo be delighted —
[May-Aug 1781],from,HLTP,NYPL(B),my Tyo was forced to send for Sir
[May-Aug [1781]],from,HLTP,NYPL(B),"Sir Richard Jobb breakfast here today and I"
[May-Aug 1781],from,HLTP,NYPL(B),"That Kats & Presho have had another Battle"
[May-Aug 1781],from,HLTP,NYPL(B),my dear Tyo to have more [?]
[Aug-May 1781],from,HLTP,NYPL(B),now do write my Tyo to Crutchley's Man [?]
[May 1781],from,HLTP,BM(Bar),"Harshly said? — no Dearest Madam never"
[May-20 June 1781],from,Gasparo Pacchierotti,Osb,[?]
[c 10 June 1781],to,SEB,BM(Bar),I have already written you my Dearest Tyo [?]
[14]-28 June,from,HLTP,NYPL(B),I found Dr Johnson in admirable good
20 June [1781],from,HLTP,NYPL(B),I saw off a most sad meow [?] my Dearest
28 June,from,SEB,BM(Bar),"The waiting for those long expected letter"
16 July,to,SEB & CAB,NYPL(B),I will give you all the scraps into
[8 July 1781],from,SEB,NYPL(B),I assure you much better though I must
9 July,from,HLTP,NYPL(B),I pray let these books be given for the
12 July [1781],to,SEB,NYPL(B),"Why is there such another Watch! —"
14-16 July,to,SEB & CAB,NYPL(B),I will give you now my dear Girls
15 Aug [1781],from,Samuel Crisp,BM(Bar),Do you believe me when I assure you
17 Aug,to,HLTP,NYPL(B),Now I am going to write a very tyo Letter —
[18 Aug 1781],from,HLTP,NYPL(B),"Wretched doings Ma'am! — "
20 Aug [1781],to,HLTP,NYPL(B),"Harshly said? — no Dearest Madam never"
[pre 21 Aug 1781],to,SEB,Iowa,I can merely write to — say I love you dearly
25 Aug-3 Sept,to,SEB & CAB,NYPL(B),My Paper Journal is now so in arrears
25 Sept,to,SEB,NYPL(B),I am you will think me a long Time my
[Aug? 1781],from,HLTP,NYPL(B),I thank you heartily my dearest Susy for your
[Aug? 1781],to,SEB,NYPL(B),Your Journal Letter was very entertaining
[Aug? 1781],to,SEB,Hyde,I was so shocked at the sight of Jacob
[Aug-Nov 1781],from,HLTP,NYPL(B),You know my ridiculous Whim of fearing &
9 July,from,Samuel Johnson,NYPL(B),Pray let these books be given for the [?]
1 p 8vo,from,HLTP,NYPL(B),I need not to have dreaded my [?]
[Mar-May 1782],from,HLTP,NYPL(B),[?]
[?] 53 pmk,from,HLTP,NYPL(B),No my sweetest Soul I only come for Park [?]
[post 4 Apr 1782],from,HLTP,NYPL(B),My dearest Burney will see that I did [?]
[5 AP] pmk [1782],from,Samuel Crisp,NYPL(B),"Heartily do I thank you my ever dear Daddy"
6 AP pmk [1782],from,Samuel Crisp,NYPL(B),"— some one or — 56 weeks of Genius"
[11 Apr 1782],to,HLTP,BM(Bar),So then I had I answered the last Letter
24 Apr [1782],from,HLTP,NYPL(B),I thought to have seen my sweet Fanny
25 Apr [1782],from,HLTP,NYPL(B),"Upon my Honour then my Dear I have"
[30 Apr 1782],from,HLTP,NYPL(B),My Eyes swell with reading & crying
[Apr 1782],from,HLTP,NYPL(B),& I do let me see my Love any more till we
[Apr? 1782],from,HLTP,NYPL(B),My precious Burney will wonder the I [?]
[Apr-Aug 1782],from,HLTP,NYPL(B),Well my dear Burney here is your little Friend
[Apr-Aug 1782],from,HLTP,NYPL(B),My ever! Burney must read this Book & bring [?]
[Apr-Aug 1782],from,HLTP,NYPL(B),"Poor was a Puppy & wanted to be taking it"
[Jan-Apr 1782],to,SEB,Ryl,I need not to have dreaded [?]
25 Feb [1782],from,Samuel Crisp,NYPL(B),I send you & Dearest Madam my third
[Feb-Apr 1782],from,HLTP,NYPL(B),I really am immensely hurt to think that my [?]
[Feb-Apr 1782],from,HLTP,NYPL(B),I shall bury your tender Spirits for God's
[Feb-Apr 1782],from,HLTP,NYPL(B),"O! Tuesday I will send for my sweet Burney"
[Feb 1782],from,HLTP,NYPL(B),I will wait for my sweet Burney [?]
[Feb 1782],to,SEB,NYPL(B),"Well at last God's a wondrous night but I"
[Feb 1782],to,SEB,NYPL(B),"Oh my dear Daddy which do you [?]"
19 Mar [1782],to,SBP [?],NYPL(B),I am in myself in continual disgrace [?]
[Mar 1782],from,HLTP,NYPL(B),I am in myself in continual disgrace [?]
[pmk May 1782],from,SEB,NYPL(B),Once since you left me Dearest Madam
[20 May?] [1782],from,HLTP,BM(Bar),"Well I won't crush but you know I"
[Mar 1782],from,HLTP,BM(Bar),Who in the world has a Daddy so kind
[May 1782],from,HLTP,NYPL(B),"That I could but come to you Dearest"
[May 1782],from,HLTP,NYPL(B),I desired a return of my most sincere thanks
[c 11 June 1782],from,HLTP,Osb,[?]
[June 1782],from,HLTP,BM(Bar),Dearest Madam I have written by the most [?]
[July 1782],from,HLTP,NYPL(B),"And to the Dr left the care of [?]"
[July 1782],from,HLTP,NYPL(B),At all my days dearest Susan my long
[July 1782],to,HLTP,NYPL(B),This dearest Madam for the sweet Words
[July 1782],to,SEB,NYPL(B),Else let me see my Heart yurn to see you my
[July 1782],from,SBP & CB,BM(Bar),I sent our sweet Susan better both in Health [?]
[July 1782],from,HLTP,NYPL(B),How I am dearest Madam & I know not when
[?] July,from,Gasparo Pacchierotti,BM(Bar),Rest rest of you Dearest Sir to spend
[30 July 1782],from,HLTP,NYPL(B),Well ever Burney I wrote your Father every
31 [July 1782],from,HLTP,NYPL(B),I could not keep your Father from his Nursery
[July 1782],to,CB,NYPL(B),I congratulate you Sir upon my
[July 1782],from,CAB,PM(Bar),You will be pleased to hear from me encore [?]
[July 1782],from,HLTP,NYPL(B),"[?] P J's real Sufferings but Cecilia's"
[July 1782],from,HLTP,NYPL(B),My charming Burney & how sweetly you bring [?]
4 [Aug 1782],to,CB,BM(Bar),[?]
5 Aug,to,Samuel Crisp,NYPL(B),"But now dearest Sir let me call"
8 Aug,to,Samuel Crisp,NYPL(B),"Many thanks dearest Daddy for your very kind"
9 Aug,from,SEB,NYPL(B),I long to hear from you my dearest most
9 Aug,from,Francois Sastres,NYPL(B),I have been so much pleased and
12 [Aug 1782],from,HLTP,NYPL(B),My Heart so lightened by the
16 Aug [1782],to,SBP,NYPL(B),Here I am my ever dearest Susy & here as
20 July,from,Edmond Burne [?],Comyn,I should feel myself according to Blame [?]
[post 5 Oct 1782],from,HLTP,BM(Bar),"I rec'd two Letters last night very sweet ones"
5 pmk Oct,from,Gasparo Pacchierotti,NYPL(B),"You have no idea with what pleasure I received"
15 Oct,to,Samuel Crisp,NYPL(B),Thanks my dear Daddy for your kind &
16 Oct [1782],to,HLTP,Harv(B),I see indeed Dearest Madam begin to
18 [Oct 1782],from,HLTP,NYPL(B),I have welcomed your charming Letter my Love
[19 Oct 1782],from,HLTP,NYPL(B),Sweet & most kind are your Letters dearest
24 Oct [1782],to,HLTP,NYPL(B),If you have indeed our own Mrs Thr. Think [?]
[Oct 1782],from,HLTP,NYPL(B),Mr Phillip's three Weeks with us [?]
Oct-20 Nov,to,SBP,NYPL(B),"In pursuance of my promise I will now begin"
20 Sept [1782],from,HLTP,NYPL(B),"The excessive & ceaseless hurry I have been in"
30 pmk,from,HLTP,NYPL(B),[?]
OC pmk [1782],from,HLTP,NYPL(B),[?]
[Oct? 1782],from,HLTP,NYPL(B),Thanks ever dearest madam for the best
[Oct? 1782],from,HLTP,NYPL(B),"Dear generous prudent faithful friendly"
[17 Aug [1782]],to,SEB,NYPL(B),How welcome did your Letter make
[17 Aug 1782],to,SEB,NYPL(B),My Writing is very important my dearest Susy
[1? Aug 1782],to,SBP,NYPL(B),[?]
31 Aug [1782],from,SEB,BM(Bar),[?]
3 Sept [1782],to,SEB,NYPL(B),[?]
[Sept 1782],from,HLTP,NYPL(B),I suspect; at times Burney [?]
10 [Sept 1782],from,HLTP,NYPL(B),"I August Sept the makers &"
14 Sept [1782],to,SEB,NYPL(B),oh what a Week before my departure
18 Sept,from,Thomas Lowndes,Comyn,[?]
1 Nov,from,HLTP,NYPL(B),[?]
24 Apr [1775],from,James Hutton,BM(Bar),[?]
3 Nov,to,CB,NYPL(B),How good sweet & most kind is my beloved
8 Nov,to,CB,NYPL(B),[?]
11 SE pmk [1781],to,CB,Osb,[?]
15 SE pmk [1781],to,Samuel Crisp,NYPL(B),"I intend sending you a Letter on"
[21 Sept 1781],to,SEB,NYPL(B),Though I now hope so very much & yet
21 Sept [1781] copy,to,SEB,NYPL(B),conclusion of a Letter to SEB
21 Sept,from,Samuel Crisp,BM(Bar),"Before I take any Notice either of your Journal"
25 Sept [1781],from,Samuel Crisp,BM(Bar),Her preserve & love ours my dearest Daddy
2 Oct [1781],to,Samuel Crisp,BM(Bar),I will not wait to tell you wish to hear how
3 Oct [1781],to,SEB,NYPL(B),"At 5 here so often been behind hand with your"
17 Oct,from,Samuel Crisp,BM(Bar),If I wish it you will send me a few more sheets
Oct,to,SEB & CAB,NYPL(B),"This last something the Instant I entered"
10 Nov [1781],from,HLTP,BM(Bar),What more bleeding more «dalliance»? still [?]
11 Nov,to,SEB,BM(Bar),"You are a most sweet Susan"
[Oct-Nov 1781],to,SEB,NYPL(B),"Saturday Evening Mr & Mrs Thrale took"
8 NO pmk [1781],from,Samuel Crisp,NYPL(B),Since Peace is proclaimed & I am got one
22 Nov,from,Samuel Crisp,BM(Bar),I imagine I have found out the Cause — or
[post Nov 1781],to,SEB,NYPL(B),I have now an opportunity to write a Folio
19 Nov,from,Gasparo Pacchierotti,Osb,"I dare say that is some Jolliness [or] In—"
23 Nov,to,SEB,NYPL(B),I was never so pleased with a visit
25 Nov [1781],to,HLTP,NYPL(B),"Just now have I read Letters from my best b[?]"
26 Nov,from,HLTP,NYPL(B),"You are the best Creature [?] I must love my"
[Nov 1781] mutilated,from,Samuel Crisp,BM(Bar),he [?several] Philip pp
25 Sept [1781],from,HLTP,NYPL(B),[?]
28 Nov,to,HLTP,BM(Bar),I dare say that it is some Jolliness [?]
[1781],to,SEB,NYPL(B),I was not a kind good you are to write to [?]
[1781],from,HLTP,BM(Bar),Thanks for your charming Letter — but
[1781],from,HLTP,NYPL(B),who be considered that your present work [?]
[1781?],from,HLTP,NYPL(B),Madam pardon me that I belong to [?]
[1781?],from,HLTP,NYPL(B),My Dearest Madam Alice — & yet not with [?]
[1781?],from,HLTP,Ryl,The rest and I Dearest Madam et this [?]
[1781?],from,HLTP,NYPL(B),This poor port is more tormenting than ever
[1781],from,HLTP,Hyde,I fond it all at House well & d to 1 in good
[1781?],from,HLTP,NYPL(B),"You are a clever Creature indeed — & so kind"
2 Dec [1781],to,HLTP,NYPL(B),Write to you dearest Madam? — How must [?]
[3 Dec? 1781],from,HLTP,BM(Bar),"Monday night Dec' 3 I have just finished"
7 Dec [1781],to,HLTP,NYPL(B),"I don't know what to say! — I don't know whe"
8 Dec [1781],from,HLTP,NYPL(B),"Thanks dearest Burney I waited for you"
10 Dec [1781],from,HLTP,NYPL(B),"And to Mrs Shirley Captain Phillips' not [?]"
13 Dec [1781],from,HLTP,NYPL(B),"I have got Mr' Johnson home at last so the"
14 Dec [1781],to,SEB,NYPL(B),I am now waiting to the utmost impatience for
16 Dec [1781],to,HLTP,NYPL(B),"And continue still I say — but not dare"
1 Dec,from,Catherine Coussmaker,NYPL(B),And could you imagine my Dear Miss Burn[ey]
5 D[c pmk [1781],from,SEB,BM(Bar),"called here twice to Day & as usual was"
[5 Dec],to,Samuel Crisp,NYPL(B),Exchequer of the high entertainment
24 Dec,from,Samuel Crisp,NYPL(B),"I have just read Evelina over again"
[7-19 Dec 1781],from,HLTP,NYPL(B),"What new purposes are we all aff — my"
[20 Dec 1781],to,HLTP,NYPL(B),I was bid again today for Sir Richard
[Dec 1781],from,HLTP,NYPL(B),I have been off all & it's nothing to say
[Dec 1781],from,HLTP,NYPL(B),[?] is a best a kind & good you are to write to
[1781],from,HLTP,BM(Bar),"who be considered that your present wish"
[1781?],from,HLTP,NYPL(B),Thanks for your comique Letter —
[c 1781],from,HLTP,NYPL(B),I have by chance heard a most affecting
8 AU pmk [1781-82],from,HLTP,Wms,Three words I have promised my my [?]
[1781-86],from,Henrietta Maria (Banister) North,NYPL(B),[?]
[pre 1782],from,Dorothy (Gregory) Alison,NYPL(B),I did not know that Mr M- had asked you for
[1782],to,HLTP,NYPL(B),my dearest Tyo has had charming Weather &
[1782?],to,HLTP,NYPL(B),[?]
[1782],from,HLTP,NYPL(B),I believe dearest Madam I shall surely see
[1782],from,HLTP,NYPL(B),Yesterday by the Pennypost I answered your
[1782],from,HLTP,BM(Bar),"Thanks for your charming Letter — but"
[1782],from,HLTP,NYPL(B),Thanks for your comique Letter [?]
[1782],from,CAB,NYPL(B),No room for a line but in the Frank to think [?]
[1782],from,CAB & CB,BM(Bar),"Brent at Chiswick & I have made him leave"
[1782],from,Hannah More,Comyn,[?]
[1782],to,SBP,NYPL(B),I plan [?] Town late to night [?]
[1782],from,HLTP,NYPL(B),"That I wish most heartily for your two"
[1782],from,HLTP,NYPL(B),"I should have been quite as bad at Miss Thr [?]"
[1782],from,HLTP,NYPL(B),"How sorry am I Dearest Madam to have you"
[1782],from,HLTP,NYPL(B),If Mr' Mr Sweetness took it [?]
[15 Dec 1782],to,SBP,NYPL(B),"[?] it's a pantsbox — Margt does not"
Dec receipt,to,Payne & Cadell,NYPL(B),"rec'd of Messrs Payne & Cadell Fifty Pounds"
[Dec 1782],to,SBP,NYPL(B),"A merry Christmas to you my Susy — my"
[1782],from,Elizabeth (Robinson) Montagu,NYPL(B),"I know gracious & tenderness of your heart"
[1782],from,HLTP,NYPL(B),to the Harrells on?
[1782],from,HLTP,NYPL(B),Why what a foolish Fellow that Other Man of
1 Nov,from,HLTP,NYPL(B),You have no idea with what pleasure [?]
[8 Nov 1782],to,HLTP,BM(Bar),[?]
Nov [1782],to,HLTP,NYPL(B),How sweet are the Letters you write Dearest
[Nov 1782],from,HLTP,NYPL(B),"it's a baby's Door without being upon the"
[Nov 1782],from,HLTP,NYPL(B),My dearest shall have the Coach at 3 o'clock
Nov-Dec 1782,from,HLTP,NYPL(B),I let you come home from that sweet seducing
[Nov-Dec 1782],from,HLTP,NYPL(B),"Tis my Creature that I love in any degree of"
[1782-3 Jan 1783],from,HLTP,NYPL(B),"Tell me dear Creature how you got home"
54 p,to,SBP,NYPL(B),[?]
[1782],from,HLTP,NYPL(B),How sorry am I Dearest Madam to have you [?]
[1782-83],from,HLTP,NYPL(B),[?]
25 Dec [1782],from,HLTP,NYPL(B),Tell me dearest Creature how long you [?]
[Dec 1782],from,HLTP,NYPL(B),All goes well my dearest Creatures I have had [?]
[1782],from,HLTP,BM(Bar),No room for a line but in the Frank to think [?]
[1782],from,CAB & CB,BM(Bar),"Brent at Chiswick & I have made him leave"
[1782],from,Hannah More,Comyn,[?]
[1783-80?],from,SBP,NYPL(B),I am sure on my part
[1783-86?],from,HLTP,NYPL(B),"I had turned off upon her beginnings"
[1783-86?],from,HLTP,NYPL(B),"It was really a singular notion of Miss"
[1783-86],from,Hester (Maria) Chapone [?],NYPL(B),I find Mrs Pepys had [?] wrapped you into [?]
[1782-86],from,Elizabeth (Robinson) Montagu,NYPL(B),"Mrs Montague [premiums?] Montagu"
[1782-86],from,Henrietta Maria (Banister) North,NYPL(B),I have a Box for Monday & still hope
[1782-86],to,Charlotte P [?],NYPL(B),I will once to you my Dearest Miss Cambridge
[1782-86],to,Charlotte Cambridge,NYPL(B),I was most truly concerned at your
[pre 1783],to,Rosette (Rose) Burney,NYPL(B),I was truly concerned my dear Miss Rose &
17 Jan [1783],from,HLTP,NYPL(B),here is a Present such as I know my enimet [?]
[18 Jan 1783],from,HLTP,NYPL(B),"Why my sweetest Burney! why what"
[21? Jan 1783],from,HLTP,NYPL(B),Nothing but Mistaken — but you won't wonder
[22? Jan 1783],from,HLTP,NYPL(B),I will begin a Letter to my sweetest Friend &
[23? Jan 1783],from,HLTP,NYPL(B),Dear little Selwin will bring me the Mony in [?]
[20 Jan 1783],from,HLTP,NYPL(B),How dearest loveliest kindest Burney! now
[20 Jan 1783],from,HLTP,NYPL(B),[?]
[Jan? 1783],from,HLTP,NYPL(B),my dearest Creature was particularly kind in
[Jan? 1783],from,HLTP,NYPL(B),not set my Love! not hear of me! with Concern
[Jan 1783],from,HLTP,NYPL(B),is your Complaint easier? & is your
[Jan? 1783],from,HLTP,NYPL(B),from dearest Burney "come into the Wessel [?]"
[Jan 1783],from,HLTP,NYPL(B),I have seen my sweetest loveliest Friend
1 Feb [1783],from,HLTP,NYPL(B),"I'll go have been to find you a very"
3-4 Feb [1783],from,HLTP,NYPL(B),"how could you let me down my"
[4-9? Feb 1783],from,HLTP,NYPL(B),"the best I believe is for me to [?]"
[6 Feb 1783],from,HLTP,NYPL(B),I am little easier my dearest and poor
[6?] Mar [1783],from,HLTP,NYPL(B),My sweet Burney will say the last Words of
25 Mar,to,SBP,BM(Bar),I think you heartily my dearest Girl for your [?]
[Mar? 1783],from,HLTP,NYPL(B),All goes & I think about what I can most
[Mar 1783],from,HLTP,NYPL(B),"in despite of Maids & Moppets in despite of"
[Mar? 1783],from,HLTP,NYPL(B),When I tell you that I was so mortified after
12 Feb [1783],from,HLTP,NYPL(B),I am better today though the night was terrible
13 Feb [1783],from,HLTP,NYPL(B),it is a scanty fair to plague you so;
[14 Feb 1783],from,HLTP,NYPL(B),"My Dearest Creature not quite says she —"
post 14 Feb [1783],from,HLTP,NYPL(B),Come do this Morng loveliest Burney;
[19-23 Feb 1783],from,HLTP,NYPL(B),"Wednesday I spent the afternoon &"
24 Feb,to,SBP,NYPL(B),"How sorry I have been my sweetest Susy"
[Feb? 1783],from,HLTP,NYPL(B),"Wednesday I have misplayed my Days"
[Feb? 1783],from,HLTP,NYPL(B),"Oh my sweetest Soul! what tallest thou of"
[Feb? 1783],from,HLTP,NYPL(B),I am little easier my dearest and poor
2 Feb [1783],from,HLTP,NYPL(B),"to pester you with Letters"
[Feb 1783],from,HLTP,NYPL(B),"I forget loveliest Burney why what"
5-10 Feb [1783],from,HLTP,NYPL(B),"Neither Lantions nor Forgetfulness that"
[Mar 1783],from,HLTP,NYPL(B),My dearest Burney wishes to hear how I do &
