source_text,letter_number,direction,correspondent,date,year
LettersToFromJohnsonVol1_1788,1,Johnson to Thrale,Mrs Thrale,1779,1779
LettersToFromJohnsonVol1_1788,5,Johnson to Thrale,Mrs Thrale,,
LettersToFromJohnsonVol1_1788,10,Johnson to Thrale,Mrs Thrale,,
LettersToFromJohnsonVol1_1788,16,Johnson to Thrale,Mrs Thrale,,
LettersToFromJohnsonVol1_1788,19,Johnson to Thrale,Mrs Thrale,"June 29, 1769",1769
LettersToFromJohnsonVol1_1788,21,Johnson to Thrale,Mrs Thrale,"August 14, 1769",1769
LettersToFromJohnsonVol1_1788,22,Johnson to Thrale,Mrs Thrale,,
LettersToFromJohnsonVol1_1788,30,Johnson to Thrale,Mrs Thrale,1771,1771
LettersToFromJohnsonVol1_1788,35,Johnson to Thrale,Mrs Thrale,"July 7, 1771",1771
LettersToFromJohnsonVol1_1788,37,Johnson to Thrale,Mrs Thrale,1771,1771
LettersToFromJohnsonVol1_1788,53,Johnson to Thrale,Mrs Thrale,1772,1772
LettersToFromJohnsonVol1_1788,61,Johnson to Thrale,Mrs Thrale,1773,1773
LettersToFromJohnsonVol1_1788,64,Johnson to Thrale,Mrs Thrale,"March 25, 1773",1773
LettersToFromJohnsonVol1_1788,65,Johnson to Thrale,Mrs Thrale,"April 27, 1773",1773
LettersToFromJohnsonVol1_1788,66,Johnson to Thrale,Mrs Thrale,,
LettersToFromJohnsonVol1_1788,69,Johnson to Thrale,Mrs Thrale,,
LettersToFromJohnsonVol1_1788,74,Johnson to Thrale,Mrs Thrale,1773,1773
LettersToFromJohnsonVol1_1788,75,Johnson to Thrale,Mrs Thrale,"August 25, 1773",1773
LettersToFromJohnsonVol1_1788,77,Johnson to Thrale,Mrs Thrale,1773,1773
LettersToFromJohnsonVol1_1788,79,Johnson to Thrale,Mrs Thrale,"June 22, 1771",1771
LettersToFromJohnsonVol1_1788,81,Johnson to Thrale,Mrs Thrale,1773,1773
LettersToFromJohnsonVol1_1788,84,Johnson to Thrale,Mrs Thrale,,
LettersToFromJohnsonVol1_1788,85,Johnson to Mr Thrale,Mr Thrale,1773,1773
LettersToFromJohnsonVol1_1788,90,Johnson to Thrale,Mrs Thrale,"November 3, 1773",1773
LettersToFromJohnsonVol1_1788,93,Johnson to Thrale,Mrs Thrale,,
LettersToFromJohnsonVol1_1788,94,Johnson to Thrale,Mrs Thrale,1773,1773
LettersToFromJohnsonVol1_1788,97,Johnson to Thrale,Mrs Thrale,"February 3, 1775",1775
LettersToFromJohnsonVol1_1788,99,Johnson to Thrale,Mrs Thrale,1775,1775
LettersToFromJohnsonVol1_1788,104,Johnson to Thrale,Mrs Thrale,,
LettersToFromJohnsonVol1_1788,110,Johnson to Thrale,Mrs Thrale,"March 20, 1773",1773
LettersToFromJohnsonVol1_1788,114,Johnson to Thrale,Mrs Thrale,,
LettersToFromJohnsonVol1_1788,115,Johnson to Thrale,Mrs Thrale,,
LettersToFromJohnsonVol1_1788,117,Thrale to Johnson,Samuel Johnson,1775,1775
LettersToFromJohnsonVol1_1788,124,Johnson to Thrale,Mrs Thrale,1775,1775
LettersToFromJohnsonVol1_1788,129,Johnson to Thrale,Mrs Thrale,"July 17, 1775",1775
LettersToFromJohnsonVol1_1788,130,Johnson to Thrale,Mrs Thrale,1775,1775
LettersToFromJohnsonVol1_1788,132,Johnson to Thrale,Mrs Thrale,,
LettersToFromJohnsonVol1_1788,134,Johnson to Thrale,Mrs Thrale,,
LettersToFromJohnsonVol1_1788,135,Johnson to Thrale,Mrs Thrale,"July 39, 1775",1775
LettersToFromJohnsonVol1_1788,140,Johnson to Thrale,Mrs Thrale,1775,1775
LettersToFromJohnsonVol1_1788,145,Johnson to Thrale,Mrs Thrale,"March 3, 1775",1775
LettersToFromJohnsonVol1_1788,146,Thrale to Johnson,Samuel Johnson,"May 3, 1776",1776
LettersToFromJohnsonVol1_1788,147,Johnson to Thrale,Mrs Thrale,"May 6, 1776",1776
LettersToFromJohnsonVol1_1788,161,Johnson to Mr Thrale,Mr Thrale,"April 9, 1777",1777
LettersToFromJohnsonVol1_1788,165,Johnson to Thrale,Mrs Thrale,,
LettersToFromJohnsonVol1_1788,169,Johnson to Thrale,Mrs Thrale,1775,1775
LettersToFromJohnsonVol1_1788,174,Johnson to Thrale,Mrs Thrale,1775,1775
LettersToFromJohnsonVol1_1788,175,Johnson to Thrale,Mrs Thrale,,
LettersToFromJohnsonVol2_1788,184,Johnson to Thrale,Mrs Thrale,"October 10, 1777",1777
LettersToFromJohnsonVol2_1788,185,Johnson to Thrale,Mrs Thrale,1777,1777
LettersToFromJohnsonVol1_1788,186,Johnson to Thrale,Mrs Thrale,1777,1777
LettersToFromJohnsonVol1_1788,187,Johnson to Thrale,Mrs Thrale,1777,1777
LettersToFromJohnsonVol2_1788,188,Johnson to Thrale,Mrs Thrale,,
LettersToFromJohnsonVol1_1788,189,Johnson to Thrale,Mrs Thrale,1777,1777
LettersToFromJohnsonVol2_1788,190,Johnson to Thrale,Mrs Thrale,1777,1777
LettersToFromJohnsonVol2_1788,194,Johnson to Thrale,Mrs Thrale,1778,1778
LettersToFromJohnsonVol2_1788,195,Johnson to Thrale,Mrs Thrale,"November 9, 1778",1778
LettersToFromJohnsonVol1_1788,196,Johnson to Thrale,Mrs Thrale,1778,1778
LettersToFromJohnsonVol2_1788,197,Johnson to Thrale,Mrs Thrale,"November 14, 1778",1778
LettersToFromJohnsonVol2_1788,198,Johnson to Thrale,Mrs Thrale,"November 21, 1778",1778
LettersToFromJohnsonVol2_1788,199,Johnson to Thrale,Mrs Thrale,"March 10, 1779",1779
LettersToFromJohnsonVol2_1788,200,Johnson to Thrale,Mrs Thrale,"March 18, 1779",1779
LettersToFromJohnsonVol2_1788,201,Johnson to Thrale,Mrs Thrale,"May 20, 1779",1779
LettersToFromJohnsonVol2_1788,202,Johnson to Thrale,Mrs Thrale,,
LettersToFromJohnsonVol2_1788,204,Johnson to Thrale,Mrs Thrale,"June 14, 1779",1779
LettersToFromJohnsonVol1_1788,205,Johnson to Thrale,Mrs Thrale,1777,1777
LettersToFromJohnsonVol2_1788,208,Johnson to Mr Thrale,Mr Thrale,1779,1779
LettersToFromJohnsonVol2_1788,209,Johnson to Mr Thrale,Mr Thrale,"July 15, 1779",1779
LettersToFromJohnsonVol2_1788,210,Johnson to Thrale,Mrs Thrale,1779,1779
LettersToFromJohnsonVol2_1788,211,Johnson to Thrale,Mrs Thrale,1779,1779
LettersToFromJohnsonVol2_1788,212,Johnson to Thrale,Mrs Thrale,1779,1779
LettersToFromJohnsonVol2_1788,213,Johnson to Thrale,Mrs Thrale,1779,1779
LettersToFromJohnsonVol1_1788,214,Johnson to Thrale,Mrs Thrale,1779,1779
LettersToFromJohnsonVol1_1788,215,Johnson to Thrale,Mrs Thrale,1779,1779
LettersToFromJohnsonVol1_1788,216,Johnson to Thrale,Mrs Thrale,1779,1779
LettersToFromJohnsonVol2_1788,217,Johnson to Thrale,Mrs Thrale,1779,1779
LettersToFromJohnsonVol2_1788,218,Johnson to Thrale,Mrs Thrale,"November 2, 1779",1779
LettersToFromJohnsonVol2_1788,219,Johnson to Thrale,Mrs Thrale,"November 4, 1779",1779
LettersToFromJohnsonVol2_1788,220,Johnson to Thrale,Mrs Thrale,"November 7, 1779",1779
LettersToFromJohnsonVol1_1788,221,Johnson to Thrale,Mrs Thrale,"November 8, 1779",1779
LettersToFromJohnsonVol1_1788,222,Thrale to Johnson,Samuel Johnson,1779,1779
LettersToFromJohnsonVol2_1788,224,Johnson to Thrale,Mrs Thrale,"November 20, 1779",1779
LettersToFromJohnsonVol1_1788,226,Johnson to Thrale,Mrs Thrale,,
LettersToFromJohnsonVol2_1788,227,Johnson to Thrale,Mrs Thrale,"April 15, 1780",1780
LettersToFromJohnsonVol2_1788,228,Johnson to Thrale,Mrs Thrale,1780,1780
LettersToFromJohnsonVol1_1788,229,Johnson to Thrale,Mrs Thrale,,
LettersToFromJohnsonVol2_1788,230,Johnson to Thrale,Mrs Thrale,,
LettersToFromJohnsonVol2_1788,231,Johnson to Thrale,Mrs Thrale,"May 7, 1780",1780
LettersToFromJohnsonVol2_1788,232,Johnson to Thrale,Mrs Thrale,1780,1780
LettersToFromJohnsonVol2_1788,234,Johnson to Thrale,Mrs Thrale,"May 9, 1780",1780
LettersToFromJohnsonVol2_1788,235,Johnson to Thrale,Mrs Thrale,1780,1780
LettersToFromJohnsonVol2_1788,236,Thrale to Johnson,Samuel Johnson,,
LettersToFromJohnsonVol2_1788,237,Johnson to Thrale,Mrs Thrale,,
LettersToFromJohnsonVol2_1788,238,Johnson to Thrale,Mrs Thrale,"May 30, 1780",1780
LettersToFromJohnsonVol2_1788,239,Johnson to Thrale,Mrs Thrale,1778,1778
LettersToFromJohnsonVol1_1788,240,Johnson to Thrale,Mrs Thrale,"June 9, 1780",1780
LettersToFromJohnsonVol2_1788,241,Thrale to Johnson,Samuel Johnson,"June 10, 1780",1780
LettersToFromJohnsonVol2_1788,243,Johnson to Thrale,Mrs Thrale,"June 12, 1780",1780
LettersToFromJohnsonVol1_1788,244,Johnson to Thrale,Mrs Thrale,"June 14, 1780",1780
LettersToFromJohnsonVol2_1788,245,Johnson to Thrale,Mrs Thrale,"June 15, 1780",1780
LettersToFromJohnsonVol2_1788,246,Johnson to Thrale,Mrs Thrale,"June 21, 1780",1780
LettersToFromJohnsonVol2_1788,247,Johnson to Thrale,Mrs Thrale,,
LettersToFromJohnsonVol2_1788,249,Johnson to Thrale,Mrs Thrale,"July 27, 1780",1780
LettersToFromJohnsonVol2_1788,250,Johnson to Thrale,Mrs Thrale,"February 16, 1782",1782
LettersToFromJohnsonVol2_1788,251,Johnson to Thrale,Mrs Thrale,"August 8, 1780",1780
LettersToFromJohnsonVol2_1788,253,Johnson to Thrale,Mrs Thrale,,
LettersToFromJohnsonVol1_1788,254,Thrale to Johnson,Samuel Johnson,,
LettersToFromJohnsonVol1_1788,255,Johnson to Thrale,Mrs Thrale,"August 24, 1780",1780
LettersToFromJohnsonVol2_1788,256,Johnson to Thrale,Mrs Thrale,"August 25, 1780",1780
LettersToFromJohnsonVol2_1788,257,Johnson to Thrale,Mrs Thrale,"April 5, 1781",1781
LettersToFromJohnsonVol2_1788,258,Johnson to Thrale,Mrs Thrale,"April 7, 1781",1781
LettersToFromJohnsonVol2_1788,259,Johnson to Thrale,Mrs Thrale,"April 9, 1781",1781
LettersToFromJohnsonVol1_1788,260,Johnson to Thrale,Mrs Thrale,1781,1781
LettersToFromJohnsonVol1_1788,261,Johnson to Thrale,Mrs Thrale,"April 12, 1781",1781
LettersToFromJohnsonVol1_1788,264,Johnson to Thrale,Mrs Thrale,,
LettersToFromJohnsonVol1_1788,265,Johnson to Thrale,Mrs Thrale,"October 17, 1781",1781
LettersToFromJohnsonVol2_1788,266,Johnson to Thrale,Mrs Thrale,"October 20, 1781",1781
LettersToFromJohnsonVol2_1788,267,Johnson to Thrale,Mrs Thrale,"October 23, 1781",1781
LettersToFromJohnsonVol2_1788,269,Johnson to Thrale,Mrs Thrale,"October 31, 1781",1781
LettersToFromJohnsonVol2_1788,270,Thrale to Johnson,Samuel Johnson,,
LettersToFromJohnsonVol2_1788,271,Johnson to Thrale,Mrs Thrale,"November 3, 1781",1781
LettersToFromJohnsonVol2_1788,273,Johnson to Thrale,Mrs Thrale,"November 12, 1781",1781
LettersToFromJohnsonVol2_1788,274,Johnson to Thrale,Mrs Thrale,"November 14, 1781",1781
LettersToFromJohnsonVol1_1788,275,Johnson to Thrale,Mrs Thrale,"November 24, 1781",1781
LettersToFromJohnsonVol2_1788,276,Johnson to Thrale,Mrs Thrale,"December 3, 1781",1781
LettersToFromJohnsonVol1_1788,277,Johnson to Thrale,Mrs Thrale,"December 8, 1781",1781
LettersToFromJohnsonVol2_1788,279,Thrale to Johnson,Samuel Johnson,"February 16, 1782",1782
LettersToFromJohnsonVol2_1788,280,Johnson to Thrale,Mrs Thrale,"February 17, 1782",1782
LettersToFromJohnsonVol2_1788,282,Johnson to Thrale,Mrs Thrale,"March 14, 1782",1782
LettersToFromJohnsonVol1_1788,283,Johnson to Thrale,Mrs Thrale,,
LettersToFromJohnsonVol2_1788,284,Johnson to Thrale,Mrs Thrale,"April 30, 1782",1782
LettersToFromJohnsonVol1_1788,285,Johnson to Thrale,Mrs Thrale,"May 8, 1782",1782
LettersToFromJohnsonVol1_1788,289,Johnson to Thrale,Mrs Thrale,,
LettersToFromJohnsonVol1_1788,290,Johnson to Thrale,Mrs Thrale,"June 12, 1780",1780
LettersToFromJohnsonVol2_1788,291,Johnson to Thrale,Mrs Thrale,"June 28, 1781",1781
LettersToFromJohnsonVol2_1788,292,Johnson to Thrale,Mrs Thrale,"July 8, 1782",1782
LettersToFromJohnsonVol1_1788,293,Johnson to Thrale,Mrs Thrale,,
LettersToFromJohnsonVol1_1788,294,Thrale to Johnson,Samuel Johnson,,
LettersToFromJohnsonVol1_1788,295,Johnson to Thrale,Mrs Thrale,1780,1780
LettersToFromJohnsonVol1_1788,296,Johnson to Thrale,Mrs Thrale,"May 8, 1783",1783
LettersToFromJohnsonVol1_1788,297,Johnson to Thrale,Mrs Thrale,,
LettersToFromJohnsonVol2_1788,299,Johnson to Thrale,Mrs Thrale,"June 13, 1783",1783
LettersToFromJohnsonVol2_1788,300,Thrale to Johnson,Samuel Johnson,"June 15, 1783",1783
LettersToFromJohnsonVol2_1788,301,Johnson to Thrale,Mrs Thrale,"June 19, 1783",1783
LettersToFromJohnsonVol2_1788,302,Johnson to Thrale,Mrs Thrale,"June 20, 1783",1783
LettersToFromJohnsonVol1_1788,303,Johnson to Thrale,Mrs Thrale,"June 21, 1783",1783
LettersToFromJohnsonVol2_1788,304,Johnson to Thrale,Mrs Thrale,"June 25, 1783",1783
LettersToFromJohnsonVol1_1788,305,Johnson to Thrale,Mrs Thrale,,
LettersToFromJohnsonVol2_1788,306,Johnson to Thrale,Mrs Thrale,"June 28, 1783",1783
LettersToFromJohnsonVol2_1788,308,Johnson to Thrale,Mrs Thrale,1783,1783
LettersToFromJohnsonVol2_1788,309,Johnson to Thrale,Mrs Thrale,"July 3, 1783",1783
LettersToFromJohnsonVol2_1788,310,Johnson to Thrale,Mrs Thrale,"July 5, 1783",1783
LettersToFromJohnsonVol2_1788,312,Johnson to Thrale,Mrs Thrale,"July 8, 1783",1783
LettersToFromJohnsonVol1_1788,313,Johnson to Thrale,Mrs Thrale,"July 23, 1783",1783
LettersToFromJohnsonVol2_1788,314,Johnson to Thrale,Mrs Thrale,"July 24, 1785",1785
LettersToFromJohnsonVol2_1788,315,Johnson to Thrale,Mrs Thrale,"July 26, 1783",1783
LettersToFromJohnsonVol2_1788,316,Johnson to Thrale,Mrs Thrale,"August 13, 1783",1783
LettersToFromJohnsonVol2_1788,318,Johnson to Thrale,Mrs Thrale,"August 26, 1783",1783
LettersToFromJohnsonVol2_1788,319,Johnson to Thrale,Mrs Thrale,"November 10, 1781",1781
LettersToFromJohnsonVol2_1788,320,Johnson to Thrale,Mrs Thrale,"September 9, 1783",1783
LettersToFromJohnsonVol2_1788,322,Johnson to Thrale,Mrs Thrale,"October 6, 1783",1783
LettersToFromJohnsonVol2_1788,324,Johnson to Thrale,Mrs Thrale,1783,1783
LettersToFromJohnsonVol2_1788,325,Johnson to Thrale,Mrs Thrale,"October 27, 1783",1783
LettersToFromJohnsonVol2_1788,327,Johnson to Thrale,Mrs Thrale,"November 13, 1783",1783
LettersToFromJohnsonVol2_1788,328,Johnson to Thrale,Mrs Thrale,"November 18, 1783",1783
LettersToFromJohnsonVol1_1788,329,Johnson to Thrale,Mrs Thrale,"November 20, 1783",1783
LettersToFromJohnsonVol2_1788,330,Johnson to Thrale,Mrs Thrale,"November 24, 1783",1783
LettersToFromJohnsonVol1_1788,331,Johnson to Thrale,Mrs Thrale,"November 27, 1783",1783
LettersToFromJohnsonVol2_1788,332,Johnson to Thrale,Mrs Thrale,"November 29, 1783",1783
LettersToFromJohnsonVol2_1788,333,Thrale to Johnson,Samuel Johnson,"November 31, 1783",1783
LettersToFromJohnsonVol2_1788,334,Johnson to Thrale,Mrs Thrale,"December 13, 1783",1783
LettersToFromJohnsonVol2_1788,335,Johnson to Thrale,Mrs Thrale,"December 27, 1785",1785
LettersToFromJohnsonVol2_1788,336,Johnson to Thrale,Mrs Thrale,"December 31, 1783",1783
LettersToFromJohnsonVol2_1788,337,Johnson to Thrale,Mrs Thrale,"January 12, 1784",1784
LettersToFromJohnsonVol2_1788,338,Johnson to Thrale,Mrs Thrale,"January 21, 1784",1784
LettersToFromJohnsonVol1_1788,339,Johnson to Thrale,Mrs Thrale,"February 9, 1784",1784
LettersToFromJohnsonVol2_1788,340,Johnson to Thrale,Mrs Thrale,"March 10, 1784",1784
LettersToFromJohnsonVol2_1788,341,Johnson to Thrale,Mrs Thrale,"March 16, 1784",1784
LettersToFromJohnsonVol2_1788,342,Johnson to Thrale,Mrs Thrale,"March 20, 1784",1784
LettersToFromJohnsonVol2_1788,343,Johnson to Thrale,Mrs Thrale,"March 25, 1784",1784
LettersToFromJohnsonVol2_1788,344,Johnson to Thrale,Mrs Thrale,"June 5, 1783",1783
LettersToFromJohnsonVol2_1788,345,Johnson to Thrale,Mrs Thrale,"April 15, 1784",1784
LettersToFromJohnsonVol2_1788,346,Johnson to Thrale,Mrs Thrale,"April 19, 1784",1784
LettersToFromJohnsonVol2_1788,348,Johnson to Thrale,Mrs Thrale,"April 26, 1784",1784
LettersToFromJohnsonVol1_1788,349,Johnson to Thrale,Mrs Thrale,,
LettersToFromJohnsonVol1_1788,350,Johnson to Thrale,Mrs Thrale,1784,1784
LettersToFromJohnsonVol2_1788,351,Johnson to Thrale,Mrs Thrale,"June 17, 1784",1784
LettersToFromJohnsonVol2_1788,352,Johnson to Thrale,Mrs Thrale,1784,1784
LettersToFromJohnsonVol2_1788,354,Johnson to Thrale,Mrs Thrale,,
LettersToFromJohnsonVol1_1788,355,Johnson to Thrale,Mrs Thrale,1783,1783
LettersToFromJohnsonVol1_1788,359,Johnson to Thrale,Mrs Thrale,"July 8, 1785",1785
LettersToFromJohnsonVol2_1788,361,Johnson to Thrale,Mrs Thrale,,
LettersToFromJohnsonVol1_1788,364,Johnson to Thrale,Mrs Thrale,"August 20, 1783",1783
LettersToFromJohnsonVol1_1788,365,Johnson to Thrale,Mrs Thrale,1783,1783
LettersToFromJohnsonVol2_1788,370,Johnson to Thrale,Mrs Thrale,1783,1783
LettersToFromJohnsonVol1_1788,375,Johnson to Thrale,Mrs Thrale,"December 31, 1783",1783
LettersToFromJohnsonVol1_1788,390,Johnson to Thrale,Mrs Thrale,"March 16, 1784",1784
LettersToFromJohnsonVol2_1788,394,Johnson to Thrale,Mrs Thrale,1784,1784
IntimateLettersPennington,1,Piozzi to Pennington,Penelope Weston,"July 10, 1789",1789
IntimateLettersPennington,2,Piozzi to Pennington,Penelope Pennington,,1789
IntimateLettersPennington,3,Piozzi to Pennington,Penelope Pennington,,1789
IntimateLettersPennington,4,Piozzi to Pennington,Penelope Weston,"November 2, 1789",1789
IntimateLettersPennington,5,Piozzi to Pennington,Penelope Weston,"October 12, 1790",1790
IntimateLettersPennington,6,Piozzi to Pennington,Penelope Weston,"November 10, 1790",1790
IntimateLettersPennington,7,Piozzi to Pennington,Penelope Weston,"January 11, 1791",1791
IntimateLettersPennington,8,Piozzi to Pennington,Penelope Weston,"February 11, 1791",1791
IntimateLettersPennington,9,Piozzi to Pennington,Penelope Pennington,,1791
IntimateLettersPennington,10,Piozzi to Pennington,Penelope Pennington,,1791
IntimateLettersPennington,11,Piozzi to Pennington,Penelope Weston,"August 18, 1791",1791
IntimateLettersPennington,12,Piozzi to Pennington,Penelope Pennington,,1791
IntimateLettersPennington,13,Piozzi to Pennington,Penelope Pennington,,1791
IntimateLettersPennington,14,Piozzi to Pennington,Penelope Pennington,,1791
IntimateLettersPennington,15,Piozzi to Pennington,Penelope Pennington,,1791
IntimateLettersPennington,16,Piozzi to Pennington,Penelope Pennington,,1791
IntimateLettersPennington,17,Piozzi to Pennington,Penelope Pennington,,1791
IntimateLettersPennington,18,Piozzi to Pennington,Penelope Pennington,,1791
IntimateLettersPennington,19,Piozzi to Pennington,Penelope Pennington,,1791
IntimateLettersPennington,20,Piozzi to Pennington,Penelope Weston,"September 9, 1792",1792
IntimateLettersPennington,21,Piozzi to Pennington,Penelope Pennington,,1792
IntimateLettersPennington,22,Piozzi to Pennington,Penelope Pennington,,1792
IntimateLettersPennington,23,Piozzi to Pennington,Penelope Pennington,,1792
IntimateLettersPennington,24,Piozzi to Pennington,Penelope Weston,"October 6, 1792",1792
IntimateLettersPennington,25,Piozzi to Pennington,Penelope Weston,"October 14, 1792",1792
IntimateLettersPennington,26,Piozzi to Pennington,Penelope Weston,"November 7, 1792",1792
IntimateLettersPennington,27,Piozzi to Pennington,Penelope Pennington,"January 10, 1793",1793
IntimateLettersPennington,28,Piozzi to Pennington,Penelope Pennington,"January 17, 1793",1793
IntimateLettersPennington,29,Piozzi to Pennington,Penelope Pennington,"January 24, 1793",1793
IntimateLettersPennington,30,Piozzi to Pennington,Penelope Pennington,"January 30, 1793",1793
IntimateLettersPennington,31,Piozzi to Pennington,Penelope Pennington,"February 7, 1793",1793
IntimateLettersPennington,32,Piozzi to Pennington,Penelope Pennington,"March 12, 1793",1793
IntimateLettersPennington,33,Piozzi to Pennington,Penelope Pennington,"March 20, 1793",1793
IntimateLettersPennington,34,Piozzi to Pennington,Penelope Pennington,"April 21, 1793",1793
IntimateLettersPennington,35,Piozzi to Pennington,Penelope Pennington,"April 26, 1793",1793
IntimateLettersPennington,36,Piozzi to Pennington,Penelope Pennington,,1793
IntimateLettersPennington,37,Piozzi to Pennington,Penelope Pennington,,1793
IntimateLettersPennington,38,Piozzi to Pennington,Penelope Pennington,"June 16, 1793",1793
IntimateLettersPennington,39,Piozzi to Pennington,Penelope Pennington,,1793
IntimateLettersPennington,40,Piozzi to Pennington,Penelope Pennington,"August 10, 1793",1793
IntimateLettersPennington,41,Piozzi to Pennington,Penelope Pennington,"September 19, 1793",1793
IntimateLettersPennington,42,Piozzi to Pennington,Penelope Pennington,,1793
IntimateLettersPennington,43,Piozzi to Pennington,Penelope Pennington,"December 2, 1793",1793
IntimateLettersPennington,44,Piozzi to Pennington,Penelope Pennington,,1793
IntimateLettersPennington,45,Piozzi to Pennington,Penelope Pennington,"April 26, 1794",1794
IntimateLettersPennington,46,Piozzi to Pennington,Penelope Pennington,"May 16, 1794",1794
IntimateLettersPennington,47,Piozzi to Pennington,Penelope Pennington,,1794
IntimateLettersPennington,48,Piozzi to Pennington,Penelope Pennington,"August 4, 1794",1794
IntimateLettersPennington,49,Piozzi to Pennington,Penelope Pennington,"September 11, 1794",1794
IntimateLettersPennington,50,Piozzi to Pennington,Penelope Pennington,"September 19, 1794",1794
IntimateLettersPennington,51,Piozzi to Pennington,Penelope Pennington,,1794
IntimateLettersPennington,52,Piozzi to Pennington,Penelope Pennington,"February 17, 1795",1795
IntimateLettersPennington,53,Piozzi to Pennington,Penelope Pennington,"March 24, 1795",1795
IntimateLettersPennington,54,Piozzi to Pennington,Penelope Pennington,,1795
IntimateLettersPennington,55,Piozzi to Pennington,Penelope Pennington,"May 11, 1795",1795
IntimateLettersPennington,56,Piozzi to Pennington,Penelope Pennington,"June 13, 1795",1795
IntimateLettersPennington,57,Piozzi to Pennington,Penelope Pennington,,1795
IntimateLettersPennington,58,Piozzi to Pennington,Penelope Pennington,,1795
IntimateLettersPennington,59,Piozzi to Pennington,Penelope Pennington,"October 21, 1795",1795
IntimateLettersPennington,60,Piozzi to Pennington,Penelope Pennington,"November 24, 1795",1795
IntimateLettersPennington,61,Piozzi to Pennington,Penelope Pennington,,1795
IntimateLettersPennington,62,Piozzi to Pennington,Penelope Pennington,April 1796,1796
IntimateLettersPennington,63,Piozzi to Pennington,Penelope Pennington,"August 1, 1796",1796
IntimateLettersPennington,64,Piozzi to Pennington,Penelope Pennington,"August 17, 1796",1796
IntimateLettersPennington,65,Piozzi to Pennington,Penelope Pennington,"April 26, 1797",1797
IntimateLettersPennington,66,Piozzi to Pennington,Penelope Pennington,"June 1, 1797",1797
IntimateLettersPennington,67,Piozzi to Pennington,Penelope Pennington,"January 10, 1798",1798
IntimateLettersPennington,68,Piozzi to Pennington,Penelope Pennington,"February 27, 1798",1798
IntimateLettersPennington,69,Piozzi to Pennington,Penelope Pennington,"March 27, 1798",1798
IntimateLettersPennington,70,Piozzi to Pennington,Penelope Pennington,April 1798,1798
IntimateLettersPennington,71,Piozzi to Pennington,Penelope Pennington,"September 24, 1798",1798
IntimateLettersPennington,72,Piozzi to Pennington,Penelope Pennington,"October 4, 1798",1798
IntimateLettersPennington,73,Piozzi to Pennington,Penelope Pennington,"October 22, 1798",1798
IntimateLettersPennington,74,Piozzi to Pennington,Penelope Pennington,November 1798,1798
IntimateLettersPennington,75,Piozzi to Pennington,Penelope Pennington,"March 10, 1799",1799
IntimateLettersPennington,76,Piozzi to Pennington,Penelope Pennington,"April 5, 1799",1799
IntimateLettersPennington,77,Piozzi to Pennington,Penelope Pennington,"May 29, 1799",1799
IntimateLettersPennington,78,Piozzi to Pennington,Penelope Pennington,"July 17, 1799",1799
IntimateLettersPennington,79,Piozzi to Pennington,Penelope Pennington,"August 21, 1799",1799
IntimateLettersPennington,80,Piozzi to Pennington,Penelope Pennington,"October 17, 1799",1799
IntimateLettersPennington,81,Piozzi to Pennington,Penelope Pennington,"March 9, 1800",1800
IntimateLettersPennington,82,Piozzi to Pennington,Penelope Pennington,May 1800,1800
IntimateLettersPennington,83,Piozzi to Pennington,Penelope Pennington,,1800
IntimateLettersPennington,84,Piozzi to Pennington,Penelope Pennington,"June 4, 1800",1800
IntimateLettersPennington,85,Piozzi to Pennington,Penelope Pennington,"June 13, 1800",1800
IntimateLettersPennington,86,Piozzi to Pennington,Penelope Pennington,September 1800,1800
IntimateLettersPennington,87,Piozzi to Pennington,Penelope Pennington,"November 6, 1800",1800
IntimateLettersPennington,88,Piozzi to Pennington,Penelope Pennington,"January 10, 1801",1801
IntimateLettersPennington,89,Piozzi to Pennington,Penelope Pennington,"April 5, 1801",1801
IntimateLettersPennington,90,Piozzi to Pennington,Penelope Pennington,"May 22, 1801",1801
IntimateLettersPennington,91,Piozzi to Pennington,Penelope Pennington,"June 3, 1801",1801
IntimateLettersPennington,92,Piozzi to Pennington,Penelope Pennington,August 1801,1801
IntimateLettersPennington,93,Piozzi to Pennington,Penelope Pennington,"October 9, 1801",1801
IntimateLettersPennington,94,Piozzi to Pennington,Penelope Pennington,"November 30, 1801",1801
IntimateLettersPennington,95,Piozzi to Pennington,Penelope Pennington,"December 15, 1801",1801
IntimateLettersPennington,96,Piozzi to Pennington,Penelope Pennington,"May 22, 1802",1802
IntimateLettersPennington,97,Piozzi to Pennington,Penelope Pennington,"June 2, 1802",1802
IntimateLettersPennington,98,Piozzi to Pennington,Penelope Pennington,"June 19, 1802",1802
IntimateLettersPennington,99,Piozzi to Pennington,Penelope Pennington,"July 16, 1802",1802
IntimateLettersPennington,100,Piozzi to Pennington,Penelope Pennington,"August 3, 1802",1802
IntimateLettersPennington,101,Piozzi to Pennington,Penelope Pennington,"August 6, 1802",1802
IntimateLettersPennington,102,Piozzi to Pennington,Penelope Pennington,"August 30, 1802",1802
IntimateLettersPennington,103,Piozzi to Pennington,Penelope Pennington,"October 7, 1802",1802
IntimateLettersPennington,104,Piozzi to Pennington,Penelope Pennington,"October 7, 1802",1802
IntimateLettersPennington,105,Piozzi to Pennington,Penelope Pennington,"December 4, 1802",1802
IntimateLettersPennington,106,Piozzi to Pennington,Penelope Pennington,"December 16, 1802",1802
IntimateLettersPennington,107,Piozzi to Pennington,Penelope Pennington,"December 21, 1802",1802
IntimateLettersPennington,108,Piozzi to Pennington,Penelope Pennington,"April 17, 1803",1803
IntimateLettersPennington,109,Piozzi to Pennington,Penelope Pennington,"June 19, 1803",1803
IntimateLettersPennington,110,Piozzi to Pennington,Penelope Pennington,"July 31, 1803",1803
IntimateLettersPennington,111,Piozzi to Pennington,Penelope Pennington,"November 5, 1803",1803
IntimateLettersPennington,112,Piozzi to Pennington,Penelope Pennington,"December 3, 1803",1803
IntimateLettersPennington,113,Piozzi to Pennington,Penelope Pennington,"January 5, 1804",1804
IntimateLettersPennington,114,Piozzi to Pennington,Penelope Pennington,"August 19, 1804",1804
IntimateLettersPennington,115,Piozzi to Pennington,Penelope Pennington,"October 9, 1819",1819
IntimateLettersPennington,116,Piozzi to Pennington,Penelope Pennington,July 1819,1819
IntimateLettersPennington,117,Piozzi to Pennington,Penelope Pennington,"September 4, 1819",1819
IntimateLettersPennington,118,Piozzi to Pennington,Penelope Pennington,"September 7, 1819",1819
IntimateLettersPennington,119,Piozzi to Pennington,Penelope Pennington,"October 17, 1819",1819
IntimateLettersPennington,120,Piozzi to Pennington,Penelope Pennington,"October 29, 1819",1819
IntimateLettersPennington,121,Piozzi to Pennington,Penelope Pennington,"November 6, 1819",1819
IntimateLettersPennington,122,Piozzi to Pennington,Penelope Pennington,"December 4, 1819",1819
IntimateLettersPennington,123,Piozzi to Pennington,Penelope Pennington,"December 7, 1819",1819
IntimateLettersPennington,124,Piozzi to Pennington,Penelope Pennington,"December 10, 1819",1819
IntimateLettersPennington,125,Piozzi to Pennington,Penelope Pennington,"December 17, 1819",1819
IntimateLettersPennington,126,Piozzi to Pennington,Penelope Pennington,"December 20, 1819",1819
IntimateLettersPennington,127,Piozzi to Pennington,Penelope Pennington,"December 30, 1819",1819
IntimateLettersPennington,128,Piozzi to Pennington,Penelope Pennington,"January 2, 1820",1820
IntimateLettersPennington,129,Piozzi to Pennington,Penelope Pennington,"January 18, 1820",1820
IntimateLettersPennington,130,Piozzi to Pennington,Penelope Pennington,"January 21, 1820",1820
IntimateLettersPennington,131,Piozzi to Pennington,Penelope Pennington,"January 30, 1820",1820
IntimateLettersPennington,132,Piozzi to Pennington,Penelope Pennington,"February 3, 1820",1820
IntimateLettersPennington,133,Piozzi to Pennington,Penelope Pennington,"February 6, 1820",1820
IntimateLettersPennington,134,Piozzi to Pennington,Penelope Pennington,"February 10, 1820",1820
IntimateLettersPennington,135,Piozzi to Pennington,Penelope Pennington,"February 16, 1820",1820
IntimateLettersPennington,136,Piozzi to Pennington,Penelope Pennington,"March 24, 1820",1820
IntimateLettersPennington,137,Piozzi to Pennington,Penelope Pennington,"March 28, 1820",1820
IntimateLettersPennington,138,Piozzi to Pennington,Penelope Pennington,"April 10, 1820",1820
IntimateLettersPennington,139,Piozzi to Pennington,Penelope Pennington,"April 22, 1820",1820
IntimateLettersPennington,140,Piozzi to Pennington,Penelope Pennington,1820,1820
IntimateLettersPennington,141,Piozzi to Pennington,Penelope Pennington,"May 16, 1820",1820
IntimateLettersPennington,142,Piozzi to Pennington,Penelope Pennington,"May 23, 1820",1820
IntimateLettersPennington,143,Piozzi to Pennington,Penelope Pennington,"June 6, 1820",1820
IntimateLettersPennington,144,Piozzi to Pennington,Penelope Pennington,"August 3, 1820",1820
IntimateLettersPennington,145,Piozzi to Pennington,Penelope Pennington,"August 13, 1820",1820
IntimateLettersPennington,146,Piozzi to Pennington,Penelope Pennington,"August 26, 1820",1820
IntimateLettersPennington,147,Piozzi to Pennington,Penelope Pennington,"September 15, 1820",1820
IntimateLettersPennington,148,Piozzi to Pennington,Penelope Pennington,"September 26, 1820",1820
IntimateLettersPennington,149,Piozzi to Pennington,Penelope Pennington,"October 15, 1820",1820
IntimateLettersPennington,150,Piozzi to Pennington,Penelope Pennington,"November 12, 1820",1820
IntimateLettersPennington,151,Piozzi to Pennington,Penelope Pennington,"November 15, 1820",1820
IntimateLettersPennington,152,Piozzi to Pennington,Penelope Pennington,"November 24, 1820",1820
IntimateLettersPennington,153,Piozzi to Pennington,Penelope Pennington,"November 30, 1820",1820
IntimateLettersPennington,154,Piozzi to Pennington,Penelope Pennington,"December 27, 1820",1820
IntimateLettersPennington,155,Piozzi to Pennington,Penelope Pennington,"January 13, 1821",1821
IntimateLettersPennington,156,Piozzi to Pennington,Penelope Pennington,"February 1, 1821",1821
IntimateLettersPennington,157,Piozzi to Pennington,Penelope Pennington,"February 10, 1821",1821
IntimateLettersPennington,158,Piozzi to Pennington,Penelope Pennington,"February 25, 1821",1821
IntimateLettersPennington,159,Piozzi to Pennington,Penelope Pennington,"March 4, 1821",1821
IntimateLettersPennington,160,Piozzi to Pennington,Penelope Pennington,"March 5, 1821",1821
IntimateLettersPennington,161,Piozzi to Pennington,Penelope Pennington,"April 10, 1821",1821
IntimateLettersPennington,162,Piozzi to Pennington,Penelope Pennington,"April 11, 1821",1821
IntimateLettersPennington,163,Piozzi to Pennington,Penelope Pennington,"June 3, 1821",1821
IntimateLettersPennington,164,Piozzi to Pennington,Penelope Pennington,"June 23, 1821",1821
AutobiographyLettersRemains_Hayward1861,1,Piozzi to Mr. Perkins,Mr. Perkins,1773,1773
AutobiographyLettersRemains_Hayward1861,2,Piozzi to Madame D'Arblay,Madame D'Arblay,"February 7, 1781",1781
AutobiographyLettersRemains_Hayward1861,3,Piozzi to Johnson,Samuel Johnson,1782,1782
AutobiographyLettersRemains_Hayward1861,4,Piozzi to Johnson,Samuel Johnson,,
AutobiographyLettersRemains_Hayward1861,5,Piozzi circular,Guardians/executors,,
AutobiographyLettersRemains_Hayward1861,6,Johnson to Thrale,Mrs Thrale,December 1784,1784
AutobiographyLettersRemains_Hayward1861,7,Piozzi to Johnson,Samuel Johnson,"July 4, 1784",1784
AutobiographyLettersRemains_Hayward1861,8,Johnson to Piozzi,Hester Piozzi,"July 8, 1784",1784
AutobiographyLettersRemains_Hayward1861,9,Piozzi to Mr. Lysons,Mr. Lysons,October 1784,1784
AutobiographyLettersRemains_Hayward1861,10,Piozzi to Cadell,Mr. Cadell,1785,1785
AutobiographyLettersRemains_Hayward1861,11,Piozzi to Cadell,Mr. Cadell,December 1789,1789
AutobiographyLettersRemains_Hayward1861,12,Piozzi to Dr. Gray,Dr. Gray,March 1801,1801
AutobiographyLettersRemains_Hayward1861,13,Piozzi to Dr. Gray,Dr. Gray,June 1810,1810
AutobiographyLettersRemains_Hayward1861,14,Piozzi to Dr. Gray,Dr. Gray,1817,1817
AutobiographyLettersRemains_Hayward1861,15,Piozzi to Dr. Gray,Dr. Gray,September 1800,1800
AutobiographyLettersRemains_Hayward1861,16,Pennington to Willoughby,Miss Willoughby,"May 5, 1821",1821
AutobiographyLettersRemains_Hayward1861,17,Piozzi to her father,her father,February 1793,1793
