bookseller_id,name,sign,type,active_min,active_max,notes
BS_NOON,John Noon,White Hart,bookseller,1735,1745,Cheapside bookseller near Mercer's Chapel
BS_BORBET,C. Borbet,Addison's Head,bookseller,1738,1742,Fleet Street bookseller opposite St Dunstan's Church
BS_LONGMAN,Thomas Longman I,Ship,bookseller|publisher,1724,1755,Founded the Longman publishing dynasty at Paternoster Row
BS_MILLAR,Andrew Millar,Buchanan's Head,bookseller|publisher,1728,1768,"Publisher of Hume, Fielding, and Johnson's Dictionary"
BS_CADELL,Thomas Cadell I,,bookseller|publisher,1767,1802,"Succeeded Millar; published Gibbon, Smith, and Burney"
BS_COOPER,Mary Cooper,Globe,bookseller,1743,1761,One of the most prominent women in the 18c book trade
BS_DODSLEY,Robert Dodsley,Tully's Head,bookseller|publisher,1735,1764,Poet and publisher; The Annual Register with Burke
BS_TONSON_SR,Jacob Tonson I,Shakespeare's Head,bookseller|publisher,1678,1720,Publisher of Dryden and Pope; Kit-Cat Club secretary
BS_TONSON_JR,Jacob Tonson II,Shakespeare's Head,bookseller|publisher,1720,1735,Nephew and successor to Jacob Tonson I
BS_RIVINGTON,Charles Rivington,Bible and Crown,bookseller|publisher,1711,1742,St Paul's Churchyard publisher; Pamela co-publisher
BS_STRAHAN,William Strahan,,printer,1738,1785,King's Printer; printed Johnson's Dictionary and Gibbon
BS_MURRAY_I,John Murray I,,bookseller|publisher,1768,1793,Founded the Murray publishing house at 32 Fleet Street
BS_LACKINGTON,James Lackington,Temple of the Muses,bookseller,1794,1804,Pioneered cheap book sales; 'Temple of the Muses' was London's largest bookshop
BS_FLEMING_ALISON,R. Fleming and A. Alison,,printer,1741,1742,Edinburgh printers
BS_KINCAID,Alexander Kincaid,above the Cross,bookseller|publisher,1741,1770,Edinburgh bookseller and King's Printer for Scotland
BS_DONALDSON,Alexander Donaldson,,bookseller|publisher,1752,1794,Edinburgh bookseller; won landmark copyright case Donaldson v Becket (1774)
BS_ABREE,James Abree,,bookseller,1717,1768,Plomer (1668-1725)
BS_ACTON,Valentine Acton,,bookseller,1678,1678,Plomer (1668-1725)
BS_ADAMSON,James Adamson,,bookseller,1686,1694,Plomer (1668-1725)
BS_AINGE,John Ainge,,bookseller,1693,1717,Plomer (1668-1725)
BS_ALKINS,J. Alkins,,bookseller,1704,1704,Plomer (1668-1725)
BS_ALLDRIDGE,T. Alldridge,,bookseller,1674,1699,Plomer (1668-1725)
BS_ALLEN,John Allen,,bookseller,1667,1684,Plomer (1668-1725)
BS_ALLPORT,Benjamin Allport,,bookseller,1685,1689,Plomer (1668-1725)
BS_ALSOP,Benjamin Alsop,,bookseller,1616,1681,Plomer (1668-1725)
BS_AMERY,John Amery,,bookseller,1670,1695,Plomer (1668-1725)
BS_ANDERTON,William Anderton,,printer,1688,1693,Plomer (1668-1725)
BS_ANDREWE,Richard Andrewe,,bookseller,1683,1689,Plomer (1668-1725)
BS_ANDREWS,Robert Andrews,,printer,1650,1735,Plomer (1668-1725)
BS_APPLEBEE,John Applebee,,bookseller,1724,1724,Plomer (1668-1725)
BS_ARCHER,Joseph Archer,,bookseller,1711,1711,Plomer (1668-1725)
BS_ARCHER_2,Thomas Archer,,bookseller,1672,1673,Plomer (1668-1725)
BS_ASHWORTH,Ashworth,,bookseller,1696,1696,Plomer (1668-1725)
BS_ASPERNE,Jo. Asperne,,bookseller,1700,1700,Plomer (1668-1725)
BS_ASTLEY,Thomas Astley,,bookseller,1729,1729,Plomer (1668-1725)
BS_ASTWOOD,J Ames Astwood,,printer,1691,1705,Plomer (1668-1725)
BS_ASTWOOD_2,John Astwood,,bookseller,1695,1698,Plomer (1668-1725)
BS_ATHERTON,Atherton,,bookseller,1700,1700,Plomer (1668-1725)
BS_ATKINS,Maurice Atkins,,bookseller,1641,1715,Plomer (1668-1725)
BS_ATKINSON,George Atkinson,,bookseller,1682,1682,Plomer (1668-1725)
BS_ATKINSON_2,Thomas Atkinson,,bookseller,1704,1707,Plomer (1668-1725)
BS_AXE,Thomas Axe,,bookseller,1692,1703,Plomer (1668-1725)
BS_AYLMER,Brabazon Aylmer,,bookseller,1670,1709,Plomer (1668-1725)
BS_AYSCOUGH,William Ayscough,,bookseller,1670,1751,Plomer (1668-1725)
BS_BACK,John Back,,bookseller,1641,1703,Plomer (1668-1725)
BS_BAGFORD,John Bagford,,bookseller,1650,1716,Plomer (1668-1725)
BS_BAGNALL,John Bagnall,,bookseller,1708,1717,Plomer (1668-1725)
BS_BAKER,Baker,,bookbinder,1703,1703,Plomer (1668-1725)
BS_BAKER_2,G. Baker,,bookseller,1679,1679,Plomer (1668-1725)
BS_BAKER_3,J. Baker,,bookseller,1680,1709,Plomer (1668-1725)
BS_BAKER_4,John Baker,,bookseller,1703,1722,Plomer (1668-1725)
BS_BAKER_5,S. Baker,,bookseller,1717,1717,Plomer (1668-1725)
BS_BAKER_6,Thomas Baker,,bookseller,1708,1708,Plomer (1668-1725)
BS_BAKEWELL,Thomas Bakewell,,publisher,1670,1670,Plomer (1668-1725)
BS_BALDWIN,Ann Baldwin,,bookseller,1698,1698,Plomer (1668-1725)
BS_BALDWIN_2,Richard Baldwin,,bookseller,1681,1695,Plomer (1668-1725)
BS_BALL,Ball,,printer,1709,1709,Plomer (1668-1725)
BS_BALLARD,Samuel Ballard,,bookseller,1706,1733,Plomer (1668-1725)
BS_BALLARD_2,Thomas Ballard,,bookseller,1698,1725,Plomer (1668-1725)
BS_BANBURY,Bennet Banbury,,bookseller,1700,1700,Plomer (1668-1725)
BS_BANKS,Alexander Banks,,bookseller,1676,1684,Plomer (1668-1725)
BS_BANKS_2,Allen Banks,,bookseller,1668,1682,Plomer (1668-1725)
BS_BANKS_3,Hammond Banks,,bookseller,1714,1714,Plomer (1668-1725)
BS_BARBER,John Barber,,printer,1675,1740,Plomer (1668-1725)
BS_BARKER,A. Barker,,bookseller,1708,1708,Plomer (1668-1725)
BS_BARKER_2,Benjamin Barker,,bookseller,1701,1709,Plomer (1668-1725)
BS_BARKSDALE,J Ohn Barksdale,,bookseller,1674,1699,Plomer (1668-1725)
BS_BARNARD,Henry Barnard,,bookseller,1693,1693,Plomer (1668-1725)
BS_BARNES,John Barnes,,bookseller,1688,1711,Plomer (1668-1725)
BS_BARNHAM,Robert Barnham,,bookseller,1701,1701,Plomer (1668-1725)
BS_BARRETT,Philip Barrett,,stationer,1702,1702,Plomer (1668-1725)
BS_BARRY,Edward Barry,,bookseller,1681,1681,Plomer (1668-1725)
BS_BASKERVILLE,Anthony Baskerville,,bookseller,1688,1689,Plomer (1668-1725)
BS_BASKERVILLE_2,Laurence Baskerville,,bookseller,1688,1688,Plomer (1668-1725)
BS_BASKETT,John Baskett,,printer,1709,1742,Plomer (1668-1725)
BS_BASSET,J. Basset,,bookseller,1693,1693,Plomer (1668-1725)
BS_BASSET_2,Richard Basset,,bookseller,1697,1706,Plomer (1668-1725)
BS_BATEMAN,Christopher Bateman,,bookseller,1686,1753,Plomer (1668-1725)
BS_BATEMAN_2,Stephen Bateman,,bookseller,1686,1686,Plomer (1668-1725)
BS_BATEMAN_3,W. Bateman,,bookseller,1684,1684,Plomer (1668-1725)
BS_BATES,C Bates,,bookseller,1709,1709,Plomer (1668-1725)
BS_BATES_2,Sarah Bates,,bookseller,1719,1720,Plomer (1668-1725)
BS_BATLEY,Jeremiah Batley,,bookseller,1670,1737,Plomer (1668-1725)
BS_BATTERSBY,William Battersby,,bookseller,1671,1701,Plomer (1668-1725)
BS_BATTERSBY_2,William Battersby,,bookseller,1694,1694,Plomer (1668-1725)
BS_BEALE,William Beale,,bookseller,1690,1690,Plomer (1668-1725)
BS_BEARDWELL,B. Beardwell,,printer,1697,1697,Plomer (1668-1725)
BS_BEARDWELL_2,L. Beardwell,,bookseller,1692,1711,Plomer (1668-1725)
BS_BELL,Andrew Bell,,bookseller,1694,1715,Plomer (1668-1725)
BS_BELL_2,"E, Bell",,bookseller,1698,1722,Plomer (1668-1725)
BS_BELLINGER,R. Bellinger,,bookseller,1685,1685,Plomer (1668-1725)
BS_BENBRIDGE,William Benbridge,,bookseller,1683,1685,Plomer (1668-1725)
BS_BENNET,Thomas Bennet,,printer,1669,1669,Plomer (1668-1725)
BS_BENNET_2,Thomas Bennet,,bookseller,1687,1706,Plomer (1668-1725)
BS_BENNETT,James Bennett,,bookseller,1680,1680,Plomer (1668-1725)
BS_BENNETT_2,Joseph Bennett,,printer,1675,1691,Plomer (1668-1725)
BS_BENNETT_3,M. Bennett,,printer,1703,1703,Plomer (1668-1725)
BS_BENSKIN,Thomas Benskin,,bookseller,1681,1704,Plomer (1668-1725)
BS_BENTLEY,M. Bentley,,bookseller,1697,1698,Plomer (1668-1725)
BS_BENTLEY_2,Richard Bentley,,bookseller,1675,1697,Plomer (1668-1725)
BS_BENTLEY_3,Thomas Bentley,,bookseller,1688,1695,Plomer (1668-1725)
BS_BENTLEY_4,William Bentley,,bookseller,1697,1697,Plomer (1668-1725)
BS_BERINGTON,E. Berington,,printer,1711,1711,Plomer (1668-1725)
BS_BERRY,E. Berry,,bookseller,1672,1681,Plomer (1668-1725)
BS_BERRY_2,William Berry,,bookseller,1671,1703,Plomer (1668-1725)
BS_BETTENHAM,James Bettenham,,printer,1683,1774,Plomer (1668-1725)
BS_BETTESWORTH,Arthur Bettesworth,,bookseller,1699,1737,Plomer (1668-1725)
BS_BEVER,Thomas Bever,,bookseller,1689,1694,Plomer (1668-1725)
BS_BICKERTON,Thomas Bickerton,,bookseller,1707,1720,Plomer (1668-1725)
BS_BILL,Charles Bill,,printer,1687,1687,Plomer (1668-1725)
BS_BILLING,R. Billing,,bookseller,1703,1703,Plomer (1668-1725)
BS_BILLINGSLEY,Benjamin Billingsley,,bookseller,1669,1706,Plomer (1668-1725)
BS_BIRCH,William Birch,,bookseller,1669,1722,Plomer (1668-1725)
BS_BIRD,John ? Bird,,bookseller,1683,1689,Plomer (1668-1725)
BS_BLACK,J. Black,,bookseller,1694,1694,Plomer (1668-1725)
BS_BLACKBORNE,J. Blackborne,,bookseller,1681,1681,Plomer (1668-1725)
BS_BLACKBURY,Henry Blackbury,,stationer,1686,1686,Plomer (1668-1725)
BS_BLACKWELL,James Blackwell,,bookseller,1690,1694,Plomer (1668-1725)
BS_BLAGRAVE,Obadiah Blagrave,,bookseller,1669,1677,Plomer (1668-1725)
BS_BLAKE,Blake,,bookseller,1705,1705,Plomer (1668-1725)
BS_BLAND,Thomas Bland,,printer,1706,1708,Plomer (1668-1725)
BS_BLARE,Elizabeth Blare,,bookseller,1706,1707,Plomer (1668-1725)
BS_BLARE_2,Josiah Or Joseph Blare,,bookseller,1683,1706,Plomer (1668-1725)
BS_BLOME,Richard Blome,,bookseller,1641,1684,Plomer (1668-1725)
BS_BODDINGTON,M. Boddington,,bookseller,1722,1722,Plomer (1668-1725)
BS_BODDINGTON_2,Nicholas Boddington,,bookseller,1641,1697,Plomer (1668-1725)
BS_BOLDERO,Arthur Boldero,,bookseller,1677,1677,Plomer (1668-1725)
BS_BOLTON,S. Bolton,,bookseller,1713,1713,Plomer (1668-1725)
BS_BONNY,William Bonny,,bookseller,1691,1714,Plomer (1668-1725)
BS_BONWICKE,Henry Bonwicke,,bookseller,1677,1706,Plomer (1668-1725)
BS_BONWICKE_2,James Bonwicke,,bookseller,1699,1714,Plomer (1668-1725)
BS_BONWICKE_3,Rebecca Bonwicke,,bookseller,1706,1706,Plomer (1668-1725)
BS_BOSVILLE,Alexander Bosville,,bookseller,1696,1711,Plomer (1668-1725)
BS_BOTHAM,W. Botham,,bookseller,1641,1724,Plomer (1668-1725)
BS_BOURN,Samuel Bourn,,bookbinder,1700,1700,Plomer (1668-1725)
BS_BOURNE,Zachariah Bourne,,bookseller,1678,1678,Plomer (1668-1725)
BS_BO_WEN,J. Bo Wen,,bookseller,1681,1681,Plomer (1668-1725)
BS_BOWERS,Joseph Bowers,,bookseller,1702,1702,Plomer (1668-1725)
BS_BO_WIS,Th. Bo Wis,,bookseller,1683,1683,Plomer (1668-1725)
BS_BOWTELL,William Bowtell,,printer,1641,1687,Plomer (1668-1725)
BS_BOWYER,Jonah Or J Onas Bowyer,,bookseller,1705,1722,Plomer (1668-1725)
BS_BOWYER_2,William Bowyer,,bookseller,1663,1737,Plomer (1668-1725)
BS_BOWYER_3,William Bowyer,,printer,1699,1785,Plomer (1668-1725)
BS_BRADDYLL,Thomas Braddyll,,bookseller,1680,1704,Plomer (1668-1725)
BS_BRADFORD,John Bradford,,printer,1685,1709,Plomer (1668-1725)
BS_BRADLEY,William Bradley,,bookseller,1670,1670,Plomer (1668-1725)
BS_BRAD_WELL,Thomas Brad Well,,bookseller,1681,1681,Plomer (1668-1725)
BS_BRAGG,Benjamin Bragg,,bookseller,1694,1709,Plomer (1668-1725)
BS_BRAY,William Bray,,bookseller,1617,1709,Plomer (1668-1725)
BS_BRIANT,G. Briant,,bookseller,1703,1703,Plomer (1668-1725)
BS_BRIDGE,D. Bridge,,printer,1706,1706,Plomer (1668-1725)
BS_BRIDGE_2,S. Bridge,,bookseller,1641,1724,Plomer (1668-1725)
BS_BRIGS,B. Brigs,,bookseller,1705,1707,Plomer (1668-1725)
BS_BRINGHURST,John Bringhurst,,bookseller,1680,1684,Plomer (1668-1725)
BS_BRISCOE,Samuel Briscoe,,bookseller,1691,1705,Plomer (1668-1725)
BS_BRIXEY,Joshua Brixey,,publisher,1694,1695,Plomer (1668-1725)
BS_BROME,Charles Brome,,bookseller,1641,1711,Plomer (1668-1725)
BS_BROME_2,Joanna Brome,,bookseller,1681,1684,Plomer (1668-1725)
BS_BROMWICH,William Bromwich,,bookseller,1677,1750,Plomer (1668-1725)
BS_BROOKE,John Brooke,,bookseller,1671,1697,Plomer (1668-1725)
BS_BROOKS,E. Brooks,,bookseller,1682,1682,Plomer (1668-1725)
BS_BROOKSBY,Elizabeth Brooksby,,bookseller,1703,1703,Plomer (1668-1725)
BS_BROOKSBY_2,Philip Brooksby,,bookseller,1672,1696,Plomer (1668-1725)
BS_BROTHERTON,John Brotherton,,bookseller,1718,1725,Plomer (1668-1725)
BS_BROUN,Robert Broun,,bookseller,1641,1729,Plomer (1668-1725)
BS_BROWN,T. Brown,,bookseller,1682,1705,Plomer (1668-1725)
BS_BROWNE,Christopher Browne,,bookseller,1691,1707,Plomer (1668-1725)
BS_BROWNE_2,W. Browne,,bookseller,1712,1712,Plomer (1668-1725)
BS_BROWNING,Mercy Browning,,bookseller,1675,1687,Plomer (1668-1725)
BS_BRUDENELL,Brudenell,,printer,1641,1700,Plomer (1668-1725)
BS_BUCK,Peter Buck,,bookseller,1692,1700,Plomer (1668-1725)
BS_BUCKLEY,Samuel Buckley,,bookseller,1696,1741,Plomer (1668-1725)
BS_BUDDEN,W. Budden,,bookseller,1641,1685,Plomer (1668-1725)
BS_BULL,Seth Bull,,stationer,1713,1713,Plomer (1668-1725)
BS_BULLOCK,J. Bullock,,bookseller,1709,1709,Plomer (1668-1725)
BS_BULLORD,John Bullord,,bookseller,1689,1701,Plomer (1668-1725)
BS_BUNCE,Thomas Bunce,,printer,1706,1706,Plomer (1668-1725)
BS_BUNCHLEY,Samuel Bunchley,,bookseller,1707,1707,Plomer (1668-1725)
BS_BUREAU,Bureau,,bookseller,1683,1683,Plomer (1668-1725)
BS_BURGIS,Simon Burgis,,bookseller,1689,1690,Plomer (1668-1725)
BS_BURLEIGH,Ferdinand Burleigh,,bookseller,1713,1713,Plomer (1668-1725)
BS_BURNET,C Burnet,,bookseller,1696,1696,Plomer (1668-1725)
BS_BURRELL,Thomas Burrell,,bookseller,1670,1679,Plomer (1668-1725)
BS_BURROUGH,"R, Burrough",,bookseller,1705,1708,Plomer (1668-1725)
BS_BURROWES,Samuel Burrowes,,bookseller,1697,1707,Plomer (1668-1725)
BS_BURTON,Burton,,printer,1724,1724,Plomer (1668-1725)
BS_BURTON_2,Richard Burton,,bookseller,1641,1700,Plomer (1668-1725)
BS_BUTLER,R. Butler,,bookseller,1677,1685,Plomer (1668-1725)
BS_BUTLER_2,S. Butler,,bookseller,1681,1709,Plomer (1668-1725)
BS_BUTTLER,Edward Buttler,,printer,1690,1690,Plomer (1668-1725)
BS_CADE,John Cade,,bookseller,1641,1684,Plomer (1668-1725)
BS_CALDECOTT,Thomas Caldecott,,bookseller,1714,1714,Plomer (1668-1725)
BS_CAM,John Cam,,stationer,1688,1688,Plomer (1668-1725)
BS_CANNING,Wlllia Ml Canning,,bookseller,1686,1690,Plomer (1668-1725)
BS_CARNAN,Vra Lll Am Carnan,,bookseller,1723,1723,Plomer (1668-1725)
BS_CARR,John Carr,,bookseller,1676,1684,Plomer (1668-1725)
BS_CARR_2,Samuel Carr,,bookseller,1675,1685,Plomer (1668-1725)
BS_CARTER,Cornelius Carter,,printer,1696,1713,Plomer (1668-1725)
BS_CARTERSON,John Carterson,,bookseller,1690,1690,Plomer (1668-1725)
BS_CASTLE,Edward Castle,,bookseller,1695,1717,Plomer (1668-1725)
BS_CAWDLE,Edward Cawdle,,bookseller,1681,1681,Plomer (1668-1725)
BS_CHAMBERLAIN,Absolom Chamberlain,,bookseller,1684,1684,Plomer (1668-1725)
BS_CHANDLER,Abraham Chandler,,bookseller,1693,1693,Plomer (1668-1725)
BS_CHANDLER_2,Samuel Chandler,,bookseller,1720,1720,Plomer (1668-1725)
BS_CHANDLER_3,William Chandler,,bookseller,1696,1699,Plomer (1668-1725)
BS_CHANTRY,John Chantry,,bookseller,1693,1708,Plomer (1668-1725)
BS_CHAPMAN,Henry Chapman,,bookseller,1685,1694,Plomer (1668-1725)
BS_CHAPMAN_2,Thomas Chapman,,bookseller,1687,1709,Plomer (1668-1725)
BS_CHASE,William Chase,,bookseller,1695,1781,Plomer (1668-1725)
BS_CHEESE,Richard Cheese,,printer,1690,1690,Plomer (1668-1725)
BS_CHILDE,Timothy Childe,,bookseller,1631,1711,Plomer (1668-1725)
BS_CHOWN,Robert Chown,,bookseller,1684,1684,Plomer (1668-1725)
BS_CHURCHILL,Awnsham Churchill,,bookseller,1681,1728,Plomer (1668-1725)
BS_CHURCHILL_2,John Churchill,,bookseller,1690,1690,Plomer (1668-1725)
BS_CHURCHILL_3,Joshua Churchill,,printer,1688,1728,Plomer (1668-1725)
BS_CHURCHILL_4,Vra^Ll Am Churchill,,bookseller,1681,1736,Plomer (1668-1725)
BS_CLARK,Andrew Clark,,bookseller,1670,1723,Plomer (1668-1725)
BS_CLARK_2,Mary Clark,,printer,1677,1696,Plomer (1668-1725)
BS_CLARK_3,S. Clark,,bookseller,1684,1711,Plomer (1668-1725)
BS_CLARKE,J. Clarke,,bookseller,1680,1680,Plomer (1668-1725)
BS_CLARKE_2,John Clarke,,bookseller,1641,1641,Plomer (1668-1725)
BS_CLARKE_3,John Clarke,,bookseller,1641,1690,Plomer (1668-1725)
BS_CLARKE_4,Joseph Clarke,,bookseller,1670,1719,Plomer (1668-1725)
BS_CLARKE_5,Richard Clarke,,bookseller,1670,1680,Plomer (1668-1725)
BS_CLARKE_6,Thomas Clarke,,bookseller,1675,1688,Plomer (1668-1725)
BS_CLARKE_7,William Clarke,,bookseller,1725,1734,Plomer (1668-1725)
BS_CLAVELL,Roger Clavell,,bookseller,1695,1695,Plomer (1668-1725)
BS_CLAY,F. Clay,,bookseller,1721,1721,Plomer (1668-1725)
BS_CLEAVE,Isaac Cleave,,bookseller,1678,1711,Plomer (1668-1725)
BS_CLEMENT,Samuel Clement,,bookseller,1691,1693,Plomer (1668-1725)
BS_CLEMENTS,Henry Clements,,bookseller,1684,1721,Plomer (1668-1725)
BS_CLEMENTS_2,Henry Clements,,bookseller,1707,1719,Plomer (1668-1725)
BS_CLIFF,Nathaniel Cliff,,bookseller,1708,1716,Plomer (1668-1725)
BS_CLIFTON,Francis Clifton,,printer,1720,1720,Plomer (1668-1725)
BS_COCKERAINE,William Cockeraine,,bookseller,1674,1705,Plomer (1668-1725)
BS_COGGAN,Francis Coggan,,bookseller,1699,1709,Plomer (1668-1725)
BS_COGGAN_2,Margaret Coggan,,bookseller,1708,1709,Plomer (1668-1725)
BS_COLLEY,John Colley,,bookseller,1676,1725,Plomer (1668-1725)
BS_COLLINS,Arthur Collins,,bookseller,1690,1760,Plomer (1668-1725)
BS_COLLINS_2,Freeman Collins,,bookseller,1682,1724,Plomer (1668-1725)
BS_CONINGSBY,Christopher Coningsby,,bookseller,1687,1711,Plomer (1668-1725)
BS_CONYERS,George Conyers,,bookseller,1686,1713,Plomer (1668-1725)
BS_COOK,Wnxi Am Cook,,bookseller,1676,1676,Plomer (1668-1725)
BS_COOKE,J. Cooke,,bookseller,1720,1720,Plomer (1668-1725)
BS_COOPER_2,William Cooper,,bookseller,1652,1689,Plomer (1668-1725)
BS_CORBET,C Harles Corbet,,bookseller,1683,1683,Plomer (1668-1725)
BS_CORBETT,Benjamin Corbett,,bookseller,1678,1701,Plomer (1668-1725)
BS_CORBETT_2,Thomas Corbett,,bookseller,1705,1743,Plomer (1668-1725)
BS_CORYTON,William Coryton,,bookseller,1711,1711,Plomer (1668-1725)
BS_COURTENAY,James Courtenay,,bookseller,1671,1685,Plomer (1668-1725)
BS_COURTNEY,John Courtney,,bookseller,1641,1675,Plomer (1668-1725)
BS_COWNLY,"Gh,Bert Cownly",,bookseller,1678,1691,Plomer (1668-1725)
BS_COWSE,Benjamin Cowse,,bookseller,1714,1723,Plomer (1668-1725)
BS_COX,Cox,,bookbinder,1670,1700,Plomer (1668-1725)
BS_COX_2,Benjamin Cox,,bookseller,1685,1689,Plomer (1668-1725)
BS_COX_3,George Cox,,stationer,1680,1682,Plomer (1668-1725)
BS_COX_4,H. Cox,,bookseller,1676,1679,Plomer (1668-1725)
BS_COX_5,Nicholas Cox,,bookseller,1671,1721,Plomer (1668-1725)
BS_COX_6,Thomas ? Cox,,bookseller,1754,1754,Plomer (1668-1725)
BS_CRAYLE,Benjamin Crayle,,bookseller,1683,1690,Plomer (1668-1725)
BS_CROFT,Edward Croft,,bookseller,1641,1677,Plomer (1668-1725)
BS_CROOKE,Andrew Crooke,,bookseller,1630,1641,Plomer (1668-1725)
BS_CROOKE_2,Elizabeth Crooke,,bookseller,1694,1696,Plomer (1668-1725)
BS_CROOKE_3,John Crooke,,bookseller,1638,1641,Plomer (1668-1725)
BS_CROOKE_4,William Crooke,,bookseller,1630,1694,Plomer (1668-1725)
BS_CROOM,George Croom,,printer,1670,1707,Plomer (1668-1725)
BS_CROSKILL,Richard Croskill,,bookseller,1706,1706,Plomer (1668-1725)
BS_CROSKILL_2,Thomas Croskill,,bookseller,1675,1675,Plomer (1668-1725)
BS_CROSSGROVE,Henry Crossgrove,,printer,1641,1744,Plomer (1668-1725)
BS_CROUCH,Nathaniel Crouch,,bookseller,1632,1725,Plomer (1668-1725)
BS_CROUCH_2,Nathaniel Crouch,,bookseller,1697,1697,Plomer (1668-1725)
BS_CROUCH_3,Samuel Crouch,,bookseller,1674,1711,Plomer (1668-1725)
BS_CROUCH_4,Thomas Crouch,,bookseller,1697,1725,Plomer (1668-1725)
BS_CRUMP,John Crump,,bookseller,1673,1682,Plomer (1668-1725)
BS_CRUTTENDEN,Henry Cruttenden,,printer,1681,1694,Plomer (1668-1725)
BS_CRUTTENDEN_2,R. Cruttenden,,bookseller,1718,1718,Plomer (1668-1725)
BS_CULLEN,John Cullen,,bookseller,1694,1710,Plomer (1668-1725)
BS_CUMBERLAND,Richard Cumberland,,bookseller,1693,1698,Plomer (1668-1725)
BS_CURLL,Edmund Curll,,bookseller,1675,1770,Plomer (1668-1725)
BS_CURTIS,Jane Curtis,,bookseller,1679,1679,Plomer (1668-1725)
BS_CURTIS_2,Lang Ly Curtis,,bookseller,1668,1690,Plomer (1668-1725)
BS_CUTLER,Robert Cutler,,bookseller,1641,1697,Plomer (1668-1725)
BS_DALTON,Isaac Dalton,,bookseller,1716,1718,Plomer (1668-1725)
BS_DANCER,Nathaniel Dancer,,bookseller,1700,1700,Plomer (1668-1725)
BS_DANIEL,M. Daniel,,bookseller,1671,1675,Plomer (1668-1725)
BS_DANIEL_2,Thomas Daniel,,printer,1669,1670,Plomer (1668-1725)
BS_DANVERS,Danvers,,stationer,1689,1689,Plomer (1668-1725)
BS_DARBY,John Darby,,printer,1641,1704,Plomer (1668-1725)
BS_DARBY_2,John Darby,,bookseller,1704,1733,Plomer (1668-1725)
BS_DARKER,Darker,,printer,1690,1690,Plomer (1668-1725)
BS_DARKER_2,Samuel Darker,,bookseller,1698,1700,Plomer (1668-1725)
BS_DARKER_3,Samuel Darker,,bookseller,1700,1710,Plomer (1668-1725)
BS_DAVIES,T. Davies,,bookseller,1641,1681,Plomer (1668-1725)
BS_DAVIS,R. Davis,,bookseller,1709,1709,Plomer (1668-1725)
BS_DAVIS_2,Richard Davis,,bookseller,1641,1688,Plomer (1668-1725)
BS_DAVIS_3,T. Davis,,bookseller,1698,1711,Plomer (1668-1725)
BS_DAVIS_4,Walter Davis,,bookseller,1676,1687,Plomer (1668-1725)
BS_DAVIS_5,William Davis,,bookseller,1699,1705,Plomer (1668-1725)
BS_DAWES,George Dawes,,bookseller,1641,1685,Plomer (1668-1725)
BS_DAWKS,Ichabod Dawks,,printer,1661,1730,Plomer (1668-1725)
BS_DAWKS_2,Thomas Dawks,,printer,1635,1670,Plomer (1668-1725)
BS_DAWKS_3,Thomas Dawks,,printer,1636,1696,Plomer (1668-1725)
BS_DEACON,B. Deacon,,bookseller,1699,1705,Plomer (1668-1725)
BS_DEACON_2,John Deacon,,bookseller,1682,1701,Plomer (1668-1725)
BS_DEACON_3,M. Deacon,,bookseller,1700,1700,Plomer (1668-1725)
BS_DEACON_4,S. Deacon,,bookseller,1700,1700,Plomer (1668-1725)
BS_DEAN,J. Dean,,bookseller,1679,1685,Plomer (1668-1725)
BS_DEANE,Robert Deane,,bookseller,1686,1701,Plomer (1668-1725)
BS_DEW,R. Dew,,bookseller,1682,1682,Plomer (1668-1725)
BS_DODD,Dodd,,printer,1720,1724,Plomer (1668-1725)
BS_DODD_2,A. Dodd,,bookseller,1714,1723,Plomer (1668-1725)
BS_DODGINS,Dodgins,,bookbinder,1700,1700,Plomer (1668-1725)
BS_DOWLEY,Dowley,,bookbinder,1700,1700,Plomer (1668-1725)
BS_DOWNES,George Downes,,bookseller,1676,1676,Plomer (1668-1725)
BS_DOWNING,Joseph Downing,,bookseller,1670,1724,Plomer (1668-1725)
BS_DOWNING_2,V^. Downing,,printer,1673,1673,Plomer (1668-1725)
BS_DOWNING_3,William Downing,,printer,1675,1720,Plomer (1668-1725)
BS_DRANT,T. Drant,,bookseller,1675,1675,Plomer (1668-1725)
BS_DRAPER,Richard Draper,,bookseller,1680,1682,Plomer (1668-1725)
BS_DREW,Matthew Drew,,printer,1662,1675,Plomer (1668-1725)
BS_DRING,Daniel Dring,,bookseller,1695,1696,Plomer (1668-1725)
BS_DRING_2,Thomas Dring,,bookseller,1641,1695,Plomer (1668-1725)
BS_DRUMMOND,Drummond,,bookseller,1668,1668,Plomer (1668-1725)
BS_DRURY,Samuel Drury,,bookseller,1702,1703,Plomer (1668-1725)
BS_DUCHEMIN,Duchemin,,bookseller,1705,1705,Plomer (1668-1725)
BS_DUNMORE,John Dunmore,,bookseller,1641,1681,Plomer (1668-1725)
BS_DUNTON,John Dunton,,bookseller,1659,1733,Plomer (1668-1725)
BS_DYER,Dyer,,stationer,1700,1700,Plomer (1668-1725)
BS_ECKELSTON,Edward Eckelston,,bookseller,1683,1683,Plomer (1668-1725)
BS_EDDOWES,S. Eddowes,,bookseller,1682,1693,Plomer (1668-1725)
BS_EDLIN,John Edlin,,bookseller,1719,1732,Plomer (1668-1725)
BS_EDLIN_2,Thomas Edlin,,bookseller,1721,1724,Plomer (1668-1725)
BS_EDWARDS,David Edwards,,bookseller,1694,1762,Plomer (1668-1725)
BS_EDWIN,Jonathan Edwin,,bookseller,1637,1686,Plomer (1668-1725)
BS_EGLESFIELD,Thomas Eglesfield,,bookseller,1641,1683,Plomer (1668-1725)
BS_ELLIS,Evan Ellis,,printer,1640,1722,Plomer (1668-1725)
BS_EVELEIGH,Robert Eveleigh,,bookseller,1668,1681,Plomer (1668-1725)
BS_EVERINGHAM,Robert Everingham,,printer,1680,1699,Plomer (1668-1725)
BS_EVERSDEN,George Eversden,,bookseller,1641,1641,Plomer (1668-1725)
BS_EVETS,Edward Evets,,bookseller,1683,1705,Plomer (1668-1725)
BS_EWREY,William Ewrey,,bookseller,1670,1696,Plomer (1668-1725)
BS_FABIAN,Mary Fabian,,bookseller,1698,1701,Plomer (1668-1725)
BS_FABIAN_2,Thomas Fabian,,bookseller,1676,1693,Plomer (1668-1725)
BS_FAITHORNE,Henry Faithorne,,bookseller,1681,1689,Plomer (1668-1725)
BS_FARY,Robert Fary,,bookseller,1713,1713,Plomer (1668-1725)
BS_FAWCET,Francis Fawcet,,bookseller,1700,1701,Plomer (1668-1725)
BS_FAWKNER,J. Fawkner,,bookseller,1698,1698,Plomer (1668-1725)
BS_FAYRAM,F. Fayram,,bookseller,1721,1721,Plomer (1668-1725)
BS_FELTHAM,Anthony Feltham,,bookseller,1691,1693,Plomer (1668-1725)
BS_FENNER,Enoch Fenner,,bookseller,1703,1729,Plomer (1668-1725)
BS_FENNER_2,Rest Fenner,,bookseller,1641,1714,Plomer (1668-1725)
BS_FENNER_3,Rest Fenner,,bookseller,1681,1711,Plomer (1668-1725)
BS_FIRTH,Isaac Firth,,stationer,1707,1707,Plomer (1668-1725)
BS_FISH,John Fish,,bookseller,1681,1703,Plomer (1668-1725)
BS_FISH_2,Wn.Li Am Fish,,stationer,1686,1686,Plomer (1668-1725)
BS_FISHER,William Fisher,,bookseller,1641,1690,Plomer (1668-1725)
BS_FLEMING,Robert Fleming,,bookseller,1670,1764,Plomer (1668-1725)
BS_FLETCHER,James Fletcher,,printer,1641,1652,Plomer (1668-1725)
BS_FLETCHER_2,Stephen Fletcher,,bookseller,1677,1721,Plomer (1668-1725)
BS_FORD,John Ford,,bookseller,1641,1673,Plomer (1668-1725)
BS_FORRESTER,Andrew Forrester,,bookseller,1676,1680,Plomer (1668-1725)
BS_FORRESTER_2,P. Forrester,,bookseller,1687,1687,Plomer (1668-1725)
BS_FORRESTER_3,Susanna Forrester,,bookseller,1685,1685,Plomer (1668-1725)
BS_FOSTER,Benjamin Foster,,bookseller,1672,1672,Plomer (1668-1725)
BS_FOSTER_2,John Foster,,printer,1697,1697,Plomer (1668-1725)
BS_FOSTER_3,Marmaduke Foster,,bookseller,1685,1685,Plomer (1668-1725)
BS_FOSTER_4,Stephen Foster,,bookseller,1641,1680,Plomer (1668-1725)
BS_FOX,Joseph Fox,,bookseller,1686,1746,Plomer (1668-1725)
BS_FOX_2,Thomas Fox,,bookseller,1679,1721,Plomer (1668-1725)
BS_FREEMAN,William Freeman,,bookseller,1682,1690,Plomer (1668-1725)
BS_FRITH,John Frith,,bookseller,1682,1694,Plomer (1668-1725)
BS_FURDER,William Furder,,bookseller,1684,1684,Plomer (1668-1725)
BS_FYNDAL,Fyndal,,printer,1650,1716,Plomer (1668-1725)
BS_GARDINER,Gardiner,,bookseller,1682,1724,Plomer (1668-1725)
BS_GARRET,John Garret,,bookseller,1676,1679,Plomer (1668-1725)
BS_GARRETT,William Garrett,,bookseller,1622,1641,Plomer (1668-1725)
BS_GARTHWAITE,Mary Garthwaite,,bookseller,1670,1670,Plomer (1668-1725)
BS_GASCOIGNE,J. Gascoigne,,bookseller,1682,1682,Plomer (1668-1725)
BS_GELLIBRAND,Edward Gellibrand,,bookseller,1675,1682,Plomer (1668-1725)
BS_GELLIBRAND_2,John Gellibrand,,bookseller,1680,1684,Plomer (1668-1725)
BS_GELLIBRAND_3,Samuel Gellibrand,,bookseller,1637,1641,Plomer (1668-1725)
BS_GENT,Thomas Gent,,printer,1693,1778,Plomer (1668-1725)
BS_GERARD,J. Gerard,,bookseller,1692,1692,Plomer (1668-1725)
BS_GIBBS,J. Gibbs,,bookseller,1689,1702,Plomer (1668-1725)
BS_GIBBS_2,Robert Gibbs,,bookseller,1641,1675,Plomer (1668-1725)
BS_GIBSON,R. Gibson,,bookseller,1703,1703,Plomer (1668-1725)
BS_GIBSON_2,Robert Gibson,,bookseller,1700,1700,Plomer (1668-1725)
BS_GIFFORD,Ann Gifford,,bookseller,1722,1722,Plomer (1668-1725)
BS_GIFFORD_2,Robert Gifford,,bookseller,1689,1721,Plomer (1668-1725)
BS_GILBERT,William Gilbert,,bookseller,1672,1674,Plomer (1668-1725)
BS_GILBERTSON,J. Gilbertson,,bookseller,1684,1684,Plomer (1668-1725)
BS_GILBOURNE,Percival Gilbourne,,bookseller,1697,1698,Plomer (1668-1725)
BS_GILES,Edward Giles,,bookseller,1678,1703,Plomer (1668-1725)
BS_GILLIFLOWER,Matthew Gilliflower,,bookseller,1671,1702,Plomer (1668-1725)
BS_GODBID,Arthur Godbid,,printer,1641,1681,Plomer (1668-1725)
BS_GODBID_2,William Godbid,,printer,1641,1656,Plomer (1668-1725)
BS_GOLDING,Edward Golding,,bookseller,1683,1691,Plomer (1668-1725)
BS_GOODALL,Goodall,,bookseller,1679,1680,Plomer (1668-1725)
BS_GOODMAN,John Goodman,,bookseller,1688,1688,Plomer (1668-1725)
BS_GOODWIN,Timothy Goodwin,,bookseller,1683,1720,Plomer (1668-1725)
BS_GOSLING,Robert Gosling,,bookseller,1707,1741,Plomer (1668-1725)
BS_GOUGE,J. Gouge,,bookseller,1700,1707,Plomer (1668-1725)
BS_GOUGH,Edward Gough,,bookseller,1682,1682,Plomer (1668-1725)
BS_GRAFTON,George Grafton,,bookseller,1687,1699,Plomer (1668-1725)
BS_GRANGER,Matthew Granger,,bookseller,1690,1690,Plomer (1668-1725)
BS_GRANT,Fr. Grant,,bookseller,1668,1668,Plomer (1668-1725)
BS_GRANTHAM,J. Grantham,,printer,1650,1688,Plomer (1668-1725)
BS_GRANTHAM_2,Willlam Grantham,,bookseller,1641,1684,Plomer (1668-1725)
BS_GRAVES,John Graves,,bookseller,1681,1715,Plomer (1668-1725)
BS_GRAVES_2,Thomas Graves,,bookseller,1683,1725,Plomer (1668-1725)
BS_GRAY,S. Gray,,printer,1720,1720,Plomer (1668-1725)
BS_GREEN,Abraham Green,,bookseller,1682,1682,Plomer (1668-1725)
BS_GREEN_2,D. Green,,bookseller,1682,1682,Plomer (1668-1725)
BS_GREEN_3,Richard Green,,bookseller,1682,1700,Plomer (1668-1725)
BS_GREEN_4,Robert Green,,bookseller,1674,1685,Plomer (1668-1725)
BS_GREENWOOD,Jonathan Greenwood,,bookseller,1681,1688,Plomer (1668-1725)
BS_GREGORY,J. Gregory,,bookseller,1690,1690,Plomer (1668-1725)
BS_GRIFFIN,Bennet Griffin,,bookseller,1638,1700,Plomer (1668-1725)
BS_GRIGG,G. Grigg,,bookseller,1717,1717,Plomer (1668-1725)
BS_GROINE,Groine,,stationer,1669,1669,Plomer (1668-1725)
BS_GROOM,G. Groom,,printer,1705,1709,Plomer (1668-1725)
BS_GROSVENOR,Richard Grosvenor,,bookseller,1684,1691,Plomer (1668-1725)
BS_GROVER,J Ames Grover,,printer,1676,1758,Plomer (1668-1725)
BS_GROVER_2,Thomas Grover,,bookseller,1694,1710,Plomer (1668-1725)
BS_GUY,John Guy,,bookseller,1670,1711,Plomer (1668-1725)
BS_GUY_2,Thomas Guy,,bookseller,1644,1732,Plomer (1668-1725)
BS_GWILLIM,Philip Gwillim,,printer,1697,1717,Plomer (1668-1725)
BS_HAIGHT,"W, Haight",,bookseller,1689,1689,Plomer (1668-1725)
BS_HALES,Thomas Hales,,bookseller,1670,1696,Plomer (1668-1725)
BS_HALEY,Thomas Haley,,printer,1677,1682,Plomer (1668-1725)
BS_HALL,W. Hall,,stationer,1684,1684,Plomer (1668-1725)
BS_HALSEY,R. Halsey,,bookseller,1700,1703,Plomer (1668-1725)
BS_HANCOCK,John Hancock,,bookseller,1641,1673,Plomer (1668-1725)
BS_HANCOCK_2,John Hancock,,bookseller,1673,1705,Plomer (1668-1725)
BS_HANNOCK,John Hannock,,bookseller,1679,1679,Plomer (1668-1725)
BS_HARBIN,Thomas Harbin,,bookseller,1693,1737,Plomer (1668-1725)
BS_HARBOTTLE,R. Harbottle,,bookseller,1681,1681,Plomer (1668-1725)
BS_HARDEY,Richard Hardey,,bookseller,1677,1677,Plomer (1668-1725)
BS_HARDING,John Harding,,bookseller,1678,1712,Plomer (1668-1725)
BS_HARDING_2,John Harding,,bookseller,1680,1724,Plomer (1668-1725)
BS_HAREFINCH,John Harefinch,,bookseller,1682,1690,Plomer (1668-1725)
BS_HARFORD,Robert Harford,,bookseller,1641,1679,Plomer (1668-1725)
BS_HARFORD_2,Robert Harford,,bookseller,1675,1710,Plomer (1668-1725)
BS_HARGRAVE,D. Hargrave,,bookseller,1689,1713,Plomer (1668-1725)
BS_HARPER,Charles Harper,,bookseller,1640,1709,Plomer (1668-1725)
BS_HARRIS,Benjamin Harris,,bookseller,1673,1708,Plomer (1668-1725)
BS_HARRIS_2,Elizabeth Harris,,bookseller,1699,1699,Plomer (1668-1725)
BS_HARRIS_3,F. Harris,,bookseller,1682,1682,Plomer (1668-1725)
BS_HARRIS_4,George Harris,,bookseller,1703,1721,Plomer (1668-1725)
BS_HARRIS_5,John Harris,,bookseller,1685,1698,Plomer (1668-1725)
BS_HARRIS_6,S. Harris,,bookseller,1703,1703,Plomer (1668-1725)
BS_HARRIS_7,"Wr, Harris",,bookseller,1690,1690,Plomer (1668-1725)
BS_HARRISON,Harrison,,bookseller,1703,1703,Plomer (1668-1725)
BS_HARRISON_2,Israel Harrison,,bookseller,1673,1706,Plomer (1668-1725)
BS_HARRISON_3,Thomas Harrison,,bookseller,1683,1683,Plomer (1668-1725)
BS_HART,William Hart,,bookseller,1686,1712,Plomer (1668-1725)
BS_HARTLEY,Hartley,,bookbinder,1668,1668,Plomer (1668-1725)
BS_HARTLEY_2,John Hartley,,bookseller,1697,1709,Plomer (1668-1725)
BS_HARTLEY_3,Robert Hartley,,bookseller,1707,1709,Plomer (1668-1725)
BS_HARTLEY_4,William Hartley,,bookseller,1703,1703,Plomer (1668-1725)
BS_HATLEY,H. Hatley,,stationer,1682,1682,Plomer (1668-1725)
BS_HAWES,William Hawes,,bookseller,1698,1709,Plomer (1668-1725)
BS_HAWKINS,E. Hawkins,,bookseller,1691,1702,Plomer (1668-1725)
BS_HAWKINS_2,M. Hawkins,,bookseller,1709,1709,Plomer (1668-1725)
BS_HAYES,Walter Hayes,,bookseller,1673,1685,Plomer (1668-1725)
BS_HAYHURST,Robin Hayhurst,,printer,1689,1700,Plomer (1668-1725)
BS_HAZARD,Joseph Hazard,,bookseller,1716,1716,Plomer (1668-1725)
BS_HEATHCOTE,J. Heathcote,,bookseller,1680,1725,Plomer (1668-1725)
BS_HEATHCOTE_2,William Heathcote,,printer,1718,1718,Plomer (1668-1725)
BS_HELMES,J. Helmes,,bookseller,1700,1711,Plomer (1668-1725)
BS_HENDERSON,Alexander Henderson,,bookseller,1671,1709,Plomer (1668-1725)
BS_HEPTINSTALL,John Heptinstall,,bookseller,1671,1713,Plomer (1668-1725)
BS_HERRINGMAN,John Herringman,,bookseller,1676,1676,Plomer (1668-1725)
BS_HEWSON,R. Hewson,,bookseller,1689,1689,Plomer (1668-1725)
BS_HEYRICK,R. Heyrick,,bookseller,1686,1686,Plomer (1668-1725)
BS_HEYRICK_2,Samuel Heyrick,,bookseller,1641,1700,Plomer (1668-1725)
BS_HICKMAN,Spencer Hickman,,bookseller,1670,1672,Plomer (1668-1725)
BS_HILL,John Hill,,bookseller,1677,1707,Plomer (1668-1725)
BS_HILLS,Gilham Hills,,printer,1737,1737,Plomer (1668-1725)
BS_HILLS_2,Henry Hills,,printer,1641,1713,Plomer (1668-1725)
BS_HILLS_3,Henry Hills,,printer,1641,1717,Plomer (1668-1725)
BS_HILLS_4,John Hills,,bookseller,1676,1690,Plomer (1668-1725)
BS_HINCH,S. Hinch,,printer,1683,1684,Plomer (1668-1725)
BS_HINDMARSH,H. Hindmarsh,,bookseller,1696,1698,Plomer (1668-1725)
BS_HINDMARSH_2,Joseph Hindmarsh,,bookseller,1678,1693,Plomer (1668-1725)
BS_HINE,R. Hine,,bookseller,1701,1701,Plomer (1668-1725)
BS_HIVE,T. Hive,,bookseller,1693,1695,Plomer (1668-1725)
BS_HODGKIN,Thomas Hodgkin,,bookseller,1676,1713,Plomer (1668-1725)
BS_HODGSON,Thomas Hodgson,,bookseller,1700,1702,Plomer (1668-1725)
BS_HOLFORD,John Holford,,bookseller,1681,1689,Plomer (1668-1725)
BS_HOLFORD_2,Samuel Holford,,bookseller,1685,1694,Plomer (1668-1725)
BS_HOLLAND,James Holland,,bookseller,1705,1705,Plomer (1668-1725)
BS_HOLMAN,C Holman,,stationer,1692,1692,Plomer (1668-1725)
BS_HOLT,Holt,,printer,1712,1724,Plomer (1668-1725)
BS_HOLT_2,Elizabeth Holt,,printer,1689,1690,Plomer (1668-1725)
BS_HOLT_3,R. Holt,,printer,1671,1688,Plomer (1668-1725)
BS_HOMER,Samuel Homer,,bookseller,1671,1671,Plomer (1668-1725)
BS_HOOKE,J. Hooke,,bookseller,1718,1725,Plomer (1668-1725)
BS_HOOKE_2,Nathaniel Hooke,,bookseller,1672,1672,Plomer (1668-1725)
BS_HOOLE,Samuel Hoole,,stationer,1689,1689,Plomer (1668-1725)
BS_HOPE,E. Hope,,bookseller,1672,1684,Plomer (1668-1725)
BS_HOPE_2,William Hope,,bookseller,1641,1672,Plomer (1668-1725)
BS_HOPPER,George Hopper,,printer,1641,1686,Plomer (1668-1725)
BS_HORNE,Thomas Horne,,bookseller,1686,1694,Plomer (1668-1725)
BS_HORTON,E. Horton,,printer,1671,1688,Plomer (1668-1725)
BS_HORTON_2,W. Horton,,printer,1688,1690,Plomer (1668-1725)
BS_HOTHAM,Matthew Hotham,,bookseller,1704,1725,Plomer (1668-1725)
BS_HOW,Job How,,bookseller,1679,1709,Plomer (1668-1725)
BS_HOWE,Joseph Howe,,bookseller,1689,1689,Plomer (1668-1725)
BS_HOWELL,Mary Howell,,bookseller,1684,1724,Plomer (1668-1725)
BS_HOYLE,Samuel Hoyle,,stationer,1666,1685,Plomer (1668-1725)
BS_HUDDLESTON,George Huddleston,,bookseller,1697,1698,Plomer (1668-1725)
BS_HUDGEBUT,John Hudgebut,,stationer,1680,1699,Plomer (1668-1725)
BS_HUGHES,R. Hughes,,bookseller,1684,1692,Plomer (1668-1725)
BS_HUMPHERIES,Richard Humpheries,,bookseller,1690,1690,Plomer (1668-1725)
BS_HUMPHREYS,J. Humphreys,,printer,1697,1724,Plomer (1668-1725)
BS_HUNT,Richard Hunt,,bookseller,1683,1699,Plomer (1668-1725)
BS_HUNT_2,Richard Hunt,,bookseller,1685,1685,Plomer (1668-1725)
BS_HUNT_3,William Hunt,,stationer,1688,1688,Plomer (1668-1725)
BS_HUNTER,Hunter,,printer,1724,1724,Plomer (1668-1725)
BS_HURLOCK,Benjamin Hurlock,,bookseller,1641,1672,Plomer (1668-1725)
BS_HURLOCK_2,Elizabeth Hurlock,,bookseller,1673,1673,Plomer (1668-1725)
BS_HUSBAND,Richakd Husband,,stationer,1680,1680,Plomer (1668-1725)
BS_HUSSEY,Christopher Hussey,,bookseller,1678,1705,Plomer (1668-1725)
BS_HUTCHINSON,Leonard Hutchinson,,stationer,1687,1687,Plomer (1668-1725)
BS_HYTHER,J Onas Hyther,,bookseller,1668,1682,Plomer (1668-1725)
BS_ILIVE,"T, Ilive",,printer,1724,1724,Plomer (1668-1725)
BS_ILLIDGE,Samuel Illidge,,bookseller,1716,1716,Plomer (1668-1725)
BS_INGHALL,William Inghall,,bookseller,1681,1681,Plomer (1668-1725)
BS_INNYS,William Innys,,bookseller,1711,1732,Plomer (1668-1725)
BS_ISTED,J. Isted,,bookseller,1672,1725,Plomer (1668-1725)
BS_JACOB,Wnxi Am Jacob,,bookseller,1670,1680,Plomer (1668-1725)
BS_JACKSON,David Jackson,,bookseller,1700,1700,Plomer (1668-1725)
BS_JACKSON_2,N. Jackson,,bookseller,1693,1693,Plomer (1668-1725)
BS_JAKIN,Ellen Jakin,,stationer,1680,1680,Plomer (1668-1725)
BS_JAMES,George James,,printer,1712,1735,Plomer (1668-1725)
BS_JAMES_2,Thomas James,,type-founder,1710,1736,Plomer (1668-1725)
BS_JANEWAY,Richard Janeway,,bookseller,1680,1703,Plomer (1668-1725)
BS_JANEWAY_2,Richard Janeway,,printer,1698,1724,Plomer (1668-1725)
BS_JAQUES,Joseph Jaques,,bookseller,1712,1712,Plomer (1668-1725)
BS_JAUNCY,T. Jauncy,,bookseller,1691,1720,Plomer (1668-1725)
BS_JEFFERY,Edmund Jeffery,,bookseller,1699,1729,Plomer (1668-1725)
BS_JENKINSON,Robert Jenkinson,,bookseller,1690,1690,Plomer (1668-1725)
BS_JENOUR,Matthew Jenour,,printer,1707,1724,Plomer (1668-1725)
BS_JOHNSON,Benjamin Johnson,,bookseller,1658,1703,Plomer (1668-1725)
BS_JOHNSON_2,J. Johnson,,printer,1700,1700,Plomer (1668-1725)
BS_JOHNSON_3,James Johnson,,bookseller,1689,1703,Plomer (1668-1725)
BS_JOHNSON_4,Michael Johnson,,bookseller,1656,1731,Plomer (1668-1725)
BS_JOHNSON_5,R. Johnson,,printer,1682,1682,Plomer (1668-1725)
BS_JOHNSON_6,Robert Johnson,,bookseller,1701,1701,Plomer (1668-1725)
BS_JONATHAN,Edwin Jonathan,,bookseller,1672,1678,Plomer (1668-1725)
BS_JONES,Arthur Jones,,bookseller,1684,1686,Plomer (1668-1725)
BS_JONES_2,Edward Jones,,printer,1688,1706,Plomer (1668-1725)
BS_JONES_3,H. Jones,,bookseller,1681,1691,Plomer (1668-1725)
BS_JONES_4,John Jones,,bookseller,1641,1699,Plomer (1668-1725)
BS_JONES_5,John Jones,,bookseller,1702,1718,Plomer (1668-1725)
BS_JONES_6,Richard Jones,,bookseller,1641,1681,Plomer (1668-1725)
BS_JONES_7,Thomas Jones,,bookseller,1676,1713,Plomer (1668-1725)
BS_JORDAN,J. Jordan,,bookseller,1680,1682,Plomer (1668-1725)
BS_JOYNER,Joyner,,bookseller,1681,1715,Plomer (1668-1725)
BS_KEAT,Hugh Keat,,bookseller,1678,1678,Plomer (1668-1725)
BS_KEATE,William Keate,,bookseller,1681,1681,Plomer (1668-1725)
BS_KEBLE,Samuel Keble,,bookseller,1674,1715,Plomer (1668-1725)
BS_KEBLE_2,William Keble,,bookseller,1704,1704,Plomer (1668-1725)
BS_KEBLEWHITE,Stephen Keblewhite,,bookseller,1694,1702,Plomer (1668-1725)
BS_KEINTON,M. Keinton,,bookseller,1641,1682,Plomer (1668-1725)
BS_KEIRTON,Mary Keirton,,bookseller,1673,1673,Plomer (1668-1725)
BS_KELL,Richard Kell,,bookseller,1641,1694,Plomer (1668-1725)
BS_KELLINGTON,Job Kellington,,bookseller,1681,1683,Plomer (1668-1725)
BS_KEMP,Hobart Kemp,,bookseller,1671,1672,Plomer (1668-1725)
BS_KERSEY,John Kersey,,bookseller,1681,1686,Plomer (1668-1725)
BS_KETTILBY,Walter Kettilby,,bookseller,1669,1711,Plomer (1668-1725)
BS_KETTLEWELL,Robert Kettlewell,,bookseller,1681,1694,Plomer (1668-1725)
BS_KIDGELL,John Kidgell,,bookseller,1680,1684,Plomer (1668-1725)
BS_KING,Charles King,,bookseller,1698,1725,Plomer (1668-1725)
BS_KING_2,Gregory King,,bookseller,1677,1677,Plomer (1668-1725)
BS_KING_3,J. King,,bookseller,1698,1703,Plomer (1668-1725)
BS_KIRKHAM,William Kirkham,,bookseller,1681,1681,Plomer (1668-1725)
BS_KIRKTON,Joshua Kirkton,,bookseller,1679,1679,Plomer (1668-1725)
BS_KNAPLOCK,Robert Knaplock,,bookseller,1696,1737,Plomer (1668-1725)
BS_KNAPTON,James Knapton,,bookseller,1687,1738,Plomer (1668-1725)
BS_KNIGHT,Joseph Knight,,bookseller,1684,1690,Plomer (1668-1725)
BS_KNOX,Henry Knox,,bookseller,1664,1716,Plomer (1668-1725)
BS_LADYMAN,Ladyman,,bookseller,1691,1691,Plomer (1668-1725)
BS_LANE,John Lane,,bookseller,1688,1688,Plomer (1668-1725)
BS_LARKIN,George Larkin,,bookseller,1641,1706,Plomer (1668-1725)
BS_LARKIN_2,George Larkin,,printer,1703,1724,Plomer (1668-1725)
BS_LAWRENCE,John Lawrence,,bookseller,1681,1711,Plomer (1668-1725)
BS_LAYCOCK,William Laycock,,bookseller,1696,1696,Plomer (1668-1725)
BS_LEA,Philip Lea,,bookseller,1683,1703,Plomer (1668-1725)
BS_LEABOURN,Elias Leabourn,,bookseller,1680,1680,Plomer (1668-1725)
BS_LEACH,Dryden Leach,,printer,1707,1724,Plomer (1668-1725)
BS_LEACH_2,Francis Leach,,printer,1658,1707,Plomer (1668-1725)
BS_LEACH_3,William Leach,,bookseller,1678,1691,Plomer (1668-1725)
BS_LEAKE,John Leake,,bookseller,1673,1717,Plomer (1668-1725)
BS_LEAKE_2,William Leake,,bookseller,1641,1682,Plomer (1668-1725)
BS_LEE,Samuel Lee,,bookseller,1677,1695,Plomer (1668-1725)
BS_LEIGH,John Leigh,,bookseller,1670,1685,Plomer (1668-1725)
BS_LEIGH_2,Thomas Leigh,,bookseller,1698,1704,Plomer (1668-1725)
BS_LENTHALL,John Lenthall,,stationer,1709,1709,Plomer (1668-1725)
BS_LESLIE,Henry Leslie,,bookseller,1677,1677,Plomer (1668-1725)
BS_LETT,R. Lett,,bookseller,1681,1681,Plomer (1668-1725)
BS_LEWIS,William Lewis,,bookseller,1709,1725,Plomer (1668-1725)
BS_LILLIECRAP,Peter Lilliecrap,,printer,1641,1675,Plomer (1668-1725)
BS_LINDSEY,William Lindsey,,bookseller,1675,1736,Plomer (1668-1725)
BS_LINTOT,Joshua Lintot,,bookseller,1708,1708,Plomer (1668-1725)
BS_LITTLEBURY,Robert Littlebury,,bookseller,1641,1685,Plomer (1668-1725)
BS_LLOYD,Henry Lloyd,,printer,1641,1675,Plomer (1668-1725)
BS_LLOYD_2,O. Lloyd,,bookseller,1711,1711,Plomer (1668-1725)
BS_LOCK,J. Lock,,printer,1673,1673,Plomer (1668-1725)
BS_LONGMAN_2,Thomas Longman,,bookseller,1724,1724,Plomer (1668-1725)
BS_LORD,Henry Lord,,bookseller,1680,1682,Plomer (1668-1725)
BS_LORD_2,Thomas Lord,,bookseller,1681,1681,Plomer (1668-1725)
BS_LOVELL,T. Lovell,,bookseller,1689,1697,Plomer (1668-1725)
BS_LOWNDES,Samuel Lowndes,,bookseller,1669,1703,Plomer (1668-1725)
BS_LUCAS,Centurion Lucas,,bookseller,1678,1687,Plomer (1668-1725)
BS_LUNTLEY,Jo Nas Luntley,,bookseller,1694,1694,Plomer (1668-1725)
BS_LUTTON,John Lutton,,bookseller,1664,1674,Plomer (1668-1725)
BS_LYFORD,J. Lyford,,bookseller,1678,1718,Plomer (1668-1725)
BS_MAJOR,Daniel Major,,bookseller,1677,1680,Plomer (1668-1725)
BS_MALLET,A. Mallet,,bookseller,1704,1704,Plomer (1668-1725)
BS_MALLET_2,David Mallet,,printer,1647,1689,Plomer (1668-1725)
BS_MALLET_3,Elizabeth Mallet,,bookseller,1685,1702,Plomer (1668-1725)
BS_MALTHUS,Sarah Malthus,,bookseller,1703,1706,Plomer (1668-1725)
BS_MALTHUS_2,Thomas Malthus,,bookseller,1682,1703,Plomer (1668-1725)
BS_MANHOOD,Manhood,,bookseller,1684,1725,Plomer (1668-1725)
BS_MANSHIP,Samuel Manship,,bookseller,1676,1713,Plomer (1668-1725)
BS_MARCH,John March,,bookseller,1713,1726,Plomer (1668-1725)
BS_MARLOW,John Marlow,,printer,1674,1679,Plomer (1668-1725)
BS_MARRIOT,George Marriot,,bookseller,1674,1677,Plomer (1668-1725)
BS_MARRIOTT,Anne Marriott,,bookseller,1687,1689,Plomer (1668-1725)
BS_MARRIOTT_2,John Marriott,,stationer,1700,1742,Plomer (1668-1725)
BS_MARSH,John Marsh,,bookseller,1688,1688,Plomer (1668-1725)
BS_MARSHALL,John Marshall,,bookseller,1695,1725,Plomer (1668-1725)
BS_MARSHALL_2,Joseph Marshall,,bookseller,1707,1725,Plomer (1668-1725)
BS_MARSHALL_3,William Marshall,,bookseller,1676,1725,Plomer (1668-1725)
BS_MARSTON,John Marston,,bookseller,1683,1685,Plomer (1668-1725)
BS_MARTIN,John Martin,,bookseller,1705,1724,Plomer (1668-1725)
BS_MASON,J. Mason,,printer,1683,1684,Plomer (1668-1725)
BS_MATTHEWS,Emanuel Matthews,,bookseller,1700,1700,Plomer (1668-1725)
BS_MATTHEWS_2,John Matthews,,printer,1681,1716,Plomer (1668-1725)
BS_MATTHEWS_3,John Matthews,,printer,1719,1719,Plomer (1668-1725)
BS_MAXFIELD,Maxfield,,bookseller,1700,1700,Plomer (1668-1725)
BS_MAY,George May,,bookseller,1680,1713,Plomer (1668-1725)
BS_MEAD,Daniel Mead,,bookseller,1707,1732,Plomer (1668-1725)
BS_MEAD_2,M. Mead,,bookseller,1697,1703,Plomer (1668-1725)
BS_MEAD_3,Richard Mead,,bookseller,1684,1684,Plomer (1668-1725)
BS_MEADE,Meade,,bookbinder,1695,1696,Plomer (1668-1725)
BS_MEADOWS,W. Meadows,,bookseller,1719,1725,Plomer (1668-1725)
BS_MEARNE,A. Mearne,,bookseller,1683,1683,Plomer (1668-1725)
BS_MEARNE_2,Charles Mearne,,bookseller,1680,1686,Plomer (1668-1725)
BS_MEARS,Mears,,printer,1713,1713,Plomer (1668-1725)
BS_MEARS_2,W. Mears,,bookseller,1713,1725,Plomer (1668-1725)
BS_MEERE,H. Meere,,printer,1708,1724,Plomer (1668-1725)
BS_MELLETT,Thomas Mellett,,printer,1681,1681,Plomer (1668-1725)
BS_MERCER,Thomas Mercer,,bookseller,1679,1684,Plomer (1668-1725)
BS_MEREDITH,Luke Meredith,,bookseller,1684,1702,Plomer (1668-1725)
BS_MERREALL,Alexander Merreall,,bookseller,1641,1703,Plomer (1668-1725)
BS_METCALFE,Thomas Metcalfe,,bookseller,1694,1711,Plomer (1668-1725)
BS_MIDWINTER,Daniel Midwinter,,bookseller,1698,1725,Plomer (1668-1725)
BS_MIDWINTER_2,Edward Midwinter,,bookseller,1710,1724,Plomer (1668-1725)
BS_MILBOURN,E. Milbourn,,printer,1684,1684,Plomer (1668-1725)
BS_MILBOURN_2,Thomas Milbourn,,printer,1641,1686,Plomer (1668-1725)
BS_MILES,E. Miles,,printer,1674,1674,Plomer (1668-1725)
BS_MILL,Adiel Mill,,stationer,1687,1690,Plomer (1668-1725)
BS_MILLER,J. Miller,,bookseller,1677,1677,Plomer (1668-1725)
BS_MILLER_2,John Miller,,bookseller,1691,1709,Plomer (1668-1725)
BS_MILLER_3,Susannah Miller,,bookseller,1698,1698,Plomer (1668-1725)
BS_MILLER_4,Wnxi Am Miller,,bookseller,1641,1693,Plomer (1668-1725)
BS_MILLET,John Millet,,bookseller,1683,1683,Plomer (1668-1725)
BS_MILLINGTON,Edward Millington,,bookseller,1670,1703,Plomer (1668-1725)
BS_MILLION,Henry Million,,bookseller,1641,1679,Plomer (1668-1725)
BS_MILLS,"F, Mills",,bookseller,1696,1696,Plomer (1668-1725)
BS_MILWARD,Edward Milward,,bookseller,1680,1680,Plomer (1668-1725)
BS_MINIKIN,George Minikin,,stationer,1676,1676,Plomer (1668-1725)
BS_MINSHULL,John Minshull,,bookseller,1641,1712,Plomer (1668-1725)
BS_MITCHELL,J. Mitchell,,bookseller,1686,1686,Plomer (1668-1725)
BS_MONCKTON,Philip Monckton,,bookseller,1701,1707,Plomer (1668-1725)
BS_MONEY,John Money,,bookseller,1681,1681,Plomer (1668-1725)
BS_MONTAGU,Richard Montagu,,bookseller,1718,1718,Plomer (1668-1725)
BS_MONTGOMERY,Hugh Montgomery,,bookseller,1678,1703,Plomer (1668-1725)
BS_MOORE,Thomas Moore,,printer,1685,1685,Plomer (1668-1725)
BS_MORDEN,Charles Morden,,bookseller,1678,1684,Plomer (1668-1725)
BS_MORDEN_2,Robert Morden,,bookseller,1671,1702,Plomer (1668-1725)
BS_MORPHEW,John Morphew,,bookseller,1706,1720,Plomer (1668-1725)
BS_MORTIER,David Mortier,,bookseller,1641,1717,Plomer (1668-1725)
BS_MORTLOCK,John Mortlock,,bookseller,1695,1695,Plomer (1668-1725)
BS_MORY,Edward Mory,,bookseller,1691,1699,Plomer (1668-1725)
BS_MOTTE,Benjamin Motte,,bookseller,1693,1738,Plomer (1668-1725)
BS_MOUNT,Richard Mount,,bookseller,1684,1722,Plomer (1668-1725)
BS_MOXON,James Moxon,,bookseller,1641,1689,Plomer (1668-1725)
BS_MUSDEN,William Musden,,bookseller,1675,1680,Plomer (1668-1725)
BS_NEAL,Simon Neal,,bookseller,1674,1694,Plomer (1668-1725)
BS_NEEDHAM,Benjamin Needham,,bookseller,1674,1685,Plomer (1668-1725)
BS_NEEDHAM_2,Ralph Needham,,bookseller,1641,1672,Plomer (1668-1725)
BS_NEGUS,Samuel Negus,,printer,1701,1724,Plomer (1668-1725)
BS_NEILL,Patrick Neill,,bookseller,1696,1702,Plomer (1668-1725)
BS_NELSON,Norman Nelson,,bookseller,1680,1680,Plomer (1668-1725)
BS_NEVILL,Joseph Nevill,,bookseller,1641,1660,Plomer (1668-1725)
BS_NEVILL_2,Sarah Nevill,,bookseller,1677,1677,Plomer (1668-1725)
BS_NEWBOLT,William Newbolt,,printer,1684,1714,Plomer (1668-1725)
BS_NEWBOROUGH,M. Newborough,,bookseller,1707,1707,Plomer (1668-1725)
BS_NEWBOROUGH_2,Thomas Newborough,,bookseller,1641,1713,Plomer (1668-1725)
BS_NEWMAN,Dorman Newman,,bookseller,1641,1694,Plomer (1668-1725)
BS_NEWMAN_2,Hugh Newman,,bookseller,1692,1703,Plomer (1668-1725)
BS_NEWTON,John Newton,,bookseller,1688,1698,Plomer (1668-1725)
BS_NEWTON_2,W. Newton,,bookseller,1694,1694,Plomer (1668-1725)
BS_NICHOLSON,John Nicholson,,bookseller,1686,1715,Plomer (1668-1725)
BS_NICHOLSON_2,Robert Nicholson,,bookseller,1641,1689,Plomer (1668-1725)
BS_NICKS,John Nicks,,bookseller,1722,1722,Plomer (1668-1725)
BS_NISBETT,Henry Nisbett,,bookseller,1704,1706,Plomer (1668-1725)
BS_NORMAN,S. Norman,,bookseller,1682,1682,Plomer (1668-1725)
BS_NORMAN_2,Thomas Norman,,bookseller,1679,1680,Plomer (1668-1725)
BS_NORRIS,James Norris,,bookseller,1682,1694,Plomer (1668-1725)
BS_NORRIS_2,Thomas Norris,,bookseller,1695,1732,Plomer (1668-1725)
BS_NORTHCOT,Richard Northcot,,bookseller,1677,1690,Plomer (1668-1725)
BS_NOTT,William Nott,,bookseller,1641,1690,Plomer (1668-1725)
BS_NOWEL,N. Nowel,,bookseller,1681,1703,Plomer (1668-1725)
BS_NUTT,Elizabeth Nutt,,printer,1720,1724,Plomer (1668-1725)
BS_NUTT_2,John Nutt,,bookseller,1688,1710,Plomer (1668-1725)
BS_NUTT_3,M. Nutt,,bookseller,1720,1720,Plomer (1668-1725)
BS_OAKES,Edward Oakes,,bookseller,1641,1675,Plomer (1668-1725)
BS_OGSTON,Alexander Ogston,,bookseller,1685,1688,Plomer (1668-1725)
BS_OLIVER,Elkabeth Oliver,,bookseller,1689,1704,Plomer (1668-1725)
BS_OLIVER_2,William Oliver,,bookseller,1641,1689,Plomer (1668-1725)
BS_ONLEY,William Onley,,bookseller,1697,1709,Plomer (1668-1725)
BS_ORME,James Orme,,printer,1692,1698,Plomer (1668-1725)
BS_ORME_2,John Orme,,bookbinder,1681,1681,Plomer (1668-1725)
BS_GRREL,Thomas Grrel,,bookseller,1678,1739,Plomer (1668-1725)
BS_OSBORNE,Thomas Osborne,,bookseller,1702,1743,Plomer (1668-1725)
BS_OSWALD,Andrew Oswald,,bookseller,1686,1686,Plomer (1668-1725)
BS_OVERTON,Henry Overton,,bookseller,1707,1709,Plomer (1668-1725)
BS_OVERTON_2,John Overton,,bookseller,1641,1707,Plomer (1668-1725)
BS_OVERTON_3,Philip Overton,,bookseller,1709,1709,Plomer (1668-1725)
BS_OWEN,John Owen,,bookseller,1701,1706,Plomer (1668-1725)
BS_OXLAD,Francis Oxlad,,bookseller,1641,1687,Plomer (1668-1725)
BS_PALMER,George Palmer,,bookseller,1670,1670,Plomer (1668-1725)
BS_PALMER_2,R. Palmer,,bookseller,1716,1716,Plomer (1668-1725)
BS_PALMER_3,Samuel Palmer,,bookseller,1685,1686,Plomer (1668-1725)
BS_PALMER_4,Samuel Palmer,,printer,1700,1732,Plomer (1668-1725)
BS_PARDOE,Mark Pardoe,,bookseller,1677,1682,Plomer (1668-1725)
BS_PARKER,Andrew Parker,,printer,1724,1724,Plomer (1668-1725)
BS_PARKER_2,Edmund Parker,,bookseller,1704,1723,Plomer (1668-1725)
BS_PARKER_3,Edward Parker,,printer,1723,1724,Plomer (1668-1725)
BS_PARKER_4,G. Parker,,printer,1683,1683,Plomer (1668-1725)
BS_PARKER_5,Fetes Parker,,publisher,1641,1713,Plomer (1668-1725)
BS_PARKHURST,I Bomas Parkhurst,,bookseller,1641,1711,Plomer (1668-1725)
BS_PARSHAM,Parsham,,bookseller,1704,1711,Plomer (1668-1725)
BS_PARTRIDGE,James Partridge,,bookseller,1683,1694,Plomer (1668-1725)
BS_PASHAM,James Pasham,,bookseller,1669,1721,Plomer (1668-1725)
BS_PASSINGER,Sarah Passinger,,bookseller,1689,1692,Plomer (1668-1725)
BS_PASSINGER_2,Thomas Passinger,,bookseller,1692,1692,Plomer (1668-1725)
BS_PAVVLETT,E. Pavvlett,,bookseller,1692,1692,Plomer (1668-1725)
BS_PAWLETT,Edward Pawlett,,bookseller,1686,1686,Plomer (1668-1725)
BS_PAWLETT_2,George Pawlett,,bookseller,1641,1690,Plomer (1668-1725)
BS_PEACOCK,John Peacock,,bookseller,1681,1681,Plomer (1668-1725)
BS_PEARSE,Francis Pearse,,bookseller,1685,1685,Plomer (1668-1725)
BS_PEARSON,William Pearson,,bookseller,1700,1723,Plomer (1668-1725)
BS_PEELE,John Peele,,bookseller,1692,1771,Plomer (1668-1725)
BS_PENNOCK,Pennock,,printer,1709,1709,Plomer (1668-1725)
BS_PERO,John Pero,,bookseller,1694,1703,Plomer (1668-1725)
BS_PETERS,Francis Peters,,bookseller,1681,1681,Plomer (1668-1725)
BS_PEYTE,Peyte,,printer,1717,1717,Plomer (1668-1725)
BS_PHILLIPS,Joshua Phillips,,bookseller,1680,1709,Plomer (1668-1725)
BS_PICARD,Benjamin Picard,,bookseller,1711,1711,Plomer (1668-1725)
BS_PICKARD,Pickard,,printer,1724,1724,Plomer (1668-1725)
BS_PIERCE,Thomas Pierce,,bookseller,1676,1676,Plomer (1668-1725)
BS_PIKE,John Pike,,bookseller,1675,1694,Plomer (1668-1725)
BS_PITT,Moses Pitt,,bookseller,1654,1696,Plomer (1668-1725)
BS_PLAYFORD,E. Playford,,bookseller,1685,1685,Plomer (1668-1725)
BS_PLAYFORD_2,John Playford,,printer,1641,1686,Plomer (1668-1725)
BS_PONDER,Nathaniel Ponder,,bookseller,1656,1714,Plomer (1668-1725)
BS_POOLE,Edward Poole,,bookseller,1670,1702,Plomer (1668-1725)
BS_POOLE_2,Joseph Poole,,bookseller,1682,1682,Plomer (1668-1725)
BS_POPPING,Sarah Popping,,bookseller,1711,1723,Plomer (1668-1725)
BS_POWELL,Edmund Powell,,bookseller,1708,1711,Plomer (1668-1725)
BS_POWELL_2,Edward Powell,,bookbinder,1698,1698,Plomer (1668-1725)
BS_POWELL_3,G. Powell,,bookseller,1685,1686,Plomer (1668-1725)
BS_POWELL_4,William Powell,,bookseller,1686,1686,Plomer (1668-1725)
BS_POWNEY,Robert Powney,,stationer,1705,1705,Plomer (1668-1725)
BS_PRICE,C Price,,bookseller,1706,1706,Plomer (1668-1725)
BS_PRICE_2,Thomas Price,,bookseller,1669,1698,Plomer (1668-1725)
BS_PROCTER,William Procter,,stationer,1704,1705,Plomer (1668-1725)
BS_PROSSER,Enoch Prosser,,bookseller,1681,1681,Plomer (1668-1725)
BS_PRYKE,Robert Pryke,,bookseller,1681,1685,Plomer (1668-1725)
BS_PULLEYN,Octavian Pulleyn,,printer,1641,1677,Plomer (1668-1725)
BS_PYMAN,J Ames Pyman,,stationer,1692,1692,Plomer (1668-1725)
BS_RAINY,Thomas Rainy,,bookseller,1693,1693,Plomer (1668-1725)
BS_RANEW,Nathaniel Ranew,,bookseller,1641,1694,Plomer (1668-1725)
BS_RAVEN,Joseph Raven,,bookseller,1700,1700,Plomer (1668-1725)
BS_RAVENSHAW,Samuel Ravenshaw,,bookseller,1674,1692,Plomer (1668-1725)
BS_RAWLINS,William Rawlins,,printer,1674,1703,Plomer (1668-1725)
BS_RAWSON,Rawson,,stationer,1694,1694,Plomer (1668-1725)
BS_READ,E. Read,,bookseller,1707,1707,Plomer (1668-1725)
BS_READ_2,J. Read,,printer,1709,1724,Plomer (1668-1725)
BS_READ_3,R. Read,,bookseller,1682,1682,Plomer (1668-1725)
BS_REDDISH,W. Reddish,,bookseller,1641,1697,Plomer (1668-1725)
BS_REDMAYNE,Samuel Redmayne,,printer,1722,1724,Plomer (1668-1725)
BS_REDMAYNE_2,William Redmayne,,bookseller,1674,1674,Plomer (1668-1725)
BS_REYNOLDS,Rowland Reynolds,,bookseller,1641,1691,Plomer (1668-1725)
BS_RHAMES,Aaron Rhames,,bookseller,1642,1734,Plomer (1668-1725)
BS_RIBOTEAU,H. Riboteau,,bookseller,1682,1702,Plomer (1668-1725)
BS_RICHARDSON,Edmond Richardson,,bookseller,1680,1703,Plomer (1668-1725)
BS_RICHARDSON_2,John Richardson,,printer,1675,1703,Plomer (1668-1725)
BS_RICHARDSON_3,W. Richardson,,printer,1701,1701,Plomer (1668-1725)
BS_RILEY,Welliam Riley,,bookseller,1670,1670,Plomer (1668-1725)
BS_RIVINGTON_2,Charles Rivington,,bookseller,1688,1742,Plomer (1668-1725)
BS_ROBERTS,J Ames Roberts,,bookseller,1706,1754,Plomer (1668-1725)
BS_ROBERTS_2,R. Roberts,,bookseller,1679,1703,Plomer (1668-1725)
BS_ROBINSON,Jonathan Robinson,,bookseller,1667,1713,Plomer (1668-1725)
BS_ROBINSON_2,Josiah Robinson,,bookseller,1672,1672,Plomer (1668-1725)
BS_ROBINSON_3,Ranew Robinson,,bookseller,1713,1713,Plomer (1668-1725)
BS_ROBINSON_4,Robert Robinson,,bookseller,1672,1682,Plomer (1668-1725)
BS_ROE,Jeremiah Roe,,bookseller,1725,1725,Plomer (1668-1725)
BS_ROGERS,Henry Rogers,,bookseller,1678,1678,Plomer (1668-1725)
BS_ROGERS_2,John Rogers,,bookseller,1708,1713,Plomer (1668-1725)
BS_ROGERS_3,Wn-Li Am Rogers,,bookseller,1678,1711,Plomer (1668-1725)
BS_ROLLS,Nathaniel Rolls,,bookseller,1641,1696,Plomer (1668-1725)
BS_ROPER,Abel Roper,,bookseller,1688,1726,Plomer (1668-1725)
BS_ROUND,James Round,,bookseller,1702,1745,Plomer (1668-1725)
BS_RUMBALL,E. Rumball,,bookseller,1679,1701,Plomer (1668-1725)
BS_SACKFIELD,John Sackfield,,bookseller,1717,1717,Plomer (1668-1725)
BS_SADLER,Theodore Sadler,,bookseller,1641,1669,Plomer (1668-1725)
BS_SALUSBURY,John Salusbury,,bookseller,1685,1698,Plomer (1668-1725)
BS_SALUSBURY_2,T. Salusbury,,bookseller,1685,1694,Plomer (1668-1725)
BS_SAMPSON,Jacob Sampson,,bookseller,1679,1680,Plomer (1668-1725)
BS_SANDERS,Richard Sanders,,bookseller,1681,1681,Plomer (1668-1725)
BS_SANGER,Egbert Sanger,,bookseller,1707,1707,Plomer (1668-1725)
BS_SARE,Richard Sare,,bookseller,1684,1723,Plomer (1668-1725)
BS_SARE_2,Thomas Sare,,bookseller,1673,1692,Plomer (1668-1725)
BS_SAUNDERS,Francis Saunders,,bookseller,1684,1699,Plomer (1668-1725)
BS_SAVILE,George Savile,,bookseller,1674,1674,Plomer (1668-1725)
BS_SAWBRIDGE,George Sawbridge,,bookseller,1641,1705,Plomer (1668-1725)
BS_SAWBRIDGE_2,Hannah Sawbridge,,bookseller,1681,1686,Plomer (1668-1725)
BS_SAWBRIDGE_3,Thomas Sawbridge,,bookseller,1669,1692,Plomer (1668-1725)
BS_SAYES,W. Sayes,,bookseller,1707,1708,Plomer (1668-1725)
BS_SAYWELL,William Saywell,,bookseller,1641,1670,Plomer (1668-1725)
BS_SCORE,Edward Score,,bookseller,1704,1779,Plomer (1668-1725)
BS_SCOTT,Robert Scott,,bookseller,1641,1690,Plomer (1668-1725)
BS_SEAR,Thomas Sear,,bookseller,1676,1676,Plomer (1668-1725)
BS_SEARCH,Daniel Search,,bookseller,1689,1689,Plomer (1668-1725)
BS_SEDGWICK,Sedgwick,,printer,1691,1691,Plomer (1668-1725)
BS_SELL,John Sell,,bookseller,1676,1676,Plomer (1668-1725)
BS_SELLER,John Seller,,bookseller,1667,1691,Plomer (1668-1725)
BS_SELLERS,R. Sellers,,bookseller,1683,1683,Plomer (1668-1725)
BS_SHAD,J. Shad,,bookseller,1653,1683,Plomer (1668-1725)
BS_SHARP,Sm Joshua Sharp,,publisher,1681,1718,Plomer (1668-1725)
BS_SHARP_2,S. Sharp,,stationer,1692,1692,Plomer (1668-1725)
BS_SHARP_3,Thomas Sharp,,bookseller,1679,1679,Plomer (1668-1725)
BS_SHARP_4,Thomas Sharp,,printer,1722,1722,Plomer (1668-1725)
BS_SHARPLESS,Sharpless,,printer,1690,1690,Plomer (1668-1725)
BS_SHEAFE,Samuel Sheafe,,stationer,1641,1732,Plomer (1668-1725)
BS_SHELL,G. Shell,,bookseller,1684,1684,Plomer (1668-1725)
BS_SHELMERDINE,Thomas Shelmerdine,,bookseller,1698,1711,Plomer (1668-1725)
BS_SHELTON,Joseph Shelton,,bookseller,1691,1696,Plomer (1668-1725)
BS_SHEPHERD,P. Shepherd,,bookseller,1682,1682,Plomer (1668-1725)
BS_SHIRLEY,Benjamin Shirley,,bookseller,1672,1703,Plomer (1668-1725)
BS_SIMMONS,B. Simmons,,bookseller,1641,1685,Plomer (1668-1725)
BS_SIMMONS_2,Samuel Simmons,,bookseller,1641,1685,Plomer (1668-1725)
BS_SIMPSON,Simpson,,bookseller,1690,1690,Plomer (1668-1725)
BS_SIMPSON_2,J Ames Simpson,,bookbinder,1670,1678,Plomer (1668-1725)
BS_SIMPSON_3,Ralph Simpson,,bookseller,1680,1707,Plomer (1668-1725)
BS_SIMPSON_4,Richard Simpson,,bookseller,1670,1702,Plomer (1668-1725)
BS_SIMS,John Sims,,bookseller,1641,1677,Plomer (1668-1725)
BS_SKEGNES,Christopher Skegnes,,bookseller,1686,1687,Plomer (1668-1725)
BS_SLATER,J. Slater,,bookseller,1684,1709,Plomer (1668-1725)
BS_SMITH,Charles Smith,,bookseller,1671,1675,Plomer (1668-1725)
BS_SMITH_2,C Harles Smith,,bookseller,1707,1707,Plomer (1668-1725)
BS_SMITH_3,E. Smith,,bookseller,1686,1689,Plomer (1668-1725)
BS_SMITH_4,E. Smith,,bookseller,1707,1707,Plomer (1668-1725)
BS_SMITH_5,Francis Smith,,bookseller,1641,1688,Plomer (1668-1725)
BS_SMITH_6,John Smith,,printer,1679,1683,Plomer (1668-1725)
BS_SMITH_7,John Smith,,bookseller,1701,1701,Plomer (1668-1725)
BS_SMITH_8,Obediah Smith,,bookseller,1672,1704,Plomer (1668-1725)
BS_SMITH_9,Ralph Smith,,bookseller,1641,1684,Plomer (1668-1725)
BS_SMITH_10,Richard Smith,,bookseller,1698,1721,Plomer (1668-1725)
BS_SMITH_11,Samuel Smith,,bookseller,1681,1703,Plomer (1668-1725)
BS_SNOWDEN,Thomas Snowden,,printer,1678,1680,Plomer (1668-1725)
BS_SOLLERS,J. Sollers,,bookseller,1684,1684,Plomer (1668-1725)
BS_SOLLERS_2,Robert Sollers,,bookseller,1677,1699,Plomer (1668-1725)
BS_SOUTHBY,John Southby,,bookseller,1684,1707,Plomer (1668-1725)
BS_SOUTHBY_2,Richard Southby,,bookseller,1693,1693,Plomer (1668-1725)
BS_SOUTHWOOD,Benjamin Southwood,,bookseller,1670,1679,Plomer (1668-1725)
BS_SOWLE,"Tace, Or Tacy Sowle",,bookseller,1695,1746,Plomer (1668-1725)
BS_SPEED,Anne Speed,,bookseller,1705,1705,Plomer (1668-1725)
BS_SPEED_2,Samuel Speed,,bookseller,1641,1670,Plomer (1668-1725)
BS_SPEED_3,Thomas Speed,,bookseller,1689,1714,Plomer (1668-1725)
BS_SPENCER,John Spencer,,printer,1684,1684,Plomer (1668-1725)
BS_SPICER,John Spicer,,bookseller,1682,1682,Plomer (1668-1725)
BS_SPILLER,William Spiller,,bookseller,1696,1714,Plomer (1668-1725)
BS_SPRINT,Bartholomew Sprint,,bookseller,1681,1681,Plomer (1668-1725)
BS_SPRINT_2,Benjamin Sprint,,bookseller,1709,1737,Plomer (1668-1725)
BS_SPRINT_3,John Sprint,,bookseller,1698,1727,Plomer (1668-1725)
BS_SPRINT_4,Samuel Sprint,,bookseller,1670,1707,Plomer (1668-1725)
BS_STAGG,John Stagg,,bookseller,1746,1746,Plomer (1668-1725)
BS_STANDFAST,Richard Standfast,,bookseller,1711,1711,Plomer (1668-1725)
BS_STARKEY,John Starkey,,bookseller,1641,1689,Plomer (1668-1725)
BS_STEPHENS,J. Stephens,,bookseller,1722,1722,Plomer (1668-1725)
BS_STEPHENS_2,Philemon Stephens,,printer,1641,1692,Plomer (1668-1725)
BS_STOKOE,Luke Stokoe,,bookseller,1700,1727,Plomer (1668-1725)
BS_STORY,John Story,,bookseller,1641,1740,Plomer (1668-1725)
BS_STREATER,S. Streater,,printer,1677,1677,Plomer (1668-1725)
BS_STREATOR,Joseph Streator,,printer,1688,1688,Plomer (1668-1725)
BS_STURTON,John Sturton,,bookseller,1696,1696,Plomer (1668-1725)
BS_SYMON,Edward Symon,,bookseller,1720,1720,Plomer (1668-1725)
BS_SYMSON,Andrew Symson,,bookseller,1606,1706,Plomer (1668-1725)
BS_TANNER,Peter Tanner,,stationer,1691,1699,Plomer (1668-1725)
BS_TAYLOR,John Taylor,,bookseller,1683,1713,Plomer (1668-1725)
BS_TAYLOR_2,Thomas Taylor,,bookseller,1671,1673,Plomer (1668-1725)
BS_TAYLOR_3,William Taylor,,bookseller,1700,1723,Plomer (1668-1725)
BS_TEBB,Thomas Tebb,,bookseller,1707,1715,Plomer (1668-1725)
BS_TERRY,John Terry,,bookseller,1689,1689,Plomer (1668-1725)
BS_TERRY_2,T. Terry,,bookseller,1687,1687,Plomer (1668-1725)
BS_THACKERAY,Thomas Thackeray,,bookseller,1693,1693,Plomer (1668-1725)
BS_THACKERAY_2,William Thackeray,,bookseller,1641,1692,Plomer (1668-1725)
BS_THOMAS,John Thomas,,printer,1681,1681,Plomer (1668-1725)
BS_THOMPSON,J. Thompson,,printer,1725,1725,Plomer (1668-1725)
BS_THOMPSON_2,Mary Thompson,,printer,1688,1688,Plomer (1668-1725)
BS_THOMPSON_3,Nathaniel Thompson,,bookseller,1641,1688,Plomer (1668-1725)
BS_THORNCOMB,Andrew Thorncomb,,bookseller,1685,1686,Plomer (1668-1725)
BS_THORNICROFT,Thomas Thornicroft,,bookseller,1641,1672,Plomer (1668-1725)
BS_THORNTON,Jethro Thornton,,bookseller,1675,1675,Plomer (1668-1725)
BS_THRALE,Benjamin Thrale,,bookseller,1677,1679,Plomer (1668-1725)
BS_THRALE_2,Richard Thrale,,bookseller,1641,1768,Plomer (1668-1725)
BS_TIDMARSH,Samuel Tidmarsh,,bookseller,1678,1689,Plomer (1668-1725)
BS_TILLIER,T. Tillier,,bookseller,1688,1688,Plomer (1668-1725)
BS_TILLOTSON,J. Tillotson,,bookseller,1690,1690,Plomer (1668-1725)
BS_TODD,Todd,,printer,1724,1724,Plomer (1668-1725)
BS_TOMLINS,Richard Tomlins,,bookseller,1637,1672,Plomer (1668-1725)
BS_TOMPSON,Tompson,,bookseller,1689,1689,Plomer (1668-1725)
BS_TOMPSON_2,Richard Tompson,,bookseller,1641,1669,Plomer (1668-1725)
BS_TONGE,George Tonge,,bookseller,1682,1682,Plomer (1668-1725)
BS_TONSON,Jacob Tonson,,bookseller,1670,1737,Plomer (1668-1725)
BS_TONSON_2,Jacob Tonson,,bookseller,1689,1735,Plomer (1668-1725)
BS_TONSON_3,Richard Tonson,,bookseller,1675,1700,Plomer (1668-1725)
BS_TOOK,Took,,printer,1724,1724,Plomer (1668-1725)
BS_TOOKE,Benjamin Tooke,,bookseller,1642,1716,Plomer (1668-1725)
BS_TOOKE_2,Benjamin Tooke,,bookseller,1703,1723,Plomer (1668-1725)
BS_TOOKER,Arthur Tooker,,bookseller,1669,1680,Plomer (1668-1725)
BS_TOOKEY,R. Tookey,,printer,1695,1724,Plomer (1668-1725)
BS_TOOTH,Barber Tooth,,bookseller,1673,1673,Plomer (1668-1725)
BS_TRACY,Ebenezer Tracy,,bookseller,1695,1719,Plomer (1668-1725)
BS_TUCKYR,Roger Tuckyr,,bookseller,1700,1700,Plomer (1668-1725)
BS_TURNER,Matthew Turner,,bookseller,1673,1693,Plomer (1668-1725)
BS_TURNER_2,Robert Turner,,bookseller,1676,1676,Plomer (1668-1725)
BS_TURNER_3,William Turner,,bookseller,1696,1705,Plomer (1668-1725)
BS_TYLER,Evan Tyler,,bookseller,1633,1682,Plomer (1668-1725)
BS_UNSWORTH,Ann Unsworth,,bookseller,1696,1696,Plomer (1668-1725)
BS_VADE,James Vade,,bookseller,1677,1681,Plomer (1668-1725)
BS_VAILLANT,Paul Vaillant,,bookseller,1686,1739,Plomer (1668-1725)
BS_VAUGHAN,Roger Vaughan,,bookseller,1673,1673,Plomer (1668-1725)
BS_VEZEY,Lawrence Vezey,,printer,1720,1720,Plomer (1668-1725)
BS_VINCENT,Robert Vincent,,bookseller,1691,1713,Plomer (1668-1725)
BS_WADE,S. Wade,,bookseller,1693,1693,Plomer (1668-1725)
BS_WALBANCK,Elizabeth Walbanck,,bookseller,1674,1677,Plomer (1668-1725)
BS_WALBANCK_2,George Walbanck,,bookseller,1618,1674,Plomer (1668-1725)
BS_WALE,Jeffrey Wale,,bookseller,1703,1707,Plomer (1668-1725)
BS_WALFORD,Benjamin Walford,,bookseller,1689,1711,Plomer (1668-1725)
BS_WALFORD_2,J. Walford,,bookseller,1710,1710,Plomer (1668-1725)
BS_WALKER,Mathias Walker,,bookseller,1672,1672,Plomer (1668-1725)
BS_WALKER_2,R. Walker,,bookseller,1676,1676,Plomer (1668-1725)
BS_WALLIS,John Wallis,,printer,1682,1700,Plomer (1668-1725)
BS_WALLUP,G. Wallup,,bookseller,1690,1690,Plomer (1668-1725)
BS_WALSALL,Samuel Walsall,,bookseller,1680,1685,Plomer (1668-1725)
BS_WALTHOE,John Walthoe,,bookseller,1683,1733,Plomer (1668-1725)
BS_WALTON,Robert Walton,,printer,1641,1687,Plomer (1668-1725)
BS_WALWYN,Herbert Walwyn,,bookseller,1633,1702,Plomer (1668-1725)
BS_WARD,Thomas Ward,,bookseller,1711,1720,Plomer (1668-1725)
BS_WARD_2,Wnxi Am Ward,,bookseller,1710,1738,Plomer (1668-1725)
BS_WARNER,William Warner,,bookseller,1687,1687,Plomer (1668-1725)
BS_WARREN,Thomas Warren,,printer,1641,1697,Plomer (1668-1725)
BS_WARTER,William Warter,,stationer,1683,1709,Plomer (1668-1725)
BS_WATERTON,Richard Waterton,,bookseller,1691,1707,Plomer (1668-1725)
BS_WATTS,John Watts,,printer,1700,1763,Plomer (1668-1725)
BS_WATTS_2,Joseph Watts,,bookseller,1685,1692,Plomer (1668-1725)
BS_WELD,John Weld,,bookseller,1685,1700,Plomer (1668-1725)
BS_WELLS,George Wells,,bookseller,1677,1687,Plomer (1668-1725)
BS_WELLS_2,John Wells,,bookseller,1686,1691,Plomer (1668-1725)
BS_WELLS_3,R. Wells,,bookseller,1686,1686,Plomer (1668-1725)
BS_WELLS_4,William Wells,,bookseller,1641,1641,Plomer (1668-1725)
BS_WEST,West,,bookseller,1703,1703,Plomer (1668-1725)
BS_WHITE,Henry White,,bookseller,1677,1680,Plomer (1668-1725)
BS_WHITE_2,John White,,bookseller,1680,1680,Plomer (1668-1725)
BS_WHITE_3,John White,,bookseller,1680,1716,Plomer (1668-1725)
BS_WHITE_4,Lawrence White,,bookseller,1679,1679,Plomer (1668-1725)
BS_WHITE_5,Margaret White,,bookseller,1683,1683,Plomer (1668-1725)
BS_WHITE_6,Robert White,,printer,1639,1677,Plomer (1668-1725)
BS_WHITLEDGE,Robert Whitledge,,bookseller,1695,1711,Plomer (1668-1725)
BS_WHITLOCK,Elizabeth Whitlock,,bookseller,1695,1698,Plomer (1668-1725)
BS_WHITLOCK_2,John Whitlock,,bookseller,1683,1695,Plomer (1668-1725)
BS_WHITWOOD,William Whitwood,,bookseller,1641,1699,Plomer (1668-1725)
BS_WICKER,Tobias Wicker,,stationer,1682,1683,Plomer (1668-1725)
BS_WICKINS,John Wickins,,bookseller,1679,1695,Plomer (1668-1725)
BS_WIDDOWES,Giles Widdowes,,bookseller,1669,1675,Plomer (1668-1725)
BS_WIDDOWES_2,Margaret Widdowes,,bookseller,1676,1680,Plomer (1668-1725)
BS_WILCOX,J. Wilcox,,bookseller,1721,1762,Plomer (1668-1725)
BS_WILDE,Allington Wilde,,printer,1722,1731,Plomer (1668-1725)
BS_WILDE_2,John Wilde,,printer,1693,1709,Plomer (1668-1725)
BS_WILDE_3,Joseph Wilde,,bookseller,1672,1700,Plomer (1668-1725)
BS_WILDE_4,W. Wilde,,printer,1687,1696,Plomer (1668-1725)
BS_WILFORD,John Wilford,,bookseller,1641,1732,Plomer (1668-1725)
BS_WILKIN,Richard Wilkin,,bookseller,1693,1720,Plomer (1668-1725)
BS_WILKINS,Francis Wilkins,,printer,1696,1700,Plomer (1668-1725)
BS_WILKINS_2,John Wilkins,,bookseller,1670,1672,Plomer (1668-1725)
BS_WILKINS_3,Jonathan Wilkins,,bookseller,1680,1703,Plomer (1668-1725)
BS_WILKINSON,Christopher Wilkinson,,bookseller,1669,1693,Plomer (1668-1725)
BS_WILKINSON_2,E. Wilkinson,,bookseller,1693,1696,Plomer (1668-1725)
BS_WILLIAMS,John Williams,,bookseller,1636,1676,Plomer (1668-1725)
BS_WILLIAMS_2,John Williams,,bookseller,1672,1684,Plomer (1668-1725)
BS_WILLIAMS_3,Thomas Williams,,bookseller,1641,1679,Plomer (1668-1725)
BS_WILLIAMS_4,W. Williams,,bookseller,1677,1677,Plomer (1668-1725)
BS_WILLIAMSON,John Williamson,,bookseller,1670,1679,Plomer (1668-1725)
BS_WILLIS,J. Willis,,bookseller,1701,1701,Plomer (1668-1725)
BS_WILLIS_2,William Willis,,bookbinder,1684,1684,Plomer (1668-1725)
BS_WILMER,Thomas Wilmer,,bookseller,1709,1709,Plomer (1668-1725)
BS_WILMOT,Wilmot,,printer,1724,1724,Plomer (1668-1725)
BS_WILMOT_2,Samuel Wilmot,,bookseller,1729,1729,Plomer (1668-1725)
BS_WILMOT_3,William Wilmot,,printer,1724,1727,Plomer (1668-1725)
BS_WINGFIELD,John Wingfield,,bookseller,1669,1669,Plomer (1668-1725)
BS_WINTER,John Winter,,printer,1668,1675,Plomer (1668-1725)
BS_WITHERS,Samuel Withers,,bookseller,1694,1694,Plomer (1668-1725)
BS_WOOD,Thomas Wood,,bookseller,1715,1733,Plomer (1668-1725)
BS_WOOD_FALL,Henry Wood Fall,,bookseller,1704,1724,Plomer (1668-1725)
BS_WOODWARD,Woodward,,bookbinder,1680,1680,Plomer (1668-1725)
BS_WOODWARD_2,James Woodward,,bookseller,1707,1723,Plomer (1668-1725)
BS_WOOLFE,Nicholas Woolfe,,bookseller,1676,1678,Plomer (1668-1725)
BS_WOTTON,Matthew Wotton,,bookseller,1687,1725,Plomer (1668-1725)
BS_WRIGHT,John Wright,,bookseller,1634,1693,Plomer (1668-1725)
BS_WRIGHT_2,Thomas Wright,,bookseller,1683,1711,Plomer (1668-1725)
BS_WYER,Enoch Wyer,,bookseller,1677,1686,Plomer (1668-1725)
BS_YATES,Yates,,bookseller,1686,1703,Plomer (1668-1725)
BS_YOUNG,Thomas Young,,bookseller,1685,1685,Plomer (1668-1725)
BS_BAKER_7,Charles Baker,,bookseller,1690,1700,Plomer (1668-1725)
BS_BISSEL,James Bissel,,bookseller,1690,1700,Plomer (1668-1725)
BS_BODINGHAM,Bodingham,,printer,1722,1722,Plomer (1668-1725)
BS_BROWN_2,Jonah Brown,,bookseller,1714,1714,Plomer (1668-1725)
BS_BULLINGER,John Bullinger,,bookseller,1677,1677,Plomer (1668-1725)
BS_DENNISSON,C Dennisson,,bookseller,1690,1690,Plomer (1668-1725)
BS_GAMMON,William Gammon,,bookseller,1690,1700,Plomer (1668-1725)
BS_GILBERT_2,Stephen Gilbert,,printer,1716,1716,Plomer (1668-1725)
BS_HYDE,John Hyde,,bookseller,1702,1702,Plomer (1668-1725)
BS_MARIET,Mariet,,bookseller,1702,1702,Plomer (1668-1725)
BS_NEWBERY,Robert Newbery,,bookseller,1690,1690,Plomer (1668-1725)
BS_OLIVER_3,E. Oliver,,bookseller,1690,1690,Plomer (1668-1725)
BS_PASSINGER_3,Charles Passinger,,bookseller,1695,1695,Plomer (1668-1725)
BS_RICHARDSON_4,Samuel Richardson,,printer,1724,1724,Plomer (1668-1725)
BS_SOWLE_2,Jane Sowle,,printer,1706,1706,Plomer (1668-1725)
BS_WENTBRIDGE,V. Wentbridge,,bookseller,1600,1760,Plomer (1668-1725)
