source,sender,recipient,date,year,sender_place,recipient_place
Martini,Johann Christian Bach,Padre Martini,1757-01-18,1757,Napoli,Bologna
Martini,Johann Christian Bach,Padre Martini,1757-04-30,1757,Milano,Bologna
Martini,Johann Christian Bach,Padre Martini,1757-05-21,1757,Milano,Bologna
Martini,Johann Christian Bach,Padre Martini,1757-06-24,1757,Milano,Bologna
Martini,Johann Christian Bach,Padre Martini,1757-07-30,1757,Milano,Bologna
Martini,Johann Christian Bach,Padre Martini,1757-08-30,1757,Milano,Bologna
Martini,Johann Christian Bach,Padre Martini,1757-09-06,1757,Milano,Bologna
Martini,Johann Christian Bach,Padre Martini,1757-10-08,1757,Milano,Bologna
Martini,Johann Christian Bach,Padre Martini,1757-10-22,1757,Milano,Bologna
Martini,Johann Christian Bach,Padre Martini,1757-11-16,1757,,Bologna
Martini,Johann Christian Bach,Padre Martini,1758,1758,,Bologna
Martini,Johann Christian Bach,Padre Martini,1758-03-22,1758,Milano,Bologna
Martini,Johann Christian Bach,Padre Martini,1758-04-25,1758,Milano,Bologna
Martini,Johann Christian Bach,Padre Martini,1758-05-05,1758,Milano,Bologna
Martini,Johann Christian Bach,Padre Martini,1758-07-01,1758,Milano,Bologna
Martini,Johann Christian Bach,Padre Martini,1758-10-18,1758,Milano,Bologna
Martini,Johann Christian Bach,Padre Martini,1758-10-29,1758,Milano,Bologna
Martini,Johann Christian Bach,Padre Martini,1759-01,1759,Milano,Bologna
Martini,Johann Christian Bach,Padre Martini,1759-03-04,1759,Milano,Bologna
Martini,Johann Christian Bach,Padre Martini,1759-07-14,1759,Milano,Bologna
Martini,Johann Christian Bach,Padre Martini,1759-08-07,1759,Milano,Bologna
Martini,Johann Christian Bach,Padre Martini,1759-12-18,1759,Milano,Bologna
Martini,Johann Christian Bach,Padre Martini,1759-12-27,1759,Milano,Bologna
Martini,Johann Christian Bach,Padre Martini,1760-06-17,1760,Milano,Bologna
Martini,Johann Christian Bach,Padre Martini,1760-06-28,1760,Milano,Bologna
Martini,Johann Christian Bach,Padre Martini,1760-08-30,1760,Milano,Bologna
Martini,Johann Christian Bach,Padre Martini,1761-02-14,1761,Milano,Bologna
Martini,Johann Christian Bach,Padre Martini,1761-02-22,1761,Milano,Bologna
Martini,Johann Christian Bach,Padre Martini,1762-04-10,1762,Milano,Bologna
Martini,Johann Christian Bach,Padre Martini,1762-06-09,1762,Milano,Bologna
Martini,Johann Christian Bach,Padre Martini,1763-07-01,1763,Londra,Bologna
Martini,Leopold Mozart,Giovanni Battista Martini,1771-01-02,1771,Milano,Bologna
Martini,Johann Christian Bach,Padre Martini,1773-09-15,1773,Londra,
Martini,"Mozart, Wolfgang Amadeus","Martini, Giovanni Battista, Padre",1776-09-04,1776,Salzburg,Bologna
Martini,"Mozart, Wolfgang Amadeus","Martini, Giovanni Battista, Padre",1776-09-04,1776,Salzburg,
Martini,Wolfgang Amadé Mozart,Giovanni Battista Martini,1776-09-04,1776,Salzburg,Bologna
Martini,Giovanni Battista Martini,Wolfgang Amadé Mozart,1776-12-18,1776,Bologna,Salzburg
Martini,Leopold Mozart,Giovanni Battista Martini,1777-12-22,1777,Salzburg,Bologna
Martini,Johann Christian Bach,Padre Martini,1778-07-28,1778,Londra,
Martini,Leopold Mozart,Giovanni Battista Martini,1778-08-21,1778,Salzburg,Bologna
CPE_Bach,Carl Philipp Emanuel Bach,,1733-08-19,1733,Leipzig,Naumburg
CPE_Bach,Johann Elias Bach,Carl Philipp Emanuel Bach,1742-05-12,1742,,Berlin
CPE_Bach,Carl Philipp Emanuel Bach,,,,Berlin,Zittau
CPE_Bach,Carl Philipp Emanuel Bach,,1753-11,1753,Potsdam,Zittau
CPE_Bach,Bentz für den Stadtrat von Zittau,Carl Philipp Emanuel Bach,1753-11-05,1753,Zittau,Berlin
CPE_Bach,Bentz für den Stadtrat von Zittau,Carl Philipp Emanuel Bach,1753-12-21,1753,Zittau,Berlin
CPE_Bach,Carl Philipp Emanuel Bach,Georg Philipp Telemann,1756-12-29,1756,Berlin,Hamburg
CPE_Bach,Carl Philipp Emanuel Bach,Georg Philipp Telemann,1756-12-29,1756,Berlin,Hamburg
CPE_Bach,Carl Philipp Emanuel Bach,Michael Gabriel Fredersdorf,1757-01-24,1757,Berlin,
CPE_Bach,Carl Philipp Emanuel Bach,Georg Philipp Telemann,1759-07-05,1759,Berlin,Hamburg
CPE_Bach,Carl Philipp Emanuel Bach,Christoph Gottlieb von Murr,1765,1765,Berlin,Nürnberg
CPE_Bach,Carl Philipp Emanuel Bach,Johann Gottlob Immanuel Breitkopf,1765-10-12,1765,Potsdam,Leipzig
CPE_Bach,Carl Philipp Emanuel Bach,Johann Gottlob Immanuel Breitkopf,1765-10-27,1765,Potsdam,Leipzig
CPE_Bach,Carl Philipp Emanuel Bach,Johann Gottlob Immanuel Breitkopf,1765-10-30,1765,Potsdam,Leipzig
CPE_Bach,Carl Philipp Emanuel Bach,Johann Gottlob Immanuel Breitkopf,1765-11-06,1765,Potsdam,Leipzig
CPE_Bach,Carl Philipp Emanuel Bach,einen Hauptmann,1766-02-14,1766,Berlin,
CPE_Bach,Georg Michael Telemann,Carl Philipp Emanuel Bach,1767,1767,Hamburg,Berlin
CPE_Bach,Carl Philipp Emanuel Bach,Georg Michael Telemann,1767-07-11,1767,Berlin,Hamburg
CPE_Bach,Carl Philipp Emanuel Bach,Johann Gottlob Immanuel Breitkopf,1767-09-28,1767,Berlin,Leipzig
CPE_Bach,Johann Christian Bach,Carl Philipp Emanuel Bach,1767-09-30,1767,London,Hamburg
CPE_Bach,Collegium scholarchale,Carl Philipp Emanuel Bach,1767-11-06,1767,Hamburg,Berlin
CPE_Bach,Carl Philipp Emanuel Bach,Hans Jacob Faber,1767-11-13,1767,Berlin,Hamburg
CPE_Bach,Carl Philipp Emanuel Bach,Collegium scholarchale,1767-11-13,1767,Berlin,Hamburg
CPE_Bach,Carl Philipp Emanuel Bach,Georg Michael Telemann,1767-11-14,1767,Berlin,Hamburg
CPE_Bach,Carl Philipp Emanuel Bach,Georg Michael Telemann,1767-12-06,1767,Berlin,Hamburg
CPE_Bach,Georg Michael Telemann,Carl Philipp Emanuel Bach,1768,1768,Hamburg,Hamburg
CPE_Bach,Carl Philipp Emanuel Bach,Georg Michael Telemann,1768,1768,Hamburg,Hamburg
CPE_Bach,Carl Philipp Emanuel Bach,,1768-01-20,1768,Hamburg,Hamburg
CPE_Bach,Carl Philipp Emanuel Bach,Georg Michael Telemann,1768-01-29,1768,Berlin,Hamburg
CPE_Bach,Carl Philipp Emanuel Bach,Georg Michael Telemann,1768-06-22,1768,Hamburg,Hamburg
CPE_Bach,Carl Philipp Emanuel Bach,Georg Michael Telemann,1768-07,1768,Hamburg,Hamburg
CPE_Bach,Carl Philipp Emanuel Bach,,1768-07-19,1768,Hamburg,Hamburg
CPE_Bach,Carl Philipp Emanuel Bach,,1769-07-12,1769,Hamburg,Hamburg
CPE_Bach,Carl Philipp Emanuel Bach,Johann Philipp Kirnberger,1769-07-21,1769,Hamburg,Berlin
CPE_Bach,Carl Philipp Emanuel Bach,Georg Wilhelm Kottowsky,1769-12-06,1769,Hamburg,Dessau
CPE_Bach,Carl Philipp Emanuel Bach,Georg Michael Telemann,1770,1770,Hamburg,Hamburg
CPE_Bach,Carl Philipp Emanuel Bach,,1770-04-03,1770,Hamburg,Hamburg
CPE_Bach,Carl Philipp Emanuel Bach,,1770-06,1770,Hamburg,Hamburg
CPE_Bach,Carl Philipp Emanuel Bach,,1770-09-22,1770,Hamburg,Hamburg
CPE_Bach,Carl Philipp Emanuel Bach,,1770-12-18,1770,Hamburg,Hamburg
CPE_Bach,Carl Philipp Emanuel Bach,Johann Philipp Kirnberger,1771,1771,Hamburg,Berlin
CPE_Bach,Carl Philipp Emanuel Bach,,1771-01-30,1771,Hamburg,Hamburg
CPE_Bach,Carl Philipp Emanuel Bach,Georg Michael Telemann,1771-01-31,1771,Hamburg,Kiel
CPE_Bach,Carl Philipp Emanuel Bach,,1771-03-08,1771,Hamburg,Hamburg
CPE_Bach,Carl Philipp Emanuel Bach,,1771-03-27,1771,Hamburg,Hamburg
CPE_Bach,Carl Philipp Emanuel Bach,Georg Michael Telemann,1771-04-11,1771,Hamburg,Kiel
CPE_Bach,Carl Philipp Emanuel Bach,Johann Joachim Eschenburg,1771-05-01,1771,Hamburg,Braunschweig
CPE_Bach,Carl Philipp Emanuel Bach,,1771-06-18,1771,Hamburg,Hamburg
CPE_Bach,Carl Philipp Emanuel Bach,Johann Joachim Eschenburg,1771-06-26,1771,Hamburg,Braunschweig
CPE_Bach,Carl Philipp Emanuel Bach,Georg Michael Telemann,1771-08,1771,Hamburg,Kiel
CPE_Bach,Carl Philipp Emanuel Bach,,1771-09-24,1771,Hamburg,Hamburg
CPE_Bach,Carl Philipp Emanuel Bach,,1771-12-23,1771,Hamburg,Hamburg
CPE_Bach,Carl Philipp Emanuel Bach,Johann Gottlob Immanuel Breitkopf,1772-01-02,1772,Hamburg,Leipzig
CPE_Bach,Carl Philipp Emanuel Bach,Johann Gottlob Immanuel Breitkopf,1772-01-08,1772,Hamburg,Leipzig
CPE_Bach,Carl Philipp Emanuel Bach,Johann Gottlob Immanuel Breitkopf,1772-04-09,1772,Hamburg,Leipzig
CPE_Bach,Carl Philipp Emanuel Bach,,1772-04-10,1772,Hamburg,Hamburg
CPE_Bach,Carl Philipp Emanuel Bach,Heinrich Wilhelm von Gerstenberg,1772-05-15,1772,Hamburg,Kopenhagen
CPE_Bach,Carl Philipp Emanuel Bach,,1772-06-22,1772,Hamburg,Hamburg
CPE_Bach,Carl Philipp Emanuel Bach,Johann Gottlob Immanuel Breitkopf,1772-08,1772,Hamburg,Leipzig
CPE_Bach,Carl Philipp Emanuel Bach,Johann Gottlob Immanuel Breitkopf,1772-09-15,1772,Hamburg,Leipzig
CPE_Bach,Carl Philipp Emanuel Bach,,1772-09-22,1772,Hamburg,Hamburg
CPE_Bach,Carl Philipp Emanuel Bach,Johann Gottlob Immanuel Breitkopf,1772-10-15,1772,Hamburg,Leipzig
CPE_Bach,Carl Philipp Emanuel Bach,Johann Gottlob Immanuel Breitkopf,1772-11-14,1772,Hamburg,Leipzig
CPE_Bach,Carl Philipp Emanuel Bach,Johann Gottlob Immanuel Breitkopf,1772-12-02,1772,Hamburg,Leipzig
CPE_Bach,Carl Philipp Emanuel Bach,,1772-12-22,1772,Hamburg,Hamburg
CPE_Bach,Carl Philipp Emanuel Bach,Johann Gottlob Immanuel Breitkopf,1773-01-03,1773,Hamburg,Leipzig
CPE_Bach,Carl Philipp Emanuel Bach,Johann Gottlob Immanuel Breitkopf,1773-04-05,1773,Hamburg,Leipzig
CPE_Bach,Carl Philipp Emanuel Bach,,1773-04-05,1773,Hamburg,Hamburg
CPE_Bach,Carl Philipp Emanuel Bach,Johann Gottlob Immanuel Breitkopf,1773-05-05,1773,Hamburg,Leipzig
CPE_Bach,Carl Philipp Emanuel Bach,Johann Gottlob Immanuel Breitkopf,1773-06-02,1773,Hamburg,Leipzig
CPE_Bach,Carl Philipp Emanuel Bach,,1773-06-12,1773,Hamburg,Hamburg
CPE_Bach,Carl Philipp Emanuel Bach,Johann Gottlob Immanuel Breitkopf,1773-06-24,1773,Hamburg,Leipzig
CPE_Bach,Heinrich Wilhelm von Gerstenberg,Carl Philipp Emanuel Bach,1773-09,1773,Kopenhagen,Hamburg
CPE_Bach,Carl Philipp Emanuel Bach,,1773-09-22,1773,Hamburg,Hamburg
CPE_Bach,Carl Philipp Emanuel Bach,Johann Gottlob Immanuel Breitkopf,1773-10-04,1773,Hamburg,Leipzig
CPE_Bach,Carl Philipp Emanuel Bach,Johann Gottlob Immanuel Breitkopf,1773-10-21,1773,Hamburg,Leipzig
CPE_Bach,Carl Philipp Emanuel Bach,Heinrich Wilhelm von Gerstenberg,1773-10-21,1773,Hamburg,Kopenhagen
CPE_Bach,Carl Philipp Emanuel Bach,Johann Nikolaus Forkel,1773-11-10,1773,Hamburg,Göttingen
CPE_Bach,Carl Philipp Emanuel Bach,Johann Gottlob Immanuel Breitkopf,1773-12-03,1773,Hamburg,Leipzig
CPE_Bach,Carl Philipp Emanuel Bach,,1773-12-17,1773,Hamburg,Hamburg
CPE_Bach,Carl Philipp Emanuel Bach,Johann Gottlob Immanuel Breitkopf,1773-12-21,1773,Hamburg,Leipzig
CPE_Bach,Carl Philipp Emanuel Bach,Johann Gottlob Immanuel Breitkopf,1774-01-21,1774,Hamburg,Leipzig
CPE_Bach,Carl Philipp Emanuel Bach,Johann Gottlob Immanuel Breitkopf,1774-01-26,1774,Hamburg,Leipzig
CPE_Bach,Carl Philipp Emanuel Bach,Johann Gottlob Immanuel Breitkopf,1774-02-09,1774,Hamburg,Leipzig
CPE_Bach,Carl Philipp Emanuel Bach,Johann Gottlob Immanuel Breitkopf,1774-02-15,1774,Hamburg,Leipzig
CPE_Bach,Carl Philipp Emanuel Bach,Johann Nikolaus Forkel,1774-03-04,1774,Hamburg,Göttingen
CPE_Bach,Carl Philipp Emanuel Bach,Johann Gottlob Immanuel Breitkopf,1774-03-16,1774,Hamburg,Leipzig
CPE_Bach,Carl Philipp Emanuel Bach,Johann Gottlob Immanuel Breitkopf,1774-03-21,1774,Hamburg,Leipzig
CPE_Bach,Carl Philipp Emanuel Bach,,1774-03-26,1774,Hamburg,Hamburg
CPE_Bach,Denis Diderot,Carl Philipp Emanuel Bach,1774-03-30,1774,Hamburg,Hamburg
CPE_Bach,Denis Diderot,Carl Philipp Emanuel Bach,1774-03-31,1774,Hamburg,Hamburg
CPE_Bach,Carl Philipp Emanuel Bach,Johann Gottlob Immanuel Breitkopf,1774-04-07,1774,Hamburg,Leipzig
CPE_Bach,Carl Philipp Emanuel Bach,Johann Gottlob Immanuel Breitkopf,1774-04-12,1774,Hamburg,Leipzig
CPE_Bach,Carl Philipp Emanuel Bach,Johann Nikolaus Forkel,1774-04-20,1774,Hamburg,Göttingen
CPE_Bach,Carl Philipp Emanuel Bach,Heinrich Wilhelm von Gerstenberg,1774-04-21,1774,Hamburg,Kopenhagen
CPE_Bach,Carl Philipp Emanuel Bach,,1774-05-10,1774,Hamburg,Hamburg
CPE_Bach,Carl Philipp Emanuel Bach,Johann Gottlob Immanuel Breitkopf,1774-05-16,1774,Hamburg,Leipzig
CPE_Bach,Carl Philipp Emanuel Bach,Johann Gottlob Immanuel Breitkopf,1774-05-27,1774,Hamburg,Leipzig
CPE_Bach,Carl Philipp Emanuel Bach,,1774-06-16,1774,Hamburg,Hamburg
CPE_Bach,Carl Philipp Emanuel Bach,Johann Nikolaus Forkel,1774-07-12,1774,Hamburg,Göttingen
d'Holbach,"Hofmannsthal, Hugo von","Beer-Hofmann, Richard",1890-09-01,1890,,
d'Holbach,"Schnitzler, Arthur","Hofmannsthal, Hugo von",1891-05-05,1891,Wien,Wien
d'Holbach,"Bahr, Hermann","Hofmannsthal, Hugo von",1891-05-06,1891,Wien,
d'Holbach,"Hofmannsthal, Hugo von","Schnitzler, Arthur",1891-05-06,1891,Wien,Wien
d'Holbach,"Hofmannsthal, Hugo von","Bahr, Hermann",1891-07-02,1891,Wien,
d'Holbach,"Hofmannsthal, Hugo von","Beer-Hofmann, Richard",1891-07-08,1891,Bad Fusch,
d'Holbach,"Hofmannsthal, Hugo von","Bahr, Hermann",1891-07-12,1891,Bad Fusch,
d'Holbach,"Hofmannsthal, Hugo von","Schnitzler, Arthur",1891-07-13,1891,Wien,Wien
d'Holbach,"Schnitzler, Arthur","Hofmannsthal, Hugo von",1891-07-27,1891,Wien,
d'Holbach,"Schnitzler, Arthur","Hofmannsthal, Hugo von",1891-07-27,1891,Wien,Wien
d'Holbach,"Hofmannsthal, Hugo von","Bahr, Hermann",1891-07-28,1891,Bad Fusch,
d'Holbach,"Hofmannsthal, Hugo von","Schnitzler, Arthur",1891-08-01,1891,Wien,Wien
d'Holbach,"Bahr, Hermann","Hofmannsthal, Hugo von",1891-08-07,1891,Linz,
d'Holbach,"Schnitzler, Arthur","Hofmannsthal, Hugo von",1891-08-11,1891,Wien,[Wien]
d'Holbach,"Schnitzler, Arthur","Hofmannsthal, Hugo von",1891-08-11,1891,Wien,Strobl
d'Holbach,"Schnitzler, Arthur","Hofmannsthal, Hugo von",1891-08-11,1891,Wien,Strobl
d'Holbach,"Hofmannsthal, Hugo von","Schnitzler, Arthur",1891-08-12,1891,Strobl,Wien
d'Holbach,"Hofmannsthal, Hugo von","Schnitzler, Arthur",1891-08-16,1891,Strobl,Wien
d'Holbach,"Bahr, Hermann","Hofmannsthal, Hugo von",1891-08-19,1891,Linz,
d'Holbach,"Hofmannsthal, Hugo von","Schnitzler, Arthur",1891-09-09,1891,Strobl,Wien
d'Holbach,"Bahr, Hermann","Hofmannsthal, Hugo von",1891-09-10,1891,Linz,
d'Holbach,"Hofmannsthal, Hugo von","Bahr, Hermann",1891-09-11,1891,Strobl,
d'Holbach,"Schnitzler, Arthur","Hofmannsthal, Hugo von",1891-09-11,1891,Wien,Wien
d'Holbach,"Bahr, Hermann","Hofmannsthal, Hugo von",1891-09-15,1891,Linz,
d'Holbach,"Hofmannsthal, Hugo von","Bahr, Hermann",1891-09-23,1891,Wien,
d'Holbach,"Bahr, Hermann","Hofmannsthal, Hugo von",1891-10-02,1891,Linz,
d'Holbach,"Hofmannsthal, Hugo von","Bahr, Hermann",1891-10-02,1891,Wien,
d'Holbach,"Bahr, Hermann","Hofmannsthal, Hugo von",1891-10-10,1891,Linz,
d'Holbach,"Hofmannsthal, Hugo von","Bahr, Hermann",1891-10-10,1891,Wien,
d'Holbach,"Bahr, Hermann","Hofmannsthal, Hugo von",1891-10-12,1891,Linz,
d'Holbach,"Hofmannsthal, Hugo von","Bahr, Hermann",1891-10-14,1891,Wien,
d'Holbach,"Schnitzler, Arthur","Hofmannsthal, Hugo von",1891-10-15,1891,,
d'Holbach,"Bahr, Hermann","Hofmannsthal, Hugo von",1891-10-18,1891,Linz,
d'Holbach,"Bahr, Hermann","Hofmannsthal, Hugo von",1891-10-18,1891,Linz,
d'Holbach,"Bahr, Hermann","Hofmannsthal, Hugo von",1891-10-20,1891,Linz,
d'Holbach,"Hofmannsthal, Hugo von","Bahr, Hermann",1891-10-31,1891,Wien,
d'Holbach,"Bahr, Hermann","Hofmannsthal, Hugo von",1891-11-01,1891,Linz,
d'Holbach,"Hofmannsthal, Hugo von","Bahr, Hermann",1891-11-14,1891,Wien,
d'Holbach,"Bahr, Hermann","Hofmannsthal, Hugo von",1891-11-23,1891,Linz,
d'Holbach,"Hofmannsthal, Hugo von","Bahr, Hermann",1891-11-23,1891,Wien,
d'Holbach,"Hofmannsthal, Hugo von","Bahr, Hermann",1891-11-23,1891,Wien,
d'Holbach,"Hofmannsthal, Hugo von","Schnitzler, Arthur",1891-12-04,1891,,[Wien]
d'Holbach,"Hofmannsthal, Hugo von","Schnitzler, Arthur",1891-12-04,1891,Wien,Wien
d'Holbach,"Hofmannsthal, Hugo von","Schnitzler, Arthur",1891-12-06,1891,[Wien],[Wien]
d'Holbach,"Hofmannsthal, Hugo von","Schnitzler, Arthur",1891-12-06,1891,Wien,Wien
d'Holbach,"Bölsche, Wilhelm","Hofmannsthal, Hugo von",1891-12-15,1891,Friedrichshagen,Wien
d'Holbach,"Bahr, Hermann","Hofmannsthal, Hugo von",1891-12-22,1891,Wien,
d'Holbach,"Bahr, Hermann","Hofmannsthal, Hugo von",1891-12-22,1891,Wien,
d'Holbach,"Hofmannsthal, Hugo von","Schnitzler, Arthur",1892-01-01,1892,Wien,Wien
d'Holbach,"Hofmannsthal, Hugo von","Schnitzler, Arthur",1892-01-01,1892,Wien,Wien
