event_id,name,category,month_start,month_end,day_of_week,time_bands,year_start,year_end,recurrence,smell_load,noise_load,crowd_load,visual_load,calendar_break,month_start_ns,notes,sources
EVT001,Smithfield Weekly Market,weekly_market,,,Mon|Fri,night|dawn|morning,1660,1820,weekly,1.0,0.9,0.9,0.5,,,Drovers arrive Sunday night before Monday market. Defoe (1724-26): without question the greatest market in the world. Average 74000 cattle and 570000 sheep per year 1740-1750. Animal waste deposited in surrounding streets.,Defoe Tour 1724-26; White London in the Eighteenth Century 2012; Museum of London Sensory Smithfield Report 2017
EVT002,Billingsgate Fish Market,weekly_market,,,Mon|Tue|Wed|Thu|Fri|Sat,dawn|morning,1660,1820,weekly,1.0,0.8,0.7,0.3,,,Act passed in 1699 (often cited under 1698 regnal dating) made Billingsgate a free and open market for fish. Six-day fish market with a separate Sunday mackerel exception not modelled here. Opens c.05:00. Language of Billingsgate a byword for abuse from at least the 18th century.,City of London official history; Billingsgate Act 1698 (10 & 11 Will. III c.24; 4 May 1699); White 2012
EVT003,Leadenhall Market,weekly_market,,,Mon|Tue|Wed|Thu|Fri,dawn|morning|midday,1660,1820,weekly,0.7,0.6,0.6,0.4,,,Poultry and general produce.,Old and New London British History Online; Porter London A Social History 1994
EVT004,Covent Garden Market,weekly_market,,,Tue|Thu|Sat,night|dawn|morning,1670,1820,weekly,0.5,0.7,0.8,0.5,,,Charter 1670 for Tue/Thu/Sat. Busiest c.06:00; costermongers surround market. No later than 09:00. Malcolm Thick documents the Neat House Gardens hinterland supplying this market.,Old and New London British History Online; Thick Neat House Gardens 1998
EVT010,Bartholomew Fair,annual_fair,8,8,,morning|midday|afternoon|evening,1660,1820,annual,0.9,1.0,1.0,0.9,1752,9,Pre-1752: Aug 24 OS. Post-1752: Sep 3 NS (calendar reform exemption). Originally 3 days; by 18th c. ~14 days in practice though officially 4. Cloth/livestock fair became sideshows/entertainment. Suppressed 1855.,Old and New London British History Online vol.2; History Today; Wikipedia
EVT011,Southwark Fair,annual_fair,9,9,,morning|midday|afternoon|evening,1660,1762,annual,0.8,0.9,0.9,0.9,,,Charter 1462 for Sep 7-9 but expanded to ~2 weeks. City repeatedly tried to restrict. Suppressed Jun 22 1762; last fair 1763 forcibly cleared. Hogarth painted it 1733.,Georgian Cities Sorbonne; Past Tense London History; Hogarth Southwark Fair 1733
EVT012,May Fair,annual_fair,5,5,,morning|midday|afternoon|evening,1660,1708,annual,0.7,0.9,0.9,0.8,,,First two weeks of May. Suppressed c.1708 when site became residential Mayfair.,Porter; White
EVT013,Greenwich Fair,annual_fair,,,,morning|midday|afternoon|evening,1660,1857,annual,0.3,0.8,1.0,0.7,,,Twice-yearly Easter and Whitsun fair. Tumbling down Observatory Hill a central attraction. Associated with pickpocketing gambling and drunkenness. Suppressed in 1857 for rowdiness; the precise movable feast dates are not modelled in this schema.,Friends of Greenwich Park; The Genealogist
EVT020,Thames Frost Fair,frost_fair,1,2,,morning|midday|afternoon|evening,1660,1820,irregular,0.4,0.9,1.0,0.9,,,Occurs only in severe winters. See event_instances for specific dates. Booths printing presses horse racing on ice. Last fair 1814; Thames embankment ended conditions for future fairs.,Andrews Famous Frosts and Frost Fairs 1887 Project Gutenberg
EVT030,Tyburn Hanging Day,execution,,,Mon,morning,1660,1783,irregular,0.4,1.0,1.0,0.9,,,Approx 8 times per year almost always Monday. 10000-50000 crowd for celebrity executions. Procession from Newgate took up to 3 hours. Bell of St Sepulchre's rang only on hanging days. Last execution Nov 3 1783.,Linebaugh London Hanged 1992; Gatrell Hanging Tree 1994; Capital Punishment UK; Old Bailey Online Journey from Newgate to Tyburn
EVT031,Newgate Gallows Execution,execution,,,Mon,morning,1783,1820,irregular,0.3,0.9,0.9,0.8,,,Post-1783 executions outside Newgate Prison. More frequent than Tyburn; smaller crowds but concentrated.,Gatrell Hanging Tree 1994; Linebaugh 1992
EVT032,Tyburn Procession Route,execution,,,Mon,morning,1660,1783,irregular,0.0,0.8,0.8,0.7,,,The 3-mile route from Newgate through Holborn and St Giles to Oxford Street. Crowds lined the route.,Old Bailey Online Journey from Newgate to Tyburn
EVT040,Vauxhall Gardens Season,seasonal_operation,5,9,,evening|night,1660,1859,annual,0.4,0.9,0.8,0.9,,,Late May to September. Originally open nightly in season; Saturdays were discontinued in 1806 after late-night disorder and the gardens were thereafter usually open only three nights a week. 1s admission from 1732. Water features and walks were part of the designed atmosphere.,Coke and Borg Vauxhall Gardens A History Yale UP 2011; Wroth The London Pleasure Gardens of the Eighteenth Century
EVT041,Ranelagh Gardens Season,seasonal_operation,4,8,Mon|Wed|Fri,evening|night,1742,1803,annual,0.3,0.8,0.7,0.8,,,Season from Easter into August. Usually open Mondays Wednesdays and Fridays; evening concerts began around 6:30 or 7. Half-crown admission included tea coffee and bread and butter. Closed 1803; Rotunda demolished 1805.,Parks and Gardens UK; Wroth The London Pleasure Gardens of the Eighteenth Century
EVT042,Marylebone Gardens Season,seasonal_operation,4,9,,evening,1660,1778,annual,0.3,0.7,0.6,0.7,,,Spring to autumn season. Closed 1778 when site was developed for housing.,Porter; White
EVT050,Lord Mayor's Show,civic_procession,10,10,,morning|midday,1660,1820,annual,0.2,0.8,0.9,1.0,1752,11,Pre-1752: Oct 28 (Feast of St Simon and St Jude). Post-1752: Nov 9 to preserve the mayoral year after calendar reform. Route varied annually through the new Mayor's ward; the procession conveyed the Lord Mayor from the City to Westminster to swear loyalty to the Crown.,Lord Mayor's Show dates and routes; City of London History of the City in Ten Documents
EVT051,Gunpowder Plot Celebrations,civic_procession,11,11,,evening|night,1660,1820,annual,0.6,0.8,0.7,0.9,,,Nov 5. Bell-ringing bonfires forced illumination of houses. Contested: Tory/Whig/Dissenter communities experienced differently. Corbin: bells shaped the habitus of a community imparting depth to the desire for rootedness.,Corbin Village Bells Columbia UP 1998; Rogers Crowds Culture and Politics 1998
EVT060,Handel Commemoration Concerts,cultural_event,5,5,,evening,1784,1784,one_off,0.1,1.0,0.9,0.9,,,Five concerts marking supposed centenary of Handel's death (misdated). Greatest musical event of the century per contemporaries. Westminster Abbey and Pantheon. Hoock: combined sensual impact of sights and sounds left strong impressions.,Hoock Empires of the Imagination Profile Books 2010; Burney research notes
EVT061,Gordon Riots,cultural_event,6,6,,morning|midday|afternoon|evening|night,1780,1780,one_off,0.5,1.0,1.0,0.9,,,June 2-9 1780. Anti-Catholic riots. Crowds rang bells upon arrival. Forced illumination of houses. Chapels and Catholic houses attacked. Rogers: legitimacy of political regimes intimately bound up with the way crowds intervened in public space.,Rogers Crowds Culture and Politics Oxford UP 1998; Burney research notes Ch.5
