author,title,date,cited_by
Anon.,"A New and Compleat Survey of London and Westminster..., 2 vols",1742,"White, London in the Eighteenth Century"
Anon.,"A View of London and Westminster, or the Town Spy",1728,"White, London in the Eighteenth Century"
Anon.,"The Confederates: A Farce, Being a Free Comment upon the Late Grand Proceedings",1717,"White, London in the Eighteenth Century"
Anon.,Characters of the Present Most Celebrated Courtezans,1780,"White, London in the Eighteenth Century"
Anon.,"City Crimes; or, Life in London and the Country",1846,"White, London in the Eighteenth Century"
Anon.,"Covent Garden Directory, for the Year ...",1773,"White, London in the Eighteenth Century"
Anon.,"A Description of the Crimes and Horrors in the Interior of Warwick Lane ..., the Dark",1700,"White, London in the Eighteenth Century"
Anon.,The History of the Press-Yard,1717,"White, London in the Eighteenth Century"
Anon.,"De Foe's [sic] Review of the Affairs of France, and of All Europe",1704,"White, London in the Eighteenth Century"
Anon.,A Genuine Narrative of All the Street Robberies Committed since October Last by James Dalton ...,1728,"White, London in the Eighteenth Century"
Anon.,"The Tricks of the Town Laid Open, or a Companion for Country Gentlemen",1747,"White, London in the Eighteenth Century"
Anon.,"The Vices of the Cities of London and Westminster, Traced from Their Origin ...",1751,"White, London in the Eighteenth Century"
Anon.,"A Description of the Curiosities in the Tower of London, Part I",1741,"White, London in the Eighteenth Century"
Anon.,"A Guide to Stage Coaches, Waggons, Carts, Vessels, Hoys, ... which Carry Passengers and Merchandise ...",1729,"White, London in the Eighteenth Century"
Anon.,"A History of the Clubs of London, with Anecdotes of Their Members, Sketches of Character, and Conversations ...",1828,"White, London in the Eighteenth Century"
Anon.,"Hanging, Not Punishment Enough, for Murtherers, Highway Men, and House-Breakers ...",1701,"White, London in the Eighteenth Century"
Anon.,"Low-Life; or, One Half of the World Knows Not How the Other Half Live ... in the Twenty-four Hours ...",1764,"White, London in the Eighteenth Century"
Anon.,"Hell upon Earth; or, the Most Pleasant and Delectable History of Whittington's College, Otherwise (vulgarly) called Newgate ...",1703,"White, London in the Eighteenth Century"
Anon.,"Midnight Spy; or, a View of the Transactions of London and Westminster from the Hours of Ten in the Evening till Five in the Morning ...",1766,"White, London in the Eighteenth Century"
Anon.,The Complete History of the Life and Adventures of Moll Flanders ...,1776,"White, London in the Eighteenth Century"
Anon.,"A General and Impartial Memoir of Elizabeth Canning, Containing a Complete History of That Most Pleasant and Delectable [?] ...",1754,"White, London in the Eighteenth Century"
Anon.,"A County History of Middlesex, 1793 ... the Intended New Parishes in Stepney ...",1793,"White, London in the Eighteenth Century"
Anon.,Reasons against Building a Bridge from Lambeth to Westminster ...,1722,"White, London in the Eighteenth Century"
Anon.,Memoirs of the Life and Times of Sir Thomas Deveil ...,1748,"White, London in the Eighteenth Century"
Anon.,"A Sunday Ramble; or, Modern Sabbath-Day Journey, With Remarks ...",1774,"White, London in the Eighteenth Century"
Anon.,"A Narrative of All the Robberies, Escapes, &c of John Sheppard ...",1724,"White, London in the Eighteenth Century"
Anon.,"Reasons for a Round-Robin, to the Care of London, relating its Advantages and Amusements ...",1757,"White, London in the Eighteenth Century"
Anon.,"Saussure and Discovery of London and Westminster, or New Town and Country Gentleman's and Tradesman's Complete ...",1735,"White, London in the Eighteenth Century"
Anon.,"Select Trials at the Sessions-House in the Old-Bailey ..., 4 vols",1742,"White, London in the Eighteenth Century"
Anon.,"A Report from the Committee Appointed to Enquire into the State of the Gaols of this Kingdom, Relating to the Marshalsea Prison ...",1729,"White, London in the Eighteenth Century"
Anon.,"The Life and Actions of James MacLaine, the Gentleman Highwayman ...",1750,"White, London in the Eighteenth Century"
Anon.,"A Trip from St. James's to the Royal Exchange, with Remarks Serious and Diverting, on the Manners, Customs and Amusements of the Inhabitants ...",1744,"White, London in the Eighteenth Century"
Anon.,A Companion for the Festivals and Fasts of the Church of England,1748,"White, London in the Eighteenth Century"
Anon.,"The Autobiography of Francis Place, Edited by Mary Thale",1972,"White, London in the Eighteenth Century"
Anon.,"The Malefactors' Register; or, the Newgate and Tyburn Calendar ..., 5 vols",1779,"White, London in the Eighteenth Century"
Anon.,The State of the Silk and Woollen Manufacture Considered ...,1713,"White, London in the Eighteenth Century"
Anon.,The London Directory for the Year 1768; the Great and Publick Buildings and ...,1768,"White, London in the Eighteenth Century"
Anon.,The Proceedings of the Old Bailey ...,1674,"White, London in the Eighteenth Century"
Anon.,Considerations on the Fatal Effects to a Trading Nation of the Present Excess of Public Charities ...,1763,"White, London in the Eighteenth Century"
Anon.,"Account of the Proceedings of the Merchants, Traders, and Others, at the Guildhall ...",1711,"White, London in the Eighteenth Century"
Anon.,Some Considerations on the Naturalization of Foreign Protestants ...,1753,"White, London in the Eighteenth Century"
Anon.,Compleat History of the Late Riots at the Theatres ...,1763,"White, London in the Eighteenth Century"
Anon.,A Faithful Narrative of the Proceedings in a Late Affair between the Rev. Mr. John Swinton and Mr. George Baker ...,1739,"White, London in the Eighteenth Century"
Anon.,A Genuine Account of the Life and Trial of Eugene Aram ...,1759,"White, London in the Eighteenth Century"
Anon.,"A Work-House for London, Proposing [?] that it be Made Large Enough for ... in the Method of the Daily Work for Their Support ...",1725,"White, London in the Eighteenth Century"
Anon.,The Case and Appeal of James Ashley ...,1733,"White, London in the Eighteenth Century"
Anon.,"The Correspondence of Catherine the Great ... Edited by Sir William Fitzmaurice, Bart ...",1768,"White, London in the Eighteenth Century"
Anon.,"The Amusements, Serious and Comical, of Tom Brown ..., with the Adventures and Memoirs of the Rise, Revolutions and Fall of Madam Whackum ...",1700,"White, London in the Eighteenth Century"
Anon.,"Characters at the Hot Wells, Bristol ... and the Additional [?] Characters at Clifton ...",1780,"White, London in the Eighteenth Century"
Anon.,A Letter to the Common Council and Citizens of London against the Proposed Sale ...,1737,"White, London in the Eighteenth Century"
Anon.,"Biographical Anecdotes of William Hogarth ..., with a Catalogue of His Works ...",1781,"White, London in the Eighteenth Century"
Anon.,"A Genuine and True Account of the Life of the Reverend [?] John Henley, MA ..., Added, the Life and Memoirs of ... the Late Mrs. Oldfield",1749,"White, London in the Eighteenth Century"
Anon.,An Elegy of the Much Lamented Death of the Most Reverend Father ... Thomas Secker ...,1768,"White, London in the Eighteenth Century"
Anon.,The Description and Use of the Charity Given by Sir Thomas Smith ...,1712,"White, London in the Eighteenth Century"
Anon.,The New Complete Guide to All Persons who have any Trade or Concern with the City of London ...,1772,"White, London in the Eighteenth Century"
Anon.,"The Narrative of Robert Ramsey, Commander, who Suffered the Punishment of Death [?] ... and the Old ...",1742,"White, London in the Eighteenth Century"
Anon.,A Description of the Characters of the Life and Manners of Ingenious Men ... the Old Men's Club at the Saracen's Head,1759,"White, London in the Eighteenth Century"
"Archenholz, J. W. von","A Picture of England, Containing a Description of the Laws, Customs, and Manners of England ...",1789,"White, London in the Eighteenth Century"
Anon.,"The Complete Letters of Lady Mary Wortley Montagu, edited by Robert Halsband, 3 vols",1965,"White, London in the Eighteenth Century"
Anon.,Considerations Relating to the Laying Open and Better Regulating of the Hackney Coach Trade ...,1710,"White, London in the Eighteenth Century"
Anon.,"The Reports, for the Society for Bettering the Condition ... of the Poor",1798,"White, London in the Eighteenth Century"
Anon.,A History for Mercy to the Children of the Poor ...,1773,"White, London in the Eighteenth Century"
Anon.,The Observations of Dr. William Petty ...,1687,"White, London in the Eighteenth Century"
Anon.,The Citizen's Monitor: Shewing the Necessity of a Salutary Regulation ...,1780,"White, London in the Eighteenth Century"
"Angelo, Henry","The Reminiscences of Henry Angelo, 2 vols",1828,"White, London in the Eighteenth Century"
"Angelo, Henry","Angelo's Pic Nic; or, Table Talk ...",1834,"White, London in the Eighteenth Century"
Anon.,"The Defects of Police the Cause of Immorality, and the Continual Robberies Committed Particularly in and about the Metropolis ...",1751,"White, London in the Eighteenth Century"
Anon.,"Account of the Rise, Progress and State of the London Infirmary [?] ...",1742,"White, London in the Eighteenth Century"
Anon.,"A Computation of Police: the Causes of Immorality ..., Robberies Committed ...",1753,"White, London in the Eighteenth Century"
Anon.,"Memoirs of the Life and Correspondence of Mrs. Hannah More, 4 vols",1834,"White, London in the Eighteenth Century"
Anon.,History of the London Burkers ...,1832,"White, London in the Eighteenth Century"
Anon.,An Authentic Account of the Riot in St. George's Fields ...,1768,"White, London in the Eighteenth Century"
Anon.,"An Account of Several Work-Houses for Employing and Maintaining the Poor ..., 2nd edn",1732,"White, London in the Eighteenth Century"
Anon.,"A Narrative of the Life of Mrs. Charlotte Charke, the Youngest Daughter of Colley Cibber ...",1755,"White, London in the Eighteenth Century"
Anon.,"The History of the Remarkable Life of John Sheppard, Containing a ... Account of his Many Robberies and Escapes ...",1724,"White, London in the Eighteenth Century"
"Ashton, John","Social Life in the Reign of Queen Anne, Taken from Original Sources",1882,"White, London in the Eighteenth Century"
"Babington, Anthony","A House in Bow Street: Crime and the Magistracy, London 1740-1881",1969,"White, London in the Eighteenth Century"
"Baker, Sir Richard",A Chronicle of the Kings of England ...,1730,"White, London in the Eighteenth Century"
"Balderson, Katharine C. (ed.)","Thraliana: The Diary of Mrs. Hester Lynch Thrale (later Mrs. Piozzi) 1776-1809, 2 vols",1951,"White, London in the Eighteenth Century"
"Barfoot, Peter, and Wilkes, John",The Universal British Directory and Trade ...,1793,"White, London in the Eighteenth Century"
"Barker, T. C., and Robbins, M.","A History of London Transport, vol. I",1963,"White, London in the Eighteenth Century"
"Bayne-Powell, Rosamond",Eighteenth-Century London Life,1937,"White, London in the Eighteenth Century"
"Besant, Sir Walter",London in the Eighteenth Century,1902,"White, London in the Eighteenth Century"
"Black, Clementina (ed.)","The Cumberland Letters: Being the Correspondence of Richard Dennison Cumberland and George Cumberland ..., 1771-84",1912,"White, London in the Eighteenth Century"
"Blackmantle, Bernard (pseud.)","The English Spy ..., 2 vols",1826,"White, London in the Eighteenth Century"
"Bleackley, Horace",The Hangmen of England,1929,"White, London in the Eighteenth Century"
"Bloom, E. A., and L. D. (eds.)","The Piozzi Letters: Correspondence of Hester Lynch Piozzi, 1784-1821 ..., 6 vols",1989,"White, London in the Eighteenth Century"
"Blunt, Reginald","Mrs Montagu, 'Queen of the Blues': Her Letters and Friendships from 1762-1800, 2 vols",1923,"White, London in the Eighteenth Century"
"Boswell, James","Life of Johnson ..., edited by R. W. Chapman, corrected by J. D. Fleeman",1970,"White, London in the Eighteenth Century"
"Boswell, James","Boswell's London Journal, 1762-1763, edited by F. A. Pottle",1950,"White, London in the Eighteenth Century"
"Bradshaw, Penelope","The Family Jewel, and Compleat Housewife's Companion ..., 7th edn",1754,"White, London in the Eighteenth Century"
"Bramley, Edward W.","London and Middlesex: London, 4 vols",1834,"White, London in the Eighteenth Century"
"Briggs, Asa (ed.)",Recollections of R. J. S. Stevens: An Organist in Georgian London ...,1992,"White, London in the Eighteenth Century"
"Brooke, John","The Chatham Administration, 1766-1768",1956,"White, London in the Eighteenth Century"
"Brown, Tom","Amusements Serious and Comical, and Other Works, edited by Arthur L. Hayward",1927,"White, London in the Eighteenth Century"
"Burford, E. J.","Royal St James's: Being a Story of Kings, Clubmen, and Courtesans",1988,"White, London in the Eighteenth Century"
"Burke, Edmund",Reflections on the Revolution in France ...,1790,"White, London in the Eighteenth Century"
"Burke, Thomas",The Streets of London through the Centuries,1940,"White, London in the Eighteenth Century"
"Burney, Fanny","The Early Diary of Frances Burney 1768-1778, edited by Annie Raine Ellis, 2 vols",1889,"White, London in the Eighteenth Century"
"Burney, Fanny","Diary and Letters of Madame D'Arblay, author of Evelina, Cecilia, &c., edited by ... Charlotte Barrett, 4 vols",1842,"White, London in the Eighteenth Century"
"Burnett, John",A History of the Cost of Living,1969,"White, London in the Eighteenth Century"
"Burns, Arthur, and Innes, Joanna (eds.)",Rethinking the Age of Reform: Britain 1780-1850,2003,"White, London in the Eighteenth Century"
"Byng, John","The Torrington Diaries: Containing the Tours Through England and Wales of the Hon. John Byng ..., 4 vols, edited by C. Bruyn Andrews",1934,"White, London in the Eighteenth Century"
"Campbell, R.",The London Tradesman,1747,"White, London in the Eighteenth Century"
"Carter, Elizabeth","Letters from Mrs. Elizabeth Carter to Mrs. Montagu, Between the Years 1755 and 1800, 3 vols",1817,"White, London in the Eighteenth Century"
"Carter, Elizabeth","A Series of Letters between Mrs. Elizabeth Carter and Miss Catherine Talbot ..., 4 vols, edited by M. Pennington",1809,"White, London in the Eighteenth Century"
"Castle, Terry (ed.)",The Literature of Lesbianism: A Historical Anthology from Ariosto to Stonewall,2003,"White, London in the Eighteenth Century"
"Chamberlayne, John","Magnae Britanniae Notitia; or, The Present State of Great Britain ...",1710,"White, London in the Eighteenth Century"
"Chambers, John","A General History of the County of Norfolk ..., 2 vols",1829,"White, London in the Eighteenth Century"
"Chancellor, E. Beresford",The Annals of Covent Garden and its Neighbourhood,1930,"White, London in the Eighteenth Century"
"Chancellor, E. Beresford",The XVIIIth Century in London: An Account of its Social Life and Arts,1920,"White, London in the Eighteenth Century"
"Chancellor, E. Beresford",The Pleasure Haunts of London During Four Centuries,1925,"White, London in the Eighteenth Century"
"Clinch, George","Marylebone and St Pancras: Their History, Celebrities, Buildings, and Institutions",1890,"White, London in the Eighteenth Century"
"Cobbett, William","Rural Rides ..., with Economical and Political Observations ...",1830,"White, London in the Eighteenth Century"
"Cockayne, Emily","Hubbub: Filth, Noise, and Stench in England, 1600-1770",2007,"White, London in the Eighteenth Century"
"Colman, George, and Garrick, David",The Clandestine Marriage,1766,"White, London in the Eighteenth Century"
"Colquhoun, Patrick","A Treatise on the Police of the Metropolis ..., 7th edn",1806,"White, London in the Eighteenth Century"
"Colquhoun, Patrick",A Treatise on the Commerce and Police of the River Thames ...,1800,"White, London in the Eighteenth Century"
"Colquhoun, Patrick","A Treatise on Indigence ..., and the Stamps of the Casual Poor ...",1806,"White, London in the Eighteenth Century"
"Cooper, William M.","A History of the Rod, in All Countries from the Earliest Period to the Present ...",1868,"White, London in the Eighteenth Century"
"Corfield, Penelope J.",The Impact of English Towns 1700-1800,1982,"White, London in the Eighteenth Century"
"Cox, Montagu H., and Forrest, G. Topham (eds.)","Survey of London, Vol. XIII: The Parish of St Margaret, Westminster (Part II) ...",1930,"White, London in the Eighteenth Century"
"Crellin, John, and Scott, J. R.",Pharmaceutical History of Glass Bottles and Jars,1972,"White, London in the Eighteenth Century"
"Cunningham, Peter",The Story of Nell Gwynne: And the Sayings of Charles II. Related and Collected ...,1852,"White, London in the Eighteenth Century"
"Curtis, T. C., and Speck, W. A.",The Societies for the Reformation of Manners ...,1976,"White, London in the Eighteenth Century"
"Darlington, Ida, and Howgego, James","Printed Maps of London, circa 1553-1850",1964,"White, London in the Eighteenth Century"
"Davies, Thomas","Memoirs of the Life of David Garrick, Esq. ..., 2 vols",1780,"White, London in the Eighteenth Century"
"De Castro, J. P.",The Gordon Riots,1926,"White, London in the Eighteenth Century"
"De Veil, Sir Thomas",Observations on the Practice of a Justice of the Peace ...,1747,"White, London in the Eighteenth Century"
"Defoe, Daniel","A Tour Through the Whole Island of Great Britain ..., edited by P. N. Furbank ..., with notes ...",1724,"White, London in the Eighteenth Century"
"Defoe, Daniel","The Complete English Tradesman ..., 2 vols",1727,"White, London in the Eighteenth Century"
"Defoe, Daniel",The Fortunes and Misfortunes of the Famous Moll Flanders,1722,"White, London in the Eighteenth Century"
"Defoe, Daniel",The Fortunate Mistress (Roxana) ...,1724,"White, London in the Eighteenth Century"
"Defoe, Daniel",Some Considerations upon Street Walkers ...,1726,"White, London in the Eighteenth Century"
"Defoe, Daniel","Augusta Triumphans; or, the Way to Make London the Most Flourishing City ...",1728,"White, London in the Eighteenth Century"
"Defoe, Daniel",A Brief State of the Inland or Home Trade ...,1730,"White, London in the Eighteenth Century"
"Defoe, Daniel",A Plan of the English Commerce ...,1728,"White, London in the Eighteenth Century"
"Defoe, Daniel",The Great Law of Subordination Considered ...,1724,"White, London in the Eighteenth Century"
"Defoe, Daniel","Parochial Tyranny; or, the Housekeeper's Complaint ...",1727,"White, London in the Eighteenth Century"
"Defoe, Daniel",Everybody's Business Is Nobody's Business ...,1725,"White, London in the Eighteenth Century"
"Defoe, Daniel","Moll Flanders, edited by G. A. Starr",1971,"White, London in the Eighteenth Century"
"Defoe, Daniel","Conjugal Lewdness; or, Matrimonial Whoredom ...",1727,"White, London in the Eighteenth Century"
"Dickens, Charles",Sketches by Boz ...,1836,"White, London in the Eighteenth Century"
"Dickens, Charles",The Uncommercial Traveller ...,1861,"White, London in the Eighteenth Century"
"Disraeli, Isaac","Curiosities of Literature ..., 5 vols",1791,"White, London in the Eighteenth Century"
"Dixon, Hepworth",The London Prisons ...,1850,"White, London in the Eighteenth Century"
"Dobson, Austin","Eighteenth Century Vignettes ..., 3 series",1892,"White, London in the Eighteenth Century"
"Dodsley, Robert (publisher)","London and Its Environs Described ..., 6 vols",1761,"White, London in the Eighteenth Century"
"Dunton, John","The Life and Errors of John Dunton, Citizen of London ...",1705,"White, London in the Eighteenth Century"
"D'Urfey, Thomas","Wit and Mirth: or, Pills to Purge Melancholy, 6 vols",1719,"White, London in the Eighteenth Century"
"Earle, Peter","A City Full of People: Men and Women of London, 1650-1750",1994,"White, London in the Eighteenth Century"
"Eden, Sir Frederick Morton","The State of the Poor: A History of the Labouring Classes in England ..., 3 vols",1797,"White, London in the Eighteenth Century"
"Edgeworth, Richard Lovell, and Edgeworth, Maria","Memoirs of Richard Lovell Edgeworth, Esq., Begun by Himself, and Concluded by His Daughter, Maria Edgeworth, 2 vols",1820,"White, London in the Eighteenth Century"
"Edwards, Paul, and Dabydeen, David (eds.)",Black Writers in Britain 1760-1890,1991,"White, London in the Eighteenth Century"
"Edwards, Paul, and Walvin, James (eds.)",Black Personalities in the Era of the Slave Trade,1983,"White, London in the Eighteenth Century"
"Ellis, Sir Henry","The History and Antiquities of the Parish of Saint Leonard, Shoreditch, and Liberty of Norton Folgate, in the Suburbs of London",1798,"White, London in the Eighteenth Century"
"Ellis, John","A New and Accurate History and Survey of London, Westminster, and Southwark ..., 4 vols",1766,"White, London in the Eighteenth Century"
"Entick, John","A New and Accurate History and Survey of London, Westminster, Southwark and Places Adjacent ..., 4 vols",1766,"White, London in the Eighteenth Century"
"Equiano, Olaudah","The Interesting Narrative of the Life of Olaudah Equiano ..., Written by Himself",1789,"White, London in the Eighteenth Century"
"Evelyn, John","The Diary of John Evelyn ..., edited by E. S. de Beer, 6 vols",1955,"White, London in the Eighteenth Century"
"Feltham, John",The Picture of London for 1802 ...,1802,"White, London in the Eighteenth Century"
"Fielding, Henry","The History of Tom Jones, a Foundling ...",1749,"White, London in the Eighteenth Century"
"Fielding, Henry","An Enquiry into the Causes of the Late Increase of Robbers ..., with some Proposals for Remedying this Growing Evil",1751,"White, London in the Eighteenth Century"
"Fielding, Henry",A Plan for Preventing Robberies within Twenty Miles of London ...,1755,"White, London in the Eighteenth Century"
"Fielding, Henry",A Proposal for Making an Effectual Provision for the Poor ...,1753,"White, London in the Eighteenth Century"
"Fielding, Henry","Amelia, A Comedy",1751,"White, London in the Eighteenth Century"
"Fielding, John","A Brief Description of the Cities of London and Westminster ... to which is added Advice to Shoeblacks, Stable-Keepers ...",1776,"White, London in the Eighteenth Century"
"Fielding, [Sir] John","Extracts from Such of the Penal Laws, as Particularly Relate to the Peace and Good Order of the Metropolis ..., Considerably Enlarged ...",1768,"White, London in the Eighteenth Century"
"Fielding, [Sir] John","An Account of the Origin and Effects of a Police ... for the Cities of London and Westminster, Containing an Account of ... David Simple ...",1758,"White, London in the Eighteenth Century"
"Fielding, Sarah","The Adventures of David Simple ..., 2 vols",1744,"White, London in the Eighteenth Century"
"Fielding Smith, R. [?]",The Gentlemen's Guide in His Tour Through France ...,1770,"White, London in the Eighteenth Century"
"Foote, Samuel","Taste, A Comedy",1752,"White, London in the Eighteenth Century"
"Foote, Samuel",The Nabob,1778,"White, London in the Eighteenth Century"
"Foote, Samuel","The Minor, A Comedy",1760,"White, London in the Eighteenth Century"
"Foote, Samuel",The Mayor of Garratt,1764,"White, London in the Eighteenth Century"
"Foote, Samuel","The Author, A Comedy",1757,"White, London in the Eighteenth Century"
"Franklin, Benjamin","The Autobiography of Benjamin Franklin: Edited from his Manuscript, with Notes and an Introduction, by John Bigelow",1868,"White, London in the Eighteenth Century"
"Garrick, David","The Letters of David Garrick, edited by David M. Little and George M. Kahrl, 3 vols",1963,"White, London in the Eighteenth Century"
"Garrick, David","The Private Correspondence of David Garrick ..., 2 vols",1831,"White, London in the Eighteenth Century"
"Garrick, David",The Diary of David Garrick: Being a Record of His Memorable Trip to Paris in 1751,1928,"White, London in the Eighteenth Century"
"Gay, John","Trivia; or, The Art of Walking the Streets of London",1716,"White, London in the Eighteenth Century"
"Gay, John",The Beggar's Opera ...,1728,"White, London in the Eighteenth Century"
"George, M. Dorothy",London Life in the Eighteenth Century,1925,"White, London in the Eighteenth Century"
"Gibson, Edmund",London ... Descriptions of the Several Wards ... of the City of London ...,1708,"White, London in the Eighteenth Century"
"Gilmour, Ian","Riots, Risings and Revolution: Governance and Violence in Eighteenth-Century England",1992,"White, London in the Eighteenth Century"
"Goldsmith, Oliver","The Citizen of the World ..., 2 vols",1762,"White, London in the Eighteenth Century"
"Goldsmith, Oliver",The Vicar of Wakefield ...,1766,"White, London in the Eighteenth Century"
"Gomme, G. L. (ed.)","The Gentleman's Magazine Library: Being a Classified Collection of the Chief Contents ..., 3 vols",1884,"White, London in the Eighteenth Century"
"Gordon, Lord George",Innocence Vindicated [?] ...,1783,"White, London in the Eighteenth Century"
"Grant, James",Sketches in London,1838,"White, London in the Eighteenth Century"
"Green, David","Sarah, Duchess of Marlborough",1967,"White, London in the Eighteenth Century"
"Greene, Robert [?], and others (eds.)",The Children of the Poor: Representations of Childhood since the Seventeenth Century,1991,"White, London in the Eighteenth Century"
"Greville, Charles C. F.","The Greville Memoirs: A Journal of the Reigns of King George IV and King William IV ..., 3 vols, edited by Henry Reeve",1874,"White, London in the Eighteenth Century"
"Grosley, Pierre Jean","A Tour to London; or, New Observations on England and Its Inhabitants ..., translated by Thomas Nugent, 2 vols",1772,"White, London in the Eighteenth Century"
"Grose, Francis","A Classical Dictionary of the Vulgar Tongue ..., 3rd edn, edited by Eric Partridge",1963,"White, London in the Eighteenth Century"
"Grose, Francis","A Guide to Health, Beauty, Riches, and Honour ..., 2nd edn",1796,"White, London in the Eighteenth Century"
"Gwynn, John",London and Westminster Improved ...,1766,"White, London in the Eighteenth Century"
"Gwynn, John, and others",Thoughts on the Coronation of his Present Majesty King George the Third ...,1761,"White, London in the Eighteenth Century"
"Guthrie, James [?]","A Tour, Dublin ...",1789,"White, London in the Eighteenth Century"
"Gwatkin [?], Thomas [?]",A New Compendium of the Whole Art of Navigation ...,1760,"White, London in the Eighteenth Century"
"Hanway, Jonas",A Candid Historical Account of the Hospital for the Reception of Exposed and Deserted Young Children ...,1759,"White, London in the Eighteenth Century"
"Hanway, Jonas",The Defects of Police the Cause of Immorality and the Continual Robberies Committed ...,1775,"White, London in the Eighteenth Century"
"Hanway, Jonas","A Sentimental History of Chimney Sweepers, in London ...",1785,"White, London in the Eighteenth Century"
"Hanway, Jonas","Letters on the Importance of the Rising Generation ..., 2 vols",1767,"White, London in the Eighteenth Century"
"Hanway, Jonas","Observations on the Causes of the Dissoluteness ... among the People ..., 1772",1772,"White, London in the Eighteenth Century"
"Hanway, Jonas","An Account of the Marine Society ..., 6th edn",1759,"White, London in the Eighteenth Century"
"Hanway, Jonas",A Review of the Proposed Naturalisation of the Jews ...,1753,"White, London in the Eighteenth Century"
"Hardy, Thomas","Memoir of Thomas Hardy, Founder of, and Secretary to, the London Corresponding Society ...",1832,"White, London in the Eighteenth Century"
"Harris, Jack",Harris's List of Covent-Garden Ladies; or Man of Pleasure's Kalendar ...,1773,"White, London in the Eighteenth Century"
"Harris, Jack","Harris's List, exemplified in the Variety of [?] ...",1793,"White, London in the Eighteenth Century"
"Harris, Michael",London Newspapers in the Age of Walpole,1987,"White, London in the Eighteenth Century"
"Harrison, Walter","A New and Universal History, Description and Survey of the Cities of London and Westminster ...",1775,"White, London in the Eighteenth Century"
"Hartley, James","The Setting Sun ..., or, the Behaviour, Confessions and Dying Speeches of those who have been Executed at Tyburn ...",1797,"White, London in the Eighteenth Century"
"Harvey, A. D.",Sex in Georgian England ...,1994,"White, London in the Eighteenth Century"
"Hatton, Edward","A New View of London ..., 2 vols",1708,"White, London in the Eighteenth Century"
"Hawkins, Laetitia-Matilda","Anecdotes, Biographical Sketches and Memoirs ...",1822,"White, London in the Eighteenth Century"
"Hawkins, Sir John","The Life of Samuel Johnson, LL.D., An Ample and Opinions, 5 vols [?]",1787,"White, London in the Eighteenth Century"
"Hayley, William","Memoirs of the Life and Writings of William Hayley ..., edited by John Johnson, 2 vols",1823,"White, London in the Eighteenth Century"
"Haywood, Eliza","The History of Miss Betsy Thoughtless ..., 4 vols",1751,"White, London in the Eighteenth Century"
"Haywood, Eliza","The History of Jemmy and Jenny Jessamy, 3 vols",1753,"White, London in the Eighteenth Century"
"Guthrie, James, and Jansen [?], James",Observations on the Malefactors Committed at Tyburn ...,1755,"White, London in the Eighteenth Century"
Guthrie [?],Confession of the Six [?] ... at Tyburn ...,1753,"White, London in the Eighteenth Century"
"Gonson, Sir John",The Charges of Sir John Gonson ... to Several Grand Juries ...,1728,"White, London in the Eighteenth Century"
"Gibson, Patrick",Descriptions by Edmund Gibson of London ... the Day of ...,1786,"White, London in the Eighteenth Century"
"Gibbon, Edward","Memoirs of My Life and Writings ..., Edited by Lord Sheffield",1796,"White, London in the Eighteenth Century"
"Gibbon, Edward","The Letters of Edward Gibbon, edited by J. E. Norton, 3 vols",1956,"White, London in the Eighteenth Century"
"Gilbert, Thomas","A Plan of Police ..., Exhibiting the Causes of the Present Increase of the Poor ...",1786,"White, London in the Eighteenth Century"
Gilmore [?],Mortality and Revolution in the Eighteenth Century ...,1992,"White, London in the Eighteenth Century"
"Haygarth, John",A Sketch of a Plan to Exterminate the Casual Smallpox from Great Britain ...,1793,"White, London in the Eighteenth Century"
"Hartfort [?], Donald","A Most Circumstantial and Surprising Account of ... Escapes ..., and ...",1812,"White, London in the Eighteenth Century"
"Hazlitt, William","Sketches and Essays ..., and Winterslow ...",1839,"White, London in the Eighteenth Century"
"Hickey, William","Memoirs of William Hickey, edited by Alfred Spencer, 4 vols",1913,"White, London in the Eighteenth Century"
"Hogarth, William",The Analysis of Beauty,1753,"White, London in the Eighteenth Century"
"Holcroft, Thomas","Memoirs of the Late Thomas Holcroft, Written by Himself and Continued to the Time of his Death ..., 3 vols, edited by William Hazlitt",1816,"White, London in the Eighteenth Century"
"Holland, Lord Henry","The Journal of Elizabeth, Lady Holland 1791-1811 ..., edited by the Earl of Ilchester, 2 vols",1908,"White, London in the Eighteenth Century"
"Howgego, James","Printed Maps of London, circa 1553-1850 ..., 2nd edn",1978,"White, London in the Eighteenth Century"
HMC,"Report on the Manuscripts of the Marquess of Downshire ..., Vol. IV: His Grace the Duke of Portland ...",1937,"White, London in the Eighteenth Century"
HMC,"Report on Manuscripts in Various Collections, Vol. IV ...",1909,"White, London in the Eighteenth Century"
HMC,"Report Wellbeck Abbey ..., Vol. VI ...",1901,"White, London in the Eighteenth Century"
HMC,"Charlemont MSS, Vol. I",1891,"White, London in the Eighteenth Century"
HMC,"Appendix to the Ninth Report, Part III ...",1884,"White, London in the Eighteenth Century"
"Hone, William","The Every Day Book ..., 2 vols",1826,"White, London in the Eighteenth Century"
"Howard, John","The State of the Prisons in England and Wales, with Preliminary Observations, and an Account of Some Foreign Prisons and Hospitals",1777,"White, London in the Eighteenth Century"
"Howell, Thomas B.","A Complete Collection of State Trials ..., 21 vols",1816,"White, London in the Eighteenth Century"
"Hughes, Kathryn [?]",Observations on the More Ancient Statutes ...,1766,"White, London in the Eighteenth Century"
"Hutton, William",A Journey from Birmingham to London,1785,"White, London in the Eighteenth Century"
"Ireland, John","Hogarth Illustrated ..., 3 vols",1791,"White, London in the Eighteenth Century"
"Jackson, John","The Works of Samuel Johnson, LL.D., with an Essay on his Life and Genius by Arthur Murphy ..., 12 vols [?]",1792,"White, London in the Eighteenth Century"
"James, Robert","A Medicinal Dictionary ..., 3 vols",1743,"White, London in the Eighteenth Century"
"Johnson, Samuel",A Complete Vindication of the Licensers of the Stage ...,1739,"White, London in the Eighteenth Century"
"Johnson, Samuel","London, a Poem, in Imitation of the Third Satire of Juvenal",1738,"White, London in the Eighteenth Century"
"Johnson, Samuel","The Letters of Samuel Johnson, edited by Bruce Redford, 5 vols",1992,"White, London in the Eighteenth Century"
"Karamzin, N. M.","Letters of a Russian Traveller 1789-90, An Account of a Young Russian Gentleman's Tour Through Germany, Switzerland, ...",1957,"White, London in the Eighteenth Century"
"King, Richard","The Complete Modern London Spy ..., or a Real, True and Faithful Discovery of the Cities of London and Westminster ..., for 1781",1781,"White, London in the Eighteenth Century"
"King, Richard","The Frauds of London ..., Containing a Full ... Account of all the Cheats ...",1770,"White, London in the Eighteenth Century"
"Knox, Vicesimus","The Works of Vicesimus Knox, 7 vols",1824,"White, London in the Eighteenth Century"
"Lackington, James","Memoirs of the First Forty-Five Years of the Life of James Lackington ..., 13th edn",1810,"White, London in the Eighteenth Century"
"Lambert, B.","The History and Survey of London and Its Environs, from the Earliest Period to the Present Time, 4 vols",1806,"White, London in the Eighteenth Century"
"Langford, Paul",A Polite and Commercial People: England 1727-1783,1989,"White, London in the Eighteenth Century"
"Landsman, George [?]",Adventures and Recollections of Colonel Landmann ...,1852,"White, London in the Eighteenth Century"
"Layard, George S.",The Life of Mrs. Lynn Linton ...,1901,"White, London in the Eighteenth Century"
"Lewis, W. S. (ed.)","The Yale Edition of Horace Walpole's Correspondence ..., 48 vols",1937,"White, London in the Eighteenth Century"
"Lysons, Daniel","The Environs of London ..., 4 vols",1796,"White, London in the Eighteenth Century"
"Hutton, Catherine","Reminiscences of a Gentlewoman of the Last Century: Letters of Catherine Hutton, edited by Mrs. C. H. Beale",1891,"White, London in the Eighteenth Century"
"Hutton, William","The Life of William Hutton ..., Written by Himself ...",1816,"White, London in the Eighteenth Century"
"Hawkins, Sir John","A General History of the Science and Practice of Music, 5 vols",1776,"White, London in the Eighteenth Century"
"Hassell, John",Memoirs of the Life of the Late George Morland ...,1806,"White, London in the Eighteenth Century"
"Gronow, Captain R. H.","The Reminiscences and Recollections of Captain Gronow ..., 2 vols",1892,"White, London in the Eighteenth Century"
"Hervey, Lord John","Lord Hervey's Memoirs ..., edited by Romney Sedgwick",1952,"White, London in the Eighteenth Century"
"Hibbert, Christopher",King Mob: The Story of Lord George Gordon and the Riots of 1780,1958,"White, London in the Eighteenth Century"
"Hollingsworth, T. H., and others",Mortality in the City of London: Population and Social Studies ...,1971,"White, London in the Eighteenth Century"
"Howard, John",An Account of the Principal Lazarettos in Europe ...,1789,"White, London in the Eighteenth Century"
"Houghton, Walter E.","The Victorian Frame of Mind, 1830-1870",1957,"White, London in the Eighteenth Century"
"Lewis, Lady Theresa (ed.)",Extracts of the Journals and Correspondence of Miss Berry from the Year 1783 to 1852,1865,"White, London in the Eighteenth Century"
"Lewis, W. S. (ed.)",Horace Walpole's Correspondence (Yale Edition) 48 vols,1937,"White, London in the Eighteenth Century"
"Lewis, W. S., George Cronin Jr. and Charles H. Bennett (eds.)",Horace Walpole's Correspondence with the Countess of Upper Ossory 3 vols,1965,"White, London in the Eighteenth Century"
"Lewis, W. S., Warren Hunting Smith and George L. Lam (eds.)",Horace Walpole's Correspondence with Madame du Deffand and Wiart 6 vols,1939,"White, London in the Eighteenth Century"
"Lewis, W. S. and A. Dayle Wallace (eds.)",Horace Walpole's Correspondence with Mary and Agnes Berry and Barbara Cecilia Seton 3 vols,1944,"White, London in the Eighteenth Century"
"Lewis, W. S., Robert A. Smith and Charles H. Bennett (eds.)",Horace Walpole's Correspondence with the Rev. William Cole 2 vols,1937,"White, London in the Eighteenth Century"
"Lewis, W. S. and Warren Hunting Smith (eds.)",Horace Walpole's Correspondence with Sir Horace Mann 11 vols,1954,"White, London in the Eighteenth Century"
"Lewis, W. S., Robert A. Smith and Charles H. Bennett (eds.)",Horace Walpole's Correspondence with Richard Bentley and the Earl and Countess Harcourt [?],1937 [?],"White, London in the Eighteenth Century"
"Lewis, W. S., Ralph S. Brown et al. (eds.)",Horace Walpole's Correspondence with George Montagu 2 vols,1941,"White, London in the Eighteenth Century"
"Lewis, W. S.",Selected Letters of Horace Walpole,1973,"White, London in the Eighteenth Century"
"Lewis, W. S.",Horace Walpole's Fugitive Verses,1931,"White, London in the Eighteenth Century"
"Lillywhite, Bryant",London Coffee Houses: A Reference Book of Coffee Houses of the Seventeenth Eighteenth and Nineteenth Centuries,1963,"White, London in the Eighteenth Century"
"Little, David M. and George M. Kahrl (eds.)",The Letters of David Garrick 3 vols,1963,"White, London in the Eighteenth Century"
"Lonsdale, Roger (ed.)",Dr. Charles Burney: A Literary Biography,1965,"White, London in the Eighteenth Century"
"Lustig, Irma S. and Frederick A. Pottle (eds.)",Boswell: The Applause of the Jury 1782-1785,1981,"White, London in the Eighteenth Century"
"Lustig, Irma S. and Frederick A. Pottle (eds.)",Boswell: The English Experiment 1785-1789,1986,"White, London in the Eighteenth Century"
"Maitland, William",The History and Survey of London from Its Foundation to the Present Time 2 vols,1756,"White, London in the Eighteenth Century"
"Malcolm, James Peller",Anecdotes of the Manners and Customs of London during the Eighteenth Century,1810,"White, London in the Eighteenth Century"
"Malcolm, James Peller",Londinium Redivivum; or an Antient History and Modern Description of London 4 vols,1802,"White, London in the Eighteenth Century"
"Marshall, Dorothy",Dr. Johnson's London,1968,"White, London in the Eighteenth Century"
"Martin, Joanna (ed.)",A Governess in the Age of Jane Austen: The Journals and Letters of Agnes Porter,1998,"White, London in the Eighteenth Century"
"Masson, David (ed.)",The Collected Writings of Thomas De Quincey,1896,"White, London in the Eighteenth Century"
"Matthews, William (ed.)",The Diary of Dudley Ryder 1715-1716,1939,"White, London in the Eighteenth Century"
"Mayhew, Henry",London Labour and the London Poor 4 vols,1861,"White, London in the Eighteenth Century"
"Mayhew, Henry and John Binny",The Criminal Prisons of London and Scenes of Prison Life,1862,"White, London in the Eighteenth Century"
"Miles, William Augustus",A Letter to Sir John Fielding Knt. Occasioned by His Extraordinary Request to Mr Garrick for the Suppression of the Beggar's Opera,1773,"White, London in the Eighteenth Century"
"Mingay, G. E.",English Landed Society in the Eighteenth Century,1963,"White, London in the Eighteenth Century"
"Misson, Henri",Memoirs and Observations in His Travels over England,1719,"White, London in the Eighteenth Century"
"Mitchell, R. J. and M. D. R. Leys",A History of London Life,1958,"White, London in the Eighteenth Century"
"Moore, Lucy",The Thieves' Opera [?],1997,"White, London in the Eighteenth Century"
"Moritz, Carl Philipp",Journeys of a German in England in 1782,1795,"White, London in the Eighteenth Century"
"Morris, Corbyn",Observations on the Past Growth and Present State of the City of London,1751,"White, London in the Eighteenth Century"
"Murphy, Arthur",The Life of David Garrick Esq.,1801,"White, London in the Eighteenth Century"
"Murphy, Arthur",The Gray's-Inn Journal 2 vols,1756,"White, London in the Eighteenth Century"
"Namier, Sir Lewis and John Brooke",The History of Parliament: The House of Commons 1754-1790 3 vols,1964,"White, London in the Eighteenth Century"
"Napier, Robina (ed.)",Johnsoniana: Anecdotes of the Late Samuel Johnson LL.D. during the Last Twenty Years of His Life,1884,"White, London in the Eighteenth Century"
"Nelson, John",The History Topography and Antiquities of the Parish of St Mary Islington,1811,"White, London in the Eighteenth Century"
"Nichols, John",Literary Anecdotes of the Eighteenth Century 9 vols,1812,"White, London in the Eighteenth Century"
"Nichols, R. H. and F. A. Wray",The History of the Foundling Hospital,1935,"White, London in the Eighteenth Century"
"Noorthouck, John",A New History of London Including Westminster and Southwark,1773,"White, London in the Eighteenth Century"
"O'Keeffe, John",Recollections of the Life of John O'Keeffe Written by Himself 2 vols,1826,"White, London in the Eighteenth Century"
"Ogborn, Miles",Spaces of Modernity: London's Geographies 1680-1780,1998,"White, London in the Eighteenth Century"
Old Bailey Sessions Papers,Old Bailey Sessions Papers,1674,"White, London in the Eighteenth Century"
"Owen, David",English Philanthropy 1660-1960,1965,"White, London in the Eighteenth Century"
"Papendiek, Mrs [Charlotte]",Court and Private Life in the Time of Queen Charlotte,1887,"White, London in the Eighteenth Century"
"Parker, George",A View of Society and Manners in High and Low Life 2 vols,1781,"White, London in the Eighteenth Century"
"Paulson, Ronald",Hogarth: His Life Art and Times 2 vols,1971,"White, London in the Eighteenth Century"
"Pennant, Thomas",Some Account of London,1790,"White, London in the Eighteenth Century"
"Pennant, Thomas",A Journey from London to the Isle of Wight 2 vols,1801,"White, London in the Eighteenth Century"
"Pepys, William Weller",A Later Pepys: The Correspondence of Sir William Weller Pepys,1904,"White, London in the Eighteenth Century"
"Phillips, Hugh",The Thames about 1750,1951,"White, London in the Eighteenth Century"
"Phillips, Hugh",Mid-Georgian London,1964,"White, London in the Eighteenth Century"
"Picard, Liza",Dr Johnson's London: Life in London 1740-1770,2000,"White, London in the Eighteenth Century"
"Pinks, William J.",The History of Clerkenwell,1865,"White, London in the Eighteenth Century"
"Piozzi, Hester Lynch",Anecdotes of the Late Samuel Johnson LL.D. during the Last Twenty Years of His Life,1786,"White, London in the Eighteenth Century"
"Piozzi, Hester Lynch",Observations and Reflections Made in the Course of a Journey through France Italy and Germany,1789,"White, London in the Eighteenth Century"
"Piozzi, Hester Lynch",The Piozzi Letters,1989,"White, London in the Eighteenth Century"
"Pitt, Moses",The Cry of the Oppressed,1691,"White, London in the Eighteenth Century"
"Place, Francis",The Autobiography of Francis Place (1771-1854),1972,"White, London in the Eighteenth Century"
"Pope, Alexander",The Dunciad,1728,"White, London in the Eighteenth Century"
"Porter, Roy",London: A Social History,1994,"White, London in the Eighteenth Century"
"Pottle, Frederick A. (ed.)",Boswell's London Journal 1762-1763,1950,"White, London in the Eighteenth Century"
"Pottle, Frederick A. (ed.)",Boswell in Holland 1763-1764,1952,"White, London in the Eighteenth Century"
"Price, Cecil",The Letters of Richard Brinsley Sheridan 3 vols,1966,"White, London in the Eighteenth Century"
"Price, F. G. Hilton",A Handbook of London Bankers,1876,"White, London in the Eighteenth Century"
"Pringle, Patrick",Hue and Cry: The Birth of the British Police,1955,"White, London in the Eighteenth Century"
"Pryor, Felix (ed.)",The Faber Book of Letters,1988,"White, London in the Eighteenth Century"
"Pugh, R. B. (ed.)",The Victoria County History of Middlesex,1969,"White, London in the Eighteenth Century"
"Quennell, Peter (ed.)",Memoirs of William Hickey,1960,"White, London in the Eighteenth Century"
"Radzinowicz, Leon",A History of English Criminal Law and Its Administration from 1750 4 vols,1948,"White, London in the Eighteenth Century"
"Ralph, James",A Critical Review of the Public Buildings Statues and Ornaments in and about London and Westminster,1734,"White, London in the Eighteenth Century"
"Ramsay, W. H. [?]",Wine and Walnuts; or After Dinner Chit-Chat,1823,"White, London in the Eighteenth Century"
"Rasmussen, Steen Eiler",London: The Unique City,1934,"White, London in the Eighteenth Century"
"Reed, Joseph W. and Frederick A. Pottle (eds.)",Boswell: Laird of Auchinleck 1778-1782,1977,"White, London in the Eighteenth Century"
"Rendell, Jane",The Pursuit of Pleasure: Gender Space and Architecture in Regency London,2002,"White, London in the Eighteenth Century"
Report from the Committee Appointed to Enquire into the State of the Gaols of This Kingdom,Report from the Committee... Gaols of This Kingdom,1729,"White, London in the Eighteenth Century"
Reports from the Select Committee on the State of the Police of the Metropolis,Reports from the Select Committee... Police of the Metropolis,1816,"White, London in the Eighteenth Century"
"Reynolds, Sir Joshua",Discourses on Art,1797,"White, London in the Eighteenth Century"
"Richardson, Samuel",Pamela; or Virtue Rewarded,1740,"White, London in the Eighteenth Century"
"Richardson, Samuel",Clarissa; or The History of a Young Lady 3 vols [?],1748,"White, London in the Eighteenth Century"
"Richardson, Samuel",The History of Sir Charles Grandison 4 vols,1753,"White, London in the Eighteenth Century"
"Ritchie, James Ewing",The Night Side of London,1857,"White, London in the Eighteenth Century"
"Robinson, Henry Crabb",Diary Reminiscences and Correspondence of Henry Crabb Robinson,1869,"White, London in the Eighteenth Century"
"Robinson, Mary",Memoirs of the Late Mrs Robinson Written by Herself,1801,"White, London in the Eighteenth Century"
"Rocque, John",A Plan of the Cities of London and Westminster and Borough of Southwark,1746,"White, London in the Eighteenth Century"
"Romilly, Sir Samuel",Memoirs of the Life of Sir Samuel Romilly Written by Himself 3 vols,1840,"White, London in the Eighteenth Century"
"Rude, George",Hanoverian London 1714-1808,1971,"White, London in the Eighteenth Century"
"Rude, George",Wilkes and Liberty,1962,"White, London in the Eighteenth Century"
"Rude, George",Paris and London in the Eighteenth Century: Studies in Popular Protest,1970,"White, London in the Eighteenth Century"
"Rush, Richard",A Residence at the Court of London,1833,"White, London in the Eighteenth Century"
"Ryskamp, Charles and Frederick A. Pottle (eds.)",Boswell: The Ominous Years 1774-1776,1963,"White, London in the Eighteenth Century"
"Saussure, Cesar de (ed. Van Muyden)",A Foreign View of England in the Reigns of George I and George II,1902,"White, London in the Eighteenth Century"
"Schwarz, L. D.",London in the Age of Industrialisation: Entrepreneurs Labour Force and Living Conditions 1700-1850,1992,"White, London in the Eighteenth Century"
"Sennett, Richard",The Fall of Public Man,1977,"White, London in the Eighteenth Century"
"Sheppard, Francis",London: A History,1998,"White, London in the Eighteenth Century"
"Sherwood, Mrs [Mary]",The Life of Mrs Sherwood (Chiefly Autobiographical),1854,"White, London in the Eighteenth Century"
"Simond, Louis",An American in Regency England: The Journal of a Tour in 1810-1811,1815,"White, London in the Eighteenth Century"
"Sims, George R.",How the Poor Live and Horrible London,1889,"White, London in the Eighteenth Century"
"Smith, Adam",An Inquiry into the Nature and Causes of the Wealth of Nations,1776,"White, London in the Eighteenth Century"
"Smith, Charles Manby",Curiosities of London Life,1853,"White, London in the Eighteenth Century"
"Smith, John Thomas",Nollekens and His Times 2 vols,1828,"White, London in the Eighteenth Century"
"Smith, John Thomas",A Book for a Rainy Day; or Recollections of the Events of the Years 1766-1833,1845,"White, London in the Eighteenth Century"
"Smith, John Thomas",Vagabondiana; or Anecdotes of Mendicant Wanderers through the Streets of London,1817,"White, London in the Eighteenth Century"
"Smith, John Thomas",An Antiquarian Ramble in the Streets of London,1846,"White, London in the Eighteenth Century"
"Smith, John Thomas",The Cries of London,1839,"White, London in the Eighteenth Century"
"Smith, Sydney",The Works of Sydney Smith,1839,"White, London in the Eighteenth Century"
"Smollett, Tobias",The Expedition of Humphry Clinker,1771,"White, London in the Eighteenth Century"
"Smollett, Tobias",The Adventures of Roderick Random,1748,"White, London in the Eighteenth Century"
"Smollett, Tobias",The Adventures of Peregrine Pickle,1751,"White, London in the Eighteenth Century"
"Southey, Robert",Letters from England by Don Manuel Alvarez Espriella,1807,"White, London in the Eighteenth Century"
"Steele, Richard and Joseph Addison",The Tatler,1709,"White, London in the Eighteenth Century"
"Steele, Richard and Joseph Addison",The Spectator,1711,"White, London in the Eighteenth Century"
"Stow, John",A Survey of London,1598,"White, London in the Eighteenth Century"
"Stroud, Dorothy",George Dance Architect,1971,"White, London in the Eighteenth Century"
"Strype, John",A Survey of the Cities of London and Westminster,1720,"White, London in the Eighteenth Century"
"Summerson, John",Georgian London,1945,"White, London in the Eighteenth Century"
"Swift, Jonathan",Journal to Stella,1766,"White, London in the Eighteenth Century"
"Taine, Hippolyte",Notes on England,1872,"White, London in the Eighteenth Century"
"Thale, Mary (ed.)",The Autobiography of Francis Place,1972,"White, London in the Eighteenth Century"
"Thale, Mary (ed.)",Selections from the Papers of the London Corresponding Society,1983,"White, London in the Eighteenth Century"
"Thomas, P. D. G.",John Wilkes: A Friend to Liberty,1996,"White, London in the Eighteenth Century"
"Thornbury, Walter",Old and New London 6 vols,1873,"White, London in the Eighteenth Century"
"Timbs, John",Curiosities of London,1855,"White, London in the Eighteenth Century"
"Timbs, John",Club Life of London 2 vols,1866,"White, London in the Eighteenth Century"
"Tomalin, Claire",Mrs Jordan's Profession,1994,"White, London in the Eighteenth Century"
"Trotter, John Bernard",Memoirs of the Latter Years of the Right Honourable Charles James Fox,1811,"White, London in the Eighteenth Century"
"Trumbach, Randolph",Sex and the Gender Revolution Vol. 1: Heterosexuality and the Third Gender in Enlightenment London,1998,"White, London in the Eighteenth Century"
"Trusler, John",The London Adviser and Guide,1786,"White, London in the Eighteenth Century"
"Turberville, A. S. (ed.)",Johnson's England 2 vols,1933,"White, London in the Eighteenth Century"
"Uglow, Jenny",Hogarth: A Life and a World,1997,"White, London in the Eighteenth Century"
"Von Archenholz, J. W.",A Picture of England,1789,"White, London in the Eighteenth Century"
"Von Uffenbach, Zacharias Conrad",London in 1710: From the Travels of Zacharias Conrad von Uffenbach,1934,"White, London in the Eighteenth Century"
"Walpole, Horace",Anecdotes of Painting in England,1762,"White, London in the Eighteenth Century"
"Walpole, Horace",Journal of the Reign of King George the Third from the Year 1771 to 1783 2 vols,1859,"White, London in the Eighteenth Century"
"Walpole, Horace",Memoirs of the Reign of King George II 3 vols,1846,"White, London in the Eighteenth Century"
"Walpole, Horace",Memoirs of the Reign of King George III 4 vols,1845,"White, London in the Eighteenth Century"
"Walpole, Horace",Reminiscences Written in 1788 for the Amusement of Miss Mary and Miss Agnes Berry,1798,"White, London in the Eighteenth Century"
"Walvin, James",English Urban Life 1776-1851,1984,"White, London in the Eighteenth Century"
"Ward, Edward",The London Spy Compleat in Eighteen Parts,1703,"White, London in the Eighteenth Century"
"Ward, Robert Plumer",Memoirs of the Political and Literary Life of Robert Plumer Ward,1850,"White, London in the Eighteenth Century"
"Webb, Sidney and Beatrice",English Local Government,1906,"White, London in the Eighteenth Century"
"Weinreb, Ben and Christopher Hibbert (eds.)",The London Encyclopaedia,1983,"White, London in the Eighteenth Century"
"Wendebom, Gebhard Friedrich August",A View of England towards the Close of the Eighteenth Century 2 vols,1791,"White, London in the Eighteenth Century"
"Wesley, John",The Journal of the Rev. John Wesley 4 vols,1827,"White, London in the Eighteenth Century"
"West, Shearer",The Image of the Actor,1991,"White, London in the Eighteenth Century"
"Wheatley, Henry B.",London Past and Present: Its History Associations and Traditions 3 vols,1891,"White, London in the Eighteenth Century"
"Wheatley, Henry B. (ed.)",The Historical and the Posthumous Memoirs of Sir Nathaniel William Wraxall 5 vols,1884,"White, London in the Eighteenth Century"
"Wilkes, John",The Correspondence of the Late John Wilkes with His Friends 5 vols,1805,"White, London in the Eighteenth Century"
"Wraxall, Sir Nathaniel William",Historical Memoirs of My Own Time 2 vols,1815,"White, London in the Eighteenth Century"
"Wraxall, Sir Nathaniel William",Posthumous Memoirs of His Own Time 3 vols,1836,"White, London in the Eighteenth Century"
"Wroth, Warwick",The London Pleasure Gardens of the Eighteenth Century,1896,"White, London in the Eighteenth Century"
"Young, Arthur",The Farmer's Letters to the People of England,1768,"White, London in the Eighteenth Century"
Louis Martin de Laistre,Will of Louis Martin de Laistre (BAA A 62/63),,"Reboul, French Emigration thesis 2014"
Robert Berkeley,Correspondence from Robert Berkeley (BAA A 323),,"Reboul, French Emigration thesis 2014"
Whitley family,Estate and personal papers: Copy royal proclamation (CCA D3696/12/10),,"Reboul, French Emigration thesis 2014"
Anonymous,Letters from Frenchmen (CCA DSA/33),1792-1807,"Reboul, French Emigration thesis 2014"
John Grainger,Diaries of John Grainger of Bridge House in Cuckfield (WSRO Add Mss 30726-30728),,"Reboul, French Emigration thesis 2014"
Adam Gordon,Letters to Adam Gordon (WSRO GOODWOOD/1172),1791-1808,"Reboul, French Emigration thesis 2014"
Anonymous,Note of Collection for refugee French Clergy (WSRO PAR 28/1/1/3),1793,"Reboul, French Emigration thesis 2014"
Anonymous,Burial of the viscountess de Preissac Fezensac (WSRO PAR/429/1/1/2),,"Reboul, French Emigration thesis 2014"
Frewen family,Archive of the Frewen family of Brickwall (ESRO FRE/1556),,"Reboul, French Emigration thesis 2014"
Spence and de Bourbel families,Business correspondence (ESRO AMS5134-5335),,"Reboul, French Emigration thesis 2014"
Fanny Krumpholz,Personal correspondence of Fanny Krumpholz (ESRO HIC/1048-1059b),,"Reboul, French Emigration thesis 2014"
John Baker Holroyd Earl of Sheffield,Correspondence (ESRO AMS5440),,"Reboul, French Emigration thesis 2014"
Anonymous,Tracts (BL 4532.h.3.(1.)),,"Reboul, French Emigration thesis 2014"
John Aram,Letter by John Aram (MLF Box 5 HC 5/D/1),,"Reboul, French Emigration thesis 2014"
Anonymous,Hall Committee minute book (MLF FMS MINS/1/4),,"Reboul, French Emigration thesis 2014"
Bedford Duke of,Covent Garden Estate records (LMA E/BER/CG),,"Reboul, French Emigration thesis 2014"
Anonymous,Foundling Hospital: children admission discharge (LMA A/FH/A/09),,"Reboul, French Emigration thesis 2014"
Anonymous,Harben Miscellaneous Deeds (LMA HMD/X),,"Reboul, French Emigration thesis 2014"
Anonymous,Notification of foreign aliens Middlesex (LMA MR/A),,"Reboul, French Emigration thesis 2014"
Anonymous,Registration of places intended for worship (LMA MR/R/H),,"Reboul, French Emigration thesis 2014"
Anonymous,Prisons records Middlesex (LMA MA/G),,"Reboul, French Emigration thesis 2014"
Anonymous,Sessions Papers Middlesex (LMA MJ/SP),,"Reboul, French Emigration thesis 2014"
Anonymous,Middlesex Sessions misc (LMA MJR/Misc.5),,"Reboul, French Emigration thesis 2014"
Sun Fire Office,Records of Sun Fire Office (LMA),,"Reboul, French Emigration thesis 2014"
Saint Pancras Parish Church,Parish records,,"Reboul, French Emigration thesis 2014"
Anonymous,Notification of foreign aliens Westminster (LMA WR/A),,"Reboul, French Emigration thesis 2014"
Anonymous,Records of Roman Catholics and Non-Conformists Westminster (LMA WR/R),,"Reboul, French Emigration thesis 2014"
Erard maison Londres,Registre des ventes de harpes 1797-1917 vol.1 (Royal College of Music),1797-1917,"Reboul, French Emigration thesis 2014"
Home Office,Domestic Correspondence George III (NA HO 42/24; 27; 28),,"Reboul, French Emigration thesis 2014"
Anonymous,Alphabetically indexed list of French emigres with ages and address (SAS SC/TCBox/4/14/7),,"Reboul, French Emigration thesis 2014"
Melesina Trench,Letters from Melesina Trench to her second husband (Hampshire RO 23M93/28),,"Reboul, French Emigration thesis 2014"
Archbishop of Aix,Letters from the archbishop of Aix to 1st earl of Carnavon (Hampshire RO 75M91/A6),,"Reboul, French Emigration thesis 2014"
Anonymous,French emigres letters 2 vols (Hampshire RO 109A02),,"Reboul, French Emigration thesis 2014"
Anonymous,Copy letter about the Law family (Hampshire RO 1M44/69/4),,"Reboul, French Emigration thesis 2014"
Anonymous,Anonymous memorandum 1800 estate accounts for Twyford (Hampshire RO 46M72/F9B),1800,"Reboul, French Emigration thesis 2014"
Anonymous,Lists of refugees in Romsey (Hampshire RO 97M81/4/21),,"Reboul, French Emigration thesis 2014"
Anonymous,State of French royalists officers residing at Totton and Romsey (Hampshire RO 97M81/4/21),,"Reboul, French Emigration thesis 2014"
Wickham family,Correspondence (Hampshire RO 38M49/1),,"Reboul, French Emigration thesis 2014"
Wickham family,Papers about the French emigrants (Hampshire RO 38M49/8/125),,"Reboul, French Emigration thesis 2014"
Anonymous,Passports issued or received by the Mayor under the Aliens Act (Winchester W/D3/328/1-162),,"Reboul, French Emigration thesis 2014"
Jarnac-Lasteyrie family,Fonds Jarnac-Lasteyrie (Paris CARAN 529MI/54-64),,"Reboul, French Emigration thesis 2014"
,Albion and Evening Advertiser,1789-1800,"Reboul, French Emigration thesis 2014"
,Bell's Weekly Messenger,1789-1800,"Reboul, French Emigration thesis 2014"
,British Catalogue and Quarterly Theological Review,1789-1800,"Reboul, French Emigration thesis 2014"
,Caledonian Mercury,1789-1800,"Reboul, French Emigration thesis 2014"
,Cobbett's Annual Register,1789-1800,"Reboul, French Emigration thesis 2014"
,Courier and Evening Gazette,1789-1800,"Reboul, French Emigration thesis 2014"
,Courier de l'Europe,1789-1800,"Reboul, French Emigration thesis 2014"
,Critical Review or Annals of Literature,1789-1800,"Reboul, French Emigration thesis 2014"
,Diary or Woodfall's Register,1789-1800,"Reboul, French Emigration thesis 2014"
,E. Johnson's British Gazette and Sunday Monitor,1789-1800,"Reboul, French Emigration thesis 2014"
,English Chronicle or Universal Evening Post,1789-1800,"Reboul, French Emigration thesis 2014"
,Evening Mail,1789-1800,"Reboul, French Emigration thesis 2014"
,Express and Evening Courier,1789-1800,"Reboul, French Emigration thesis 2014"
,Gazetteer and New Daily Advertiser,1789-1800,"Reboul, French Emigration thesis 2014"
,Gentleman's Magazine,1789-1800,"Reboul, French Emigration thesis 2014"
,General Evening Post,1789-1800,"Reboul, French Emigration thesis 2014"
,Hampshire Telegraph and Sussex Chronicle,1789-1800,"Reboul, French Emigration thesis 2014"
,Hull Packet,1789-1800,"Reboul, French Emigration thesis 2014"
,Jackson's Oxford Journal,1789-1800,"Reboul, French Emigration thesis 2014"
,London Chronicle,1789-1800,"Reboul, French Emigration thesis 2014"
,Lloyd's Evening Post,1789-1800,"Reboul, French Emigration thesis 2014"
,London Packet or New Lloyd's Evening Post,1789-1800,"Reboul, French Emigration thesis 2014"
,Mirror of the Times,1789-1800,"Reboul, French Emigration thesis 2014"
,Morning Chronicle,1789-1800,"Reboul, French Emigration thesis 2014"
,Morning Herald,1789-1800,"Reboul, French Emigration thesis 2014"
,Morning Post,1789-1800,"Reboul, French Emigration thesis 2014"
,Morning Post and Daily Advertiser,1789-1800,"Reboul, French Emigration thesis 2014"
,Morning Post and Fashionable World,1789-1800,"Reboul, French Emigration thesis 2014"
,Morning Post and Gazetteer,1789-1800,"Reboul, French Emigration thesis 2014"
,Morning Star,1789-1800,"Reboul, French Emigration thesis 2014"
,Oracle Bell's New World,1789-1800,"Reboul, French Emigration thesis 2014"
,Oracle and Daily Advertiser,1789-1800,"Reboul, French Emigration thesis 2014"
,Oracle and Public Advertiser,1789-1800,"Reboul, French Emigration thesis 2014"
,Public Advertiser,1789-1800,"Reboul, French Emigration thesis 2014"
,Saint James's Chronicle or the British Evening Post,1789-1800,"Reboul, French Emigration thesis 2014"
,Star,1789-1800,"Reboul, French Emigration thesis 2014"
,Sun,1789-1800,"Reboul, French Emigration thesis 2014"
,Telegraph,1789-1800,"Reboul, French Emigration thesis 2014"
,Times,1789-1800,"Reboul, French Emigration thesis 2014"
,True Briton,1789-1800,"Reboul, French Emigration thesis 2014"
,Whitehall Evening Post,1789-1800,"Reboul, French Emigration thesis 2014"
,World,1789-1800,"Reboul, French Emigration thesis 2014"
"Abrantès, Laure Junot d'",Mémoires de madame la duchesse d'Abrantès,1832,"Reboul, French Emigration thesis 2014"
"Andigné, Fortuné d'",Mémoires du général d'Andigné Vol. 1: 1765-1800,1900,"Reboul, French Emigration thesis 2014"
"Arnault, Antoine Vincent",Souvenirs d'un sexagénaire,1833,"Reboul, French Emigration thesis 2014"
"Barruel, abbé",The History of the clergy during the French Revolution,1794,"Reboul, French Emigration thesis 2014"
"Bellamy, Thomas",Miscellanies: In Prose and Verse,1794,"Reboul, French Emigration thesis 2014"
"Birdwood, Vere (ed.)","So Dearly Loved, so Much Admired: Letters to Hester Pitt, Lady Chatham 1744-1801",1994,"Reboul, French Emigration thesis 2014"
"Boigne, Éléonore-Adèle d'Osmond",Mémoires de la comtesse de Boigne,1999,"Reboul, French Emigration thesis 2014"
"Boosey, Thomas",Catalogues of Foreign books on Sale by T. Boosey,1807-1814,"Reboul, French Emigration thesis 2014"
"Bouillé, Louis de",Souvenirs et fragments pour servir aux Mémoires de ma vie et de mon temps T. I 1769-mai 1792,1906,"Reboul, French Emigration thesis 2014"
"Bouillé, François-Claude-Amour",Memoirs Relating to the French Revolution,1797,"Reboul, French Emigration thesis 2014"
"Bournon-Malarme, Charlotte","Le temps passé, ou les malheurs de mademoiselle de Mo... émigrée",1801,"Reboul, French Emigration thesis 2014"
"Bousfield, Benjamin",Observations on the Right Hon. Edmund Burke's Pamphlet On the Subject of the French Revolution,1791,"Reboul, French Emigration thesis 2014"
Brillat-Savarin,Physiologie du gout; ou Méditations de gastronomie transcendante,1834,"Reboul, French Emigration thesis 2014"
"Bonald, Louis de",Théorie du pouvoir politique et religieux,1982,"Reboul, French Emigration thesis 2014"
"Burke, Edmund",The Correspondence of Edmund Burke (ed. Copeland),1958,"Reboul, French Emigration thesis 2014"
"Burney, Fanny",Brief Reflections Relative to the Emigrant French Clergy,1793,"Reboul, French Emigration thesis 2014"
"Burney, Fanny",Diary and Letters of Madame d'Arblay (ed. C. Ward),1892,"Reboul, French Emigration thesis 2014"
"Calonne, Charles-Alexandre de",Les Papiers de Calonne: Documents pour servir à l'histoire de la contre-révolution,1933,"Reboul, French Emigration thesis 2014"
"Charmilly, colonel Venault de",Answer by the Way of a letter to Bryan Edwards containing a refutation of his historical survey on St. Domingo,1797,"Reboul, French Emigration thesis 2014"
"Chateaubriand, François René",Essai Historique Politique et Moral Sur Les Révolutions Anciennes et Modernes,1797,"Reboul, French Emigration thesis 2014"
"Chelsum, James",The Duty of Relieving the French Refugee Clergy Stated and Recommended (sermon),1793,"Reboul, French Emigration thesis 2014"
"Contades, Comte de",Souvenirs du comte de Contades: Coblence et Quiberon,1885,"Reboul, French Emigration thesis 2014"
"Corfield, Penelope and Chris Evans",Youth and Revolution in the 1790s: letters of William Pattisson Thomas Amyot and Henry Crabb Robinson,1996,"Reboul, French Emigration thesis 2014"
"De Boffe, Gérard and J.C.",New French Books Just Imported by J. De Boffe,1792,"Reboul, French Emigration thesis 2014"
"De Boffe, J.C.",Catalogue des Livres François de J. De Boffe,1794,"Reboul, French Emigration thesis 2014"
"De Boffe, J.C.",Catalogue Alphabétique d'une Partie des Livres Français,1813,"Reboul, French Emigration thesis 2014"
"Defauconpret, Auguste",Quinze jours à Londres à la fin de 1815,1817,"Reboul, French Emigration thesis 2014"
"Dickens, Charles",A Tale of Two Cities,2009,"Reboul, French Emigration thesis 2014"
"Dickens, Charles",The Letters of Charles Dickens: The Pilgrim Edition,1965,"Reboul, French Emigration thesis 2014"
"Ducrest, Georgette",Mémoires sur l'impératrice Joséphine: ses contemporains la cour de Navarre et de la Malmaison,2004,"Reboul, French Emigration thesis 2014"
"Dulau, B.",Catalogue des Livres d'Ecole ouvrages Elémentaires Instructifs et Amusants,1805,"Reboul, French Emigration thesis 2014"
"Dulau, B.",Catalogue general méthodique et raisonné des livres,1811,"Reboul, French Emigration thesis 2014"
"Dumas, Mathieu",Souvenirs du lieutenant général comte Mathieu Dumas: de 1770 à 1836 T. 1,1839,"Reboul, French Emigration thesis 2014"
"Fabry, Abbé",Mémoires de mon emigration par l'abbé de Fabry,1933,"Reboul, French Emigration thesis 2014"
"Frampton, Mary",Journal of Mary Frampton (ed. Harriot Georgiana Mundy),1885,"Reboul, French Emigration thesis 2014"
"Gauthier de Brécy, Charles-Edme",Mémoires véridiques et Ingénues de la vie privée morale et politique d'un homme de bien,1834,"Reboul, French Emigration thesis 2014"
"Genlis, Stéphanie-Félicité Du Crest",Mémoires (ed. Didier Masseau),2004,"Reboul, French Emigration thesis 2014"
"Genlis, Stéphanie-Félicité Du Crest",Mémoires inédits de Madame la comtesse de Genlis sur le dix-huitième siècle et la Révolution française,1825,"Reboul, French Emigration thesis 2014"
"Genlis, Stéphanie-Félicité Du Crest",Memoires de Mme. de Genlis sur la cour la ville et les salons de Paris (ed. Ducrest),1855,"Reboul, French Emigration thesis 2014"
"Genlis, Stéphanie-Félicité Du Crest",Mémoires de Madame de Genlis en un volume (ed. Barrière),1857,"Reboul, French Emigration thesis 2014"
"Gerbod, Paul",Les Voyageurs Français À La Découverte Des Iles Britanniques Du XVIIIème Siècle À Nos Jours,1995,"Reboul, French Emigration thesis 2014"
"Granville, Harriet Elizabeth Leveson-Gower",Letters of Harriet Countess Granville 1810-1845,1894,"Reboul, French Emigration thesis 2014"
"Guizot, François",Mémoires pour servir à l'histoire de mon temps,1858,"Reboul, French Emigration thesis 2014"
"Holland, Elizabeth Vassal Fox Lady",The journal of Elizabeth Lady Holland (ed. Earl of Ilchester),1908,"Reboul, French Emigration thesis 2014"
"Jordan, Jeremiah Samuel",The political state of Europe for the year 1793,1793,"Reboul, French Emigration thesis 2014"
Anonymous,Journal of a French Emigrant fourteen years old,1795,"Reboul, French Emigration thesis 2014"
Anonymous,La Curiosité or the Gallante Show,1797,"Reboul, French Emigration thesis 2014"
"Lage de Volude, Béatrix Stéphanie",Souvenirs d'émigration de Madame la Marquise de Lage de Volude 1792-1794,1869,"Reboul, French Emigration thesis 2014"
"Lambert, abbé",Mémoires de famille de l'abbé Lambert dernier confesseur du Duc de Penthièvre,1894,"Reboul, French Emigration thesis 2014"
"Lameth, Théodore de",Mémoires (ed. Eugène Welvert),1913,"Reboul, French Emigration thesis 2014"
Anonymous,Les Héros de l'émigration ou l'éloge de la besace,1801,"Reboul, French Emigration thesis 2014"
Louis-Philippe,Mémoires de Louis-Philippe duc d'Orléans (ed. Comte de Paris),1973,"Reboul, French Emigration thesis 2014"
"Marcillac, Pierre-Louis-Auguste de Crusy de",Souvenirs de l'émigration ou mémoires du marquis de Marcillac,1825,"Reboul, French Emigration thesis 2014"
"Maistre, Joseph de",Considérations sur la France: édition critique (ed. Jean-Louis Darcel),1980,"Reboul, French Emigration thesis 2014"
"Mallet du Pan, Jacques",Mémoires et Correspondance de Mallet Du Pan,1851,"Reboul, French Emigration thesis 2014"
"Marcillac, Louis de",Souvenirs de l'émigration à l'usage de l'époque actuelle,1825,"Reboul, French Emigration thesis 2014"
"Matthias, Thomas James",A Letter to the Marquis of Buckingham on the subject of the emigrant French priests,1796,"Reboul, French Emigration thesis 2014"
"Du Maurier, Daphne",The glass-blowers,1963,"Reboul, French Emigration thesis 2014"
"Montgaillard, Jean Gabriel M. Roques comte de",Mémoires secrets pendant les années de son émigration,1804,"Reboul, French Emigration thesis 2014"
"Montjoie, Christophe de called Galard de",Histoire de la conjuration de Louis-Philippe-Joseph d'Orléans surnommé Égalité,1796,"Reboul, French Emigration thesis 2014"
"Moore, Thomas",Anacreon M.P. or the Blue Stockings,1811,"Reboul, French Emigration thesis 2014"
"More, Hannah",Address in behalf of the French emigrant clergy,1793,"Reboul, French Emigration thesis 2014"
"Orczy, Emmuska",The Scarlet Pimpernel: A Romance,1907,"Reboul, French Emigration thesis 2014"
"Pictet, François-Pierre",A Letter to a Foreign Nobleman on the Present situation of France,1793,"Reboul, French Emigration thesis 2014"
"Simon, Louis",Voyage d'un Français en Angleterre dans les années 1810-1811,1816,"Reboul, French Emigration thesis 2014"
"Staël, Germaine de",Dix Années D'exil,1906,"Reboul, French Emigration thesis 2014"
"Staël, Germaine de",Réflexions sur la paix addressées à Mr Pitt et aux Français,1795,"Reboul, French Emigration thesis 2014"
"Tarente, Louise-Emmanuelle de Châtillon",Souvenirs de la princesse de Tarente 1789-1792,1897,"Reboul, French Emigration thesis 2014"
"Tilly, Alexandre de",Mémoires du comte Alexandre de Tilly pour servir à l'histoire des moeurs de la fin du XVIIIe siècle,1986,"Reboul, French Emigration thesis 2014"
Anonymous,The emigrant in London a drama in five acts by an emigrant,1795,"Reboul, French Emigration thesis 2014"
"La Tour du Pin, Lucy de",Mémoires de la marquise de La Tour Du Pin: journal d'une femme de cinquante ans,2006,"Reboul, French Emigration thesis 2014"
"Ude, Louis Eustache",The French Cook; or the Art of Cookery Developed in All Its Various Branches,1813,"Reboul, French Emigration thesis 2014"
"Vigée-Lebrun, Elisabeth",Souvenirs 3 vols,1835-1837,"Reboul, French Emigration thesis 2014"
"Villeneuve-Laroche-Bernaud, Louis-Gabriel de",Mémoires sur l'expédition de Quiberon,1819,"Reboul, French Emigration thesis 2014"
"Wake, William Robert",Two Sermons Preached in the Parish Church of St. Michael on the Fast-Day and for the Emigrant French Clergy,1793,"Reboul, French Emigration thesis 2014"
"Walsh, Joseph-Alexis",Souvenirs de cinquante ans,1845,"Reboul, French Emigration thesis 2014"
"Williams, William Bell",The Good Samaritan; Or Charity to Strangers Recommended (sermon for the French Refugee Clergy),1793,"Reboul, French Emigration thesis 2014"
"Williams-Wynn, Frances",Diary of a Lady of Quality from 1797 to 1844,1864,"Reboul, French Emigration thesis 2014"
"Wilson, Harriette",Memoirs of herself and others,1825,"Reboul, French Emigration thesis 2014"
"Wordsworth, William",Ecclesiastical Sketches,1822,"Reboul, French Emigration thesis 2014"
,Elizabeth Robinson Montagu Collection (MO 1-6923),1688-1800,"Sairio, Bluestocking Network thesis 2009"
,MS. Add. 40663 (Montagu correspondence),18c,"Sairio, Bluestocking Network thesis 2009"
,MS. Add. 42087 (Montagu correspondence),18c,"Sairio, Bluestocking Network thesis 2009"
"Montagu, Matthew (ed.)","The Letters of Mrs Elizabeth Montagu, with some of the Letters of her Correspondents (4 vols)",1809-1813,"Sairio, Bluestocking Network thesis 2009"
"Climenson, Emily J. (ed.)","Elizabeth Montagu, the Queen of the Bluestockings: Her Correspondence from 1720 to 1761 (2 vols)",1906,"Sairio, Bluestocking Network thesis 2009"
"Blunt, Reginald (ed.)",Mrs Montagu 'Queen of the Blues': Her Letters and Friendships from 1762 to 1800 (2 vols),1923-1924,"Sairio, Bluestocking Network thesis 2009"
"Doran, John",A Lady of the Last Century (Mrs Elizabeth Montagu): Illustrated in her Unpublished Letters,1873,"Sairio, Bluestocking Network thesis 2009"
"Pennington, Montagu (ed.)","Letters from Mrs Elizabeth Carter to Mrs Montagu, between the Years 1755 and 1800 (3 vols)",1817,"Sairio, Bluestocking Network thesis 2009"
"Carter, Elizabeth; Talbot, Catherine","A Series of Letters between Mrs. Elizabeth Carter and Miss Catherine Talbot, 1741-1770; also Letters from Mrs Carter to Mrs Vesey, 1763-1787",1809,"Sairio, Bluestocking Network thesis 2009"
"Delany, Mary","The Autobiography and Correspondence of Mary Granville, Mrs Delany (6 vols)",1861-1862,"Sairio, Bluestocking Network thesis 2009"
"Piozzi, Hester Lynch",The Piozzi Letters (vols 1-3),1989-1993,"Sairio, Bluestocking Network thesis 2009"
"Walpole, Horace",The Yale Edition of Horace Walpole's Correspondence (48 vols),1937-1983,"Sairio, Bluestocking Network thesis 2009"
"Burney, Frances",The Journals and Letters of Fanny Burney (Madame d'Arblay),1972-1984,"Sairio, Bluestocking Network thesis 2009"
"Gaussen, Alice C. C. (ed.)",A Later Pepys: The Correspondence of Sir William Weller Pepys (2 vols),1904,"Sairio, Bluestocking Network thesis 2009"
"Kelly, Gary (ed.)","Bluestocking Feminism: Writings of the Bluestocking Circle, 1738-1785 (6 vols)",1999,"Sairio, Bluestocking Network thesis 2009"
"Pohl, Nicole (ed.)",The Letters of Sarah Scott (2 vols),2014,"Sairio, Bluestocking Network thesis 2009"
"Ash, John",Grammatical Institutes,1760,"Sairio, Bluestocking Network thesis 2009"
"Fisher, Ann",A New Grammar,1753,"Sairio, Bluestocking Network thesis 2009"
"Fisher, Ann",The New English Tutor,1762,"Sairio, Bluestocking Network thesis 2009"
"Lowth, Robert",A Short Introduction to English Grammar,1762,"Sairio, Bluestocking Network thesis 2009"
"Priestley, Joseph",The Rudiments of English Grammar,1761,"Sairio, Bluestocking Network thesis 2009"
"Johnson, Samuel",A Dictionary of the English Language,1755,"Sairio, Bluestocking Network thesis 2009"
"Blair, Hugh",Lectures on Rhetoric and Belles Lettres,1783,"Sairio, Bluestocking Network thesis 2009"
"Harris, James",Hermes: or a Philosophical Inquiry Concerning Universal Grammar,1751,"Sairio, Bluestocking Network thesis 2009"
"Montagu, Elizabeth",An Essay on the Writings and Genius of Shakespear,1769,"Sairio, Bluestocking Network thesis 2009"
,A Collection For Improvement of Husbandry and Trade,1660-1750,"Harbor, Birth of the Music Business thesis 2013"
,Athenian Gazette: or Casuistical Mercury,1660-1750,"Harbor, Birth of the Music Business thesis 2013"
,British Journal,1660-1750,"Harbor, Birth of the Music Business thesis 2013"
,British Journal or the Censor,1660-1750,"Harbor, Birth of the Music Business thesis 2013"
,British Mercury,1660-1750,"Harbor, Birth of the Music Business thesis 2013"
,Champion: or Evening Advertisor,1660-1750,"Harbor, Birth of the Music Business thesis 2013"
,Common Sense: Or The Englishman's Journal,1660-1750,"Harbor, Birth of the Music Business thesis 2013"
,Country Journal: or the Craftsman,1660-1750,"Harbor, Birth of the Music Business thesis 2013"
,Daily Advertisor,1660-1750,"Harbor, Birth of the Music Business thesis 2013"
,Daily Courant,1660-1750,"Harbor, Birth of the Music Business thesis 2013"
,Daily Gazetteer,1660-1750,"Harbor, Birth of the Music Business thesis 2013"
,Daily Journal,1660-1750,"Harbor, Birth of the Music Business thesis 2013"
,Daily Post,1660-1750,"Harbor, Birth of the Music Business thesis 2013"
,Dawk's News-Letter,1660-1750,"Harbor, Birth of the Music Business thesis 2013"
,English Post with News Foreign and Domestick,1660-1750,"Harbor, Birth of the Music Business thesis 2013"
,Evening Post,1660-1750,"Harbor, Birth of the Music Business thesis 2013"
,Flying Post: or the Post Master,1660-1750,"Harbor, Birth of the Music Business thesis 2013"
,Fog's Weekly Journal,1660-1750,"Harbor, Birth of the Music Business thesis 2013"
,General Advertiser,1660-1750,"Harbor, Birth of the Music Business thesis 2013"
,General Evening Post (London),1660-1750,"Harbor, Birth of the Music Business thesis 2013"
,Grub Street Journal,1660-1750,"Harbor, Birth of the Music Business thesis 2013"
,Kingdomes Intelligencer,1660-1750,"Harbor, Birth of the Music Business thesis 2013"
,Kingdoms Intelligencer,1660-1750,"Harbor, Birth of the Music Business thesis 2013"
,London Daily Post and General Advertisor,1660-1750,"Harbor, Birth of the Music Business thesis 2013"
,London Evening Post,1660-1750,"Harbor, Birth of the Music Business thesis 2013"
,London Gazette,1660-1750,"Harbor, Birth of the Music Business thesis 2013"
,London Journal,1660-1750,"Harbor, Birth of the Music Business thesis 2013"
,London Post with Intelligence Foreign and Domestick,1660-1750,"Harbor, Birth of the Music Business thesis 2013"
,Loyal Protestant and True Domestick Intelligence,1660-1750,"Harbor, Birth of the Music Business thesis 2013"
,Mercurius Politicus,1660-1750,"Harbor, Birth of the Music Business thesis 2013"
,Mercurius Publicus: Comprising The Sum of Forraign Intelligence,1660-1750,"Harbor, Birth of the Music Business thesis 2013"
,Mist's Weekly Journal,1660-1750,"Harbor, Birth of the Music Business thesis 2013"
,New State of Europe or A True Account of Publick Transactions and Learning,1660-1750,"Harbor, Birth of the Music Business thesis 2013"
,Original Weekly Journal,1660-1750,"Harbor, Birth of the Music Business thesis 2013"
,Parker's Penny Post,1660-1750,"Harbor, Birth of the Music Business thesis 2013"
,Parliamentary Intelligencer,1660-1750,"Harbor, Birth of the Music Business thesis 2013"
,Penny London Morning Advertisor,1660-1750,"Harbor, Birth of the Music Business thesis 2013"
,Post Boy (A. Roper),1660-1750,"Harbor, Birth of the Music Business thesis 2013"
,Publick Occurrences Truly Stated,1660-1750,"Harbor, Birth of the Music Business thesis 2013"
,Read's Weekly Journal: or British Gazetteer,1660-1750,"Harbor, Birth of the Music Business thesis 2013"
,St. James's Evening Post,1660-1750,"Harbor, Birth of the Music Business thesis 2013"
,The English Post,1660-1750,"Harbor, Birth of the Music Business thesis 2013"
,The Evening General Post,1660-1750,"Harbor, Birth of the Music Business thesis 2013"
,The Guardian,1660-1750,"Harbor, Birth of the Music Business thesis 2013"
,The Intelligencer; Published For the Satisfaction and Information of the People,1660-1750,"Harbor, Birth of the Music Business thesis 2013"
,The Post Man: and Historical Account,1660-1750,"Harbor, Birth of the Music Business thesis 2013"
,The Protestant Mercury,1660-1750,"Harbor, Birth of the Music Business thesis 2013"
,The Spectator,1660-1750,"Harbor, Birth of the Music Business thesis 2013"
,The St. James's Post. With the best occurrences foreign and domestick,1660-1750,"Harbor, Birth of the Music Business thesis 2013"
,The Tatler,1660-1750,"Harbor, Birth of the Music Business thesis 2013"
,The Weekly Journal; with Fresh Advices Foreign and Domestick,1660-1750,"Harbor, Birth of the Music Business thesis 2013"
,Universal Journal,1660-1750,"Harbor, Birth of the Music Business thesis 2013"
,Universal Spectator and Weekly Journal,1660-1750,"Harbor, Birth of the Music Business thesis 2013"
,"Weekly Journal: or Saturday's Post, with Fresh advice Foreign and domestick",1660-1750,"Harbor, Birth of the Music Business thesis 2013"
,Weekly Journal; or British Gazetteer being the Freshest advices Foreign and domestick,1660-1750,"Harbor, Birth of the Music Business thesis 2013"
,Weekly Miscellany,1660-1750,"Harbor, Birth of the Music Business thesis 2013"
,Weekly Packet,1660-1750,"Harbor, Birth of the Music Business thesis 2013"
,"Academy of Vocal Music, 'Orders' and Other Documents Relating to the Academy of Vocal Musick 1726-31",1726-1731,"Harbor, Birth of the Music Business thesis 2013"
"Burney, C. D. D.",A Manuscript Index to the Burney Collection of Newspapers [London Newspapers 1603-1817],n.d.,"Harbor, Birth of the Music Business thesis 2013"
,Early English Newspapers [microfilm collection],1978,"Harbor, Birth of the Music Business thesis 2013"
,"McGuinness, R.",Register of Music in London Newspapers 1660-1750 [database],Royal Holloway University of London
,The Burney Collection of Newspapers [digitised],n.d.,"Harbor, Birth of the Music Business thesis 2013"
,Nichols Collection of Newspapers,n.d.,"Harbor, Birth of the Music Business thesis 2013"
"Banister, J.","Musick; or a Parley of Instruments. [Songs, Etc.] the First Part",1676,"Harbor, Birth of the Music Business thesis 2013"
"Addison, J.",The Spectator No. 403,1712,"Harbor, Birth of the Music Business thesis 2013"
Anon.,The Actors Remonstrance,1643,"Harbor, Birth of the Music Business thesis 2013"
Anon.,"Letters from the Academy of Ancient Musick at London, to Sigr Antonio Lotti of Venice: With His Answers and Testimonies",1732,"Harbor, Birth of the Music Business thesis 2013"
"Arber, E. (Ed.)",The Term Catalogues 1668-1709 A.D.; with a Number for Easter Term 1711 A.D.,1903,"Harbor, Birth of the Music Business thesis 2013"
"Ashbee, A.",Records of English Court Music Volume 1 (1660-1685),1986,"Harbor, Birth of the Music Business thesis 2013"
"Ashbee, A.",Records of English Court Music VI (1558-1603),1992,"Harbor, Birth of the Music Business thesis 2013"
"Ashbee, A. et al.",A Biographical Dictionary of English Court Musicians 1485-1714,1998,"Harbor, Birth of the Music Business thesis 2013"
"Avery, E. L. (Ed.)",The London Stage 1660-1800: Part 2: 1700-29,1960,"Harbor, Birth of the Music Business thesis 2013"
"Bliss, P. (Ed.)",Athenae Oxoniensis [Anthony A Wood],1813,"Harbor, Birth of the Music Business thesis 2013"
"Bond, D. F. (Ed.)",The Tatler,1987,"Harbor, Birth of the Music Business thesis 2013"
"Boyce, W.",Cathedral Music (collection in Score),1760-1773,"Harbor, Birth of the Music Business thesis 2013"
"Bray, W. (Ed.)",The Diary of John Evelyn,1901,"Harbor, Birth of the Music Business thesis 2013"
"Burney, C.",A General History of Music from the Earliest Ages to the Present Period,1776-1789,"Harbor, Birth of the Music Business thesis 2013"
"Campbell, R. E. o. L.",The London Tradesman,1747,"Harbor, Birth of the Music Business thesis 2013"
"Cibber, C.",Apology for the Life of Colley Cibber Comedian,1756,"Harbor, Birth of the Music Business thesis 2013"
"Clark, A.",The Life and Times of Anthony Wood,1891-1900,"Harbor, Birth of the Music Business thesis 2013"
"Defoe, D.",A Tour Thro' Great Britain,1724-27,"Harbor, Birth of the Music Business thesis 2013"
"Defoe, D.",The Complete English Tradesman,1726,"Harbor, Birth of the Music Business thesis 2013"
"Diesineer, G.","Instrumental Ayrs in Three, and Four Parts, Two Trebbles, Tenor and Bass",1682,"Harbor, Birth of the Music Business thesis 2013"
"Firth, C. H. & Rait, R. S. S.","Acts and Ordinances of the Interregnum, 1642-1660",1911,"Harbor, Birth of the Music Business thesis 2013"
"Ginger, J. (Ed.)",Handel's Trumpeter: The Diary of John Grano,1998,"Harbor, Birth of the Music Business thesis 2013"
"Hawkins, J.",An Account of the Institution and Progress of the Academy of Ancient Music,1770,"Harbor, Birth of the Music Business thesis 2013"
"Hawkins, J.",A General History of the Science and Practice of Music,1776,"Harbor, Birth of the Music Business thesis 2013"
"Highfill, P. H. et al.","A Biographical Dictionary of Actors, Actresses, Musicians, Dancers, Managers & Other Stage Personnel in London 1660-1800",1973-1991,"Harbor, Birth of the Music Business thesis 2013"
"Hughes, J.","Poems on Several Occasions, with Some Select Essays",1735,"Harbor, Birth of the Music Business thesis 2013"
"Husk, W. H.",An Account of the Musical Xelebrations on St. Cecilia's Day,1857,"Harbor, Birth of the Music Business thesis 2013"
"Johnson, S.",A Dictionary of the English Language,1755,"Harbor, Birth of the Music Business thesis 2013"
"Johnson, S.",The Idler (Universal Chronicle No. 40),1759,"Harbor, Birth of the Music Business thesis 2013"
"Latham, R. & Matthews, W. (Eds.)",The Diary of Samuel Pepys,1995,"Harbor, Birth of the Music Business thesis 2013"
"Lee, S. & Major, D. (Eds.)","A Collection of the Names of the Merchants Living in and About the City of London, 1677",1677,"Harbor, Birth of the Music Business thesis 2013"
"Mace, T.",Musick's Monument,1676,"Harbor, Birth of the Music Business thesis 2013"
"Mattheson, J.",Das Neu-Eroffnete Orchestre,1713,"Harbor, Birth of the Music Business thesis 2013"
"Milhous, J. & Hume, R. D. (Eds.)",Vice Chamberlain Coke's Theatrical Papers 1706-1715,1982,"Harbor, Birth of the Music Business thesis 2013"
"Moreton, A.","Augusta Triumphans: Or, the Way to Make London the Most Flourishing City in the Universe",1729,"Harbor, Birth of the Music Business thesis 2013"
"Morris, C. (Ed.)","The Illustrated Journeys of Celia Fiennes, 1685-c.1712",1995,"Harbor, Birth of the Music Business thesis 2013"
"Mortimer, T.","The Universal Director: Or, the Nobleman and Gentleman's True Guide",1763,"Harbor, Birth of the Music Business thesis 2013"
,Musical Society at the Castle Tavern — The by-Laws of the Musical Society at the Castle-Tavern in Pater Noster Row,1731,"Harbor, Birth of the Music Business thesis 2013"
"Quarrell, W. H. & Mare, M. (Eds.)",London in 1710 from the Tavels of Zacharias Conrac Von Uffenbach,1934,"Harbor, Birth of the Music Business thesis 2013"
"Rand, B. (Ed.)",The Correspondence of George Berkeley and Sir John Percival,1914,"Harbor, Birth of the Music Business thesis 2013"
"Reed, J.",The Retort Courteous; or a Candid Appeal to the Public on the Conduct of Thomas Linley Esq,1787,"Harbor, Birth of the Music Business thesis 2013"
"Rylands, W. H. (Ed.)",The Book of the Fundamental Constitutions and Orders of the Philo Musicae Et Architecturae Societas London 1725-1727,1900,"Harbor, Birth of the Music Business thesis 2013"
"Scouten, A. H.",The London Stage 1660-1800: Part 3: 1729-1747,1960,"Harbor, Birth of the Music Business thesis 2013"
"Smith, A.",An Inquiry into the Nature and Causes of the Wealth of Nations,1776,"Harbor, Birth of the Music Business thesis 2013"
"Stone, G. W. Jr.",The London Stage 1660-1800: Part 4: 1747-1776,1962,"Harbor, Birth of the Music Business thesis 2013"
"Strype, J. (Ed.)",A Survey of the Cities of London and Westminster,1720,"Harbor, Birth of the Music Business thesis 2013"
"Van Lennep, W. (Ed.)",The London Stage 1660-1800: Part 1: 1660-1700,1965,"Harbor, Birth of the Music Business thesis 2013"
"Van Lennep, W. et al. (Eds.)","The London Stage 1660-1800: A Calendar of Plays, Entertainments and Afterpieces [complete]",1960-1968,"Harbor, Birth of the Music Business thesis 2013"
"Vanderlint, J.","Money Answers All Things; or, an Essay to Make Money Sufficiently Plentiful",1734,"Harbor, Birth of the Music Business thesis 2013"
"Ward, E.","A Compleat and Humorous Account of All the Remarkable Clubs and Societies in the Cities of London and Westminster""",1745,"Harbor, Birth of the Music Business thesis 2013"
"Wilson, J.",Roger North on Music: Being a Selection from His Essays Written During the Years C.1695-1728,1959,"Harbor, Birth of the Music Business thesis 2013"
"Jordan, R. & Love, H. (Eds.)",The Works of Thomas Southerne,1988,"Harbor, Birth of the Music Business thesis 2013"
"Shute, J. D.",Anthony a Wood and His Manuscript Wood D 19(4) at the Bodleian Library Oxford: An Annotated Transcription,n.d.,"Harbor, Birth of the Music Business thesis 2013"
"Venn, J. A. (Ed.)",Alumni Cantabrigienses,1922-54,"Harbor, Birth of the Music Business thesis 2013"
"Williams, C. F. A.",A Short Historical Account of the Degrees in Music at Oxford and Cambridge,1894,"Harbor, Birth of the Music Business thesis 2013"
"Chapone, Hester","Letters on the Improvement of the Mind, 2 vols",1773,"McCartney, BJ vol 17 (2020)"
"Fordyce, James","Sermons to Young Women, 2 vols",1766,"McCartney, BJ vol 17 (2020)"
"Gregory, John","A Father's Legacy to his Daughters",1774,"McCartney, BJ vol 17 (2020)"
"Hastings, Warren","Memoirs Relative to the State of India",1787,"Wallace, BJ vol 15 (2018)"
"Holwell, John Zephaniah","A Genuine Narrative of the Deplorable Deaths...Black Hole",1758,"Wallace, BJ vol 15 (2018)"
"Bolts, William","Considerations on India Affairs",1772,"Wallace, BJ vol 15 (2018)"
"Macaulay, Thomas Babington","Essay on Warren Hastings",1841,"Wallace, BJ vol 15 (2018)"
"Campbell, R.","The London Tradesman",1747,"Fleming, BJ vol 14 (2017)"
"Burney, Frances","Holograph Notebooks: Themes in French 1802-1806 (4 vols MS Berg NYPL)",1806,"Gemmill, BJ vol 12 (2012)"
"Piozzi, Hester Lynch Thrale","Thraliana: The Diary 1776-1809",1942,"Zionkowski, BJ vol 16 (2019)"
"Cradock, Joseph","Literary and Miscellaneous Memoirs, 4 vols",1828,"Hudson, BJ vol 16 (2019)"
"Hall, D.G.E.","Henry Burney: A Political Biography",1974,"Henry Burney agent research (OUP/SOAS; based on Cambridge RCMS 65)"
"Vajiranana National Library","The Burney Papers, 5 vols",1914,"Henry Burney agent research (Bangkok; primary source edition of Siam mission)"
"Burney, Henry","Notice of Pugan, the Ancient Capital of the Burmese Empire (JASB vol 4)",1835,"Henry Burney agent research"
"Bayfield, G.T. / Burney, Henry","Historical Review of the Political Relations between British India and Ava",1835,"Henry Burney agent research (Calcutta: Samuel Smith; 75pp)"
"Firminger, Walter K.","Madame D'Arblay and Calcutta (Bengal Past and Present IX/II)",1914,"RTB agent research (Archive.org: in.ernet.dli.2015.32678)"
"Manwaring, G.E.","My Friend the Admiral: Life of Rear-Admiral James Burney",1931,"James Burney agent research (London: Routledge; 313pp)"
"Hooper, Beverley (ed.)","With Captain James Cook in the Antarctic and Pacific: Private Journal of James Burney",2007,"James Burney agent research (NLA)"
"Broome, Ralph","Letters of Simkin the Second to his dear brother in Wales",1788,"Broome agent research (Archive.org: lettersofsimkins00brooiala)"
"Broome, Ralph","An Elucidation of the Articles of Impeachment preferred against Warren Hastings",1790,"Broome agent research (Google Books: 38FeAAAAcAAJ; HathiTrust: 100166621)"
"Clark, Lorna (ed.)","The Letters of Sarah Harriet Burney",1997,"James Burney agent research (U of Georgia Press)"
"Clark, Lorna (ed.)","Letters of Dr Charles Burney, vol. 2 (1785-1793)",2014,"RTB agent research — likely contains letters about Richard's dispatch to India"
"Chevalier, Noel","Redeeming the Nabob: Frances Burney, Warren Hastings, and A Busy Day (BJ vol 2)",1999,"Wider Burney-Asia agent research"
"Bolton, Betsy","Imperial Sensibilities, Colonial Ambivalence: Edmund Burke and Frances Burney (ELH 72:4)",2005,"Wider Burney-Asia agent research (Project MUSE)"
"Zerne, Lori Halvorsen","Having a Lesson of Attention from Omai: Frances Burney and Racial Difference (BJ vol 10)",2010,"Wider Burney-Asia agent research"
"Blackmore, Thuang","Catalogue of the Burney Parabaiks in the India Office Library",1985,"Wider Burney-Asia agent research (BL IOL)"
"Burney, Charles Sr","Holograph report on forming a musical band for Lord Macartney's Chinese Embassy",1792,"Wider Burney-Asia agent research (MS at NYPL Berg)"
"Frances Burney's A Busy Day and the Family Business (RAEI vol 40)",,"2024","Wider Burney-Asia agent research (open access: rua.ua.es)"
"Documenta Nepalica","DNA_0001_0032 — Nepalese document referencing Major Burney",1838,"nepalica.hadw-bw.de/nepal/ontologies/viewitem/54 — Henry Burney in pre-modern Nepalese legal records"
