letter_number,direction,correspondent,date,year
1,to,Gregory Hickman,"Lichfield, Oct. 30, 1731",1731
2,to,[unknown],"Lichfield, July 27, 1732",1732
3,to,Edward Cave,"Birmingham, November 25, 1734",1734
4,to,Edward Cave,"Greenwich, July 12, 1737",1737
5,to,Edward Cave,"Castle Street, Wednesday Morning, , 1738",1738
6,to,Edward Cave,"6 Castle Street, Monday, -, 1738",1738
7,to,Edward Cave,"London, 1738",1738
8,to,Edward Cave,"London, 1738",1738
9,to,Edward Cave,"London, Wednesday, , 1738",1738
10,to,Edward Cave,"London, 1738",1738
11,to,Edward Cave,"London, 1738",1738
12,to,Mrs. Johnson (wife),[1739],1739
13,to,Lewis Paul,"St. John s Gate, January 3ist, 1740-41",1740
14,to,Lewis Paul,"At the Black Boy, over against Durham Yard, Strand, March 31st, 1741",1741
15,to,Edward Cave,"London, 1742.",1742
16,to,Edward Cave,"London, 1742.",1742
17,to,Dr. Taylor,,
18,to,Dr. Birch,"London, September 29, 1743",1743
19,to,John Levett,"December i, 1743",1743
20,to,John Levett,,
21,to,[?John Levett],,
22,to,[?John Levett],,
23,to,Mr. Urban,"August, 1744",1744
24,to,James Elphinston,,
25,to,Lucy Porter,"Goff Square 2 , July 12, 1749",1749
27,to,Printer of the General Advertiser,"London, April 4, 1750.",1750
28,to,Dr. Birch,"Gough Square, May 12, 1750",1750
29,to,James Elphinston,"London, 1750.",1750
30,to,James Elphinston,"London, September 25, 1750",1750
32,to,John Newbery,,
33,to,John Newbery,,
34,to,John Newbery,". Aug. 24, 1751-",1751
35,to,William Strahan,,
36,to,[unknown],"London, December 10, 1751",1751
37,to,William Strahan,,
38,to,William Strahan,,
39,to,William Strahan,,
40,to,John Levett,,
41,to,Dr. Taylor,"London, March 17, 1752. Mentioned in the Life, i. 238",1752
42,to,Dr. Taylor,"March 18, 1752",1752
43,to,Dr. Birch,,
44,to,Mrs. Thrale,,
45,to,Dr. Birch,,
46,to,Joseph Warton,"London, March 8, 1753",1753
47,to,William Strahan,,
48,to,Samuel Richardson,"ters, edited by Rebecca Warner, May 17, 1755",1755
49,to,Samuel Richardson,"September 26, 1753-",1753
50,to,Dr. Birch,,
51,to,Joseph Warton,,
52,to,William Strahan,"Perhaps written at Oxford in July, 1754.",1754
53,to,Thomas Warton,"London, July 16, 1754",1754
54,to,Robert Chambers,"London, November 21, 1754",1754
55,to,Thomas Warton,"London, November 28, 1754",1754
56,to,Thomas Warton,"London, December 21, 1754",1754
57,to,Joseph Warton,"London, Dec. 24th, 1754",1754
58,to,Thomas Warton,"London, February 4, 1755",1755
59,to,Thomas Warton,"London, February 4, 1755",1755
60,to,Thomas Warton,"London, February 13, 1755",1755
61,to,Earl of Chesterfield,"London, February 7, 1755",1755
62,to,Thomas Warton,"London, February, 1755",1755
63,to,Vice-Chancellor of Oxford,"London, February 26, 1755",1755
64,to,Thomas Warton,"London, March 20, 1755",1755
65,to,Thomas Warton,"London, March 25, 1755",1755
66,to,Dr. Birch,"London, March 29, 1755",1755
67,to,Dr. Burney,"Gough Square, April 8, 1755",1755
68,to,John Nichols,,
69,to,Edmund Hector,,
70,to,Bennet Langton,"London, May 6, 1755",1755
71,to,Thomas Warton,"London, May 13, 1755",1755
72,to,Thomas Warton,"London, June 10, 1755",1755
73,to,Thomas Warton,"London, June 24, 1755",1755
74,to,[unknown lady],"J ul y *9, 1755-",1755
75,to,Thomas Warton,"London, August 7, 1755",1755
76,to,Dr. Birch,,
77,to,Lewis Paul,,
78,to,Miss Boothby,"well, p. 100. Corrected by me from 1759, is recorded in the Gentleman s",1759
79,to,Miss Boothby,,
80,to,Miss Boothby,"January i, 1755 1756-",1755
81,to,Samuel Richardson,March 9&gt; 1750-1,1750
82,to,Miss Boothby,"Saturday, Jan. 3, 1756",1756
83,to,Lewis Paul,"January 6, 1756",1756
84,to,Mrs. Thrale,,
85,to,Dr. Birch,"Jan. 9, 1756",1756
86,to,Lewis Paul,"Tuesday, Jan. 13, 1755 i756 2",1755
87,to,Miss Carter,,
88,to,John Ryland,"g IR London, January, 1756.",1756
89,to,Edward Cave,"DEAR SIR London, January, 1756.",1756
90,to,Samuel Richardson,"Tuesday, Feb. 19, 1756",1756
91,to,Lewis Paul,"Cjp London, Wednesday, 1756",1756
92,to,Lewis Paul,,
93,to,Dr. Hawkesworth,,
94,to,Mrs. Thrale,,
95,to,Dr. Birch,,
96,to,Joseph Warton,"April i S th, 1756",1756
97,to,Dr. Birch,,
98,to,Dr. Taylor,,
99,to,Lewis Paul,"December 8, 1763 : I love to see the same reluctance. Wordsworth s",1763
100,to,Lewis Paul,"Wednesday, 1756",1756
101,to,Lewis Paul,"Saturday, 1756",1756
102,to,Lewis Paul,,
103,to,Edmund Hector,,
104,to,Lewis Paul,"Oct. 8, 1756",1756
106,to,Dr. Taylor,,
107,to,Charles O'Connor,"London, April 9, 1757",1757
108,to,Edmund Hector,,
109,to,Thomas Warton,"London, June 21, 1757. Life, i. 322",1757
110,to,Bennet Langton,"London, June 28, 1757",1757
112,to,Dr. Burney,"Gough Square, December 24, 1757",1757
113,to,Dr. Burney,"London, March, 8, 1758",1758
114,to,Thomas Warton,"London, April 14, 1758",1758
115,to,Thomas Warton,"London, June i, 1758",1758
116,to,Bennet Langton,"London, September 21, 1758",1758
117,to,Bennet Langton,"January 9, 1759 misdated 1758",1759
118,to,Mrs. Johnson,,
119,to,[unknown lady],,
120,to,Mrs. Johnson,,
121,to,Mrs. Johnson,,
122,to,Mrs. Thrale,,
123,to,Mrs. Johnson,,
124,to,Mrs. Thrale,,
125,to,Lucy Porter,,
126,to,Mrs. Thrale,,
127,to,Lucy Porter,,
128,to,Mrs. Thrale,,
129,to,Lucy Porter,,
130,to,John Nichols,,
131,to,Lucy Porter,,
132,to,Mrs. Thrale,,
133,to,Mrs. Montagu,,
134,to,Joseph Simpson,"London, 1759 ?",1759
135,to,Bennet Langton,"London, October 18, 1760",1760
136,to,Mrs. Thrale,,
137,to,Lucy Porter,"Inner Temple Lane 3 , Jan. 13, 1761",1761
138,to,Joseph Baretti,"London, June 10, 1761",1761
139,to,Thomas Percy,,
140,to,Dr. Staunton,"London, June i, 1762",1762
141,to,A Lady,"London, June 8, 1762",1762
142,to,Joseph Baretti,"London, July 20, 1762",1762
143,to,Earl of Bute,"London, July 20, 1762",1762
144,to,Dr. Burney,,
145,to,Earl of Bute,"Temple Lane, November 3, 1762",1762
146,to,Miss Reynolds,"Dec. 21,1762",1762
147,to,Joseph Baretti,"London, December 21, 1762",1762
148,to,Mrs. Thrale,,
149,to,George Strahan,"March 26, 1763",1763
150,to,Lucy Porter,"MY DEAR, April 12, 1763",1763
151,to,George Strahan,,
152,to,George Grenville,,
153,to,Lucy Porter,,
154,to,Mrs. Thrale,,
155,to,George Strahan,,
156,to,Dr. Taylor,,
157,to,Dr. Taylor,,
158,to,Lucy Porter,,
159,to,Dr. Taylor,,
160,to,George Strahan,,
161,to,Dr. Taylor,,
162,to,Miss Reynolds,"Oxford, October 27, 1763",1763
163,to,James Boswell,"London, December 8, 1763",1763
164,to,Lucy Porter,"MY DEAR, London, Jan. 10, 1764",1764
165,to,Dr. Taylor,,
166,to,Sir Joshua Reynolds,"Easton Maudit, August 19, 1764",1764
167,to,William Strahan,,
168,to,David Garrick,"May 18,1765",1765
169,to,David Garrick,,
170,to,Bennet Langton,,
171,to,Dr. Taylor,,
172,to,Mrs. Thrale,,
173,to,Mr. or Mrs. Thrale,Autumn of 1765,1765
174,to,Edward Lye,,
175,to,Dr. Taylor,,
176,to,Joseph Warton,"Oct. Qth, 1765",1765
177,to,Charles Burney,"London, October 16, 1765",1765
178,to,Dr. Leland,,
180,to,Lucy Porter,"Johnson s Court, Fleet Street, Jan. 14, 1766",1766
181,to,James Boswell,"Johnson s Court, January 14, 1766",1766
182,to,Bennet Langton,"Johnson s Court, March 9, 1766",1766
183,to,Bennet Langton,"Johnson s Court, May 10, 1766",1766
184,to,William Drummond,"Johnson s Court, August 13, 1766",1766
185,to,James Boswell,"London, August 21, 1766",1766
186,to,David Garrick,,
187,to,Lucy Porter,,
188,to,Mrs. Salusbury,". February 14, 1767",1767
189,to,William Drummond,"Johnson s Court, April 21, 1767",1767
190,to,Mrs. Thrale,"Lichfield, July 20, 1767",1767
191,to,Mrs. Thrale,,
192,to,Bennet Langton,"Lichfield, October 10, 1767",1767
193,to,William Drummond,"Johnson s Court, October 24, 1767",1767
194,to,Mrs. Thrale,,
195,to,Mrs. Thrale,"New Inn Hall, Oxford 4 , March 3, 1768",1768
196,to,Mrs. Thrale,,
197,to,Mrs. Thrale,"Oxford, March 14, 1768",1768
198,to,Apperley,,
199,to,Mrs. Thrale,"Oxford, March 18, 1768",1768
200,to,James Boswell,"Oxford, March 23, 1768",1768
201,to,Mrs. Thrale,,
202,to,Lucy Porter,"Oxford, April 18, 1768",1768
203,to,Mrs. Thrale,"Oxford, April 19, 1768",1768
204,to,Mrs. Thrale,,
205,to,Mrs. Thrale,"Oxford, May 23, 1768",1768
206,to,F. A. Barnard,"g IR May 28, 1768",1768
207,to,Francis Barber,"London, May 28, 1768",1768
208,to,Mrs. Thrale,"MADAM Johnson s Court, London, June 17, 1768",1768
209,to,Lucy Porter,,
210,to,Mrs. Thrale,"Johnson s Court, London, Nov. 1 1, 1768",1768
211,to,Mrs. Thrale,"Dec. 2, 1768",1768
212,to,David Garrick,"Jan. 17, 1769",1769
213,to,Miss Flint,"MADEMOISELLE, A Londr es, Mars 31, 1769",1769
214,to,Mrs. Thrale,"London, May 18, 1769",1769
215,to,Thomas Warton,"London, May 31, 1769",1769
216,to,Mrs. Thrale,New Inn Hal1 xford &gt; J une 2 7&gt; 1769-,1769
217,to,Mrs. Thrale,"Oxford, June 29, 1769",1769
218,to,Henry Thrale,"CJR New Inn Hall, Oxford, June 29, 1769",1769
219,to,Mrs. Thrale,,
220,to,Mrs. Thrale,"Lichfield, August 14, 1769",1769
221,to,Mrs. Aston,"MADAM Brighthelmstone, August 26, 1769",1769
222,to,James Boswell,"Brighthelmstone, September 9, 1769",1769
223,to,Dr. Taylor,,
224,to,Thomas Percy,,
225,to,James Boswell,"London, November 9, 1769",1769
226,to,Henry Bright,"g IR Johnson s Court, Fleet Street, Jan. 9, 1770",1770
227,to,Dr. Farmer,"Johnson s Court, March 21, 1770",1770
228,to,Mrs. Thrale,,
229,to,Lucy Porter,,
230,to,Thomas Warton,"London, June 23, 1770",1770
231,to,Dr. Taylor,,
232,to,Mrs. Thrale,"Lichfield, July 7, 1770",1770
233,to,Mrs. Thrale,"Lichfield, July il, 1770",1770
234,to,Mrs. Thrale,"Lichfieid, July 14, 1770",1770
235,to,Mrs. Thrale,"Lichfieid, July, 1770",1770
236,to,Mrs. Thrale,", \ Ashboume, July 20, 1770",1770
237,to,Mrs. Thrale,"Ashboume, July 23, 1770",1770
238,to,Francis Barber,"London, September 25, 1770",1770
239,to,Joseph Warton,"London, September 27, 1770",1770
240,to,Mrs. Thrale,,
241,to,Francis Barber,"London, December 7, 1770",1770
242,to,Mrs. Thrale,,
243,to,John Rivington,,
244,to,Mrs. Thrale,,
245,to,Henry Thrale,"London, March, 1771",1771
246,to,Bennet Langton,"London, March 20, 1771",1771
247,to,Miss Langton,"London, April 17, 1771",1771
248,to,Countess de Boufflers,"May 1 6, 1771",1771
249,to,Mrs. Thrale,"London, June 15, 1771",1771
250,to,James Boswell,"London, June 20, 1771",1771
251,to,Mrs. Thrale,"Thursday, June 20, 1771",1771
252,to,Mrs. Thrale,"Lichfield, June 22, 1771",1771
253,to,Mrs. Thrale,"Lichfieid, June 25, 1771",1771
254,to,Mrs. Thrale,"Ashboume, July 3 , 1771",1771
255,to,Mrs. Thrale,"Ashbourne, July 7, 1771",1771
256,to,Mrs. Thrale,,
257,to,Mrs. Thrale,"Ashboume, July 8, 1771-",1771
258,to,Mrs. Thrale,". r Ashboume, July 10, 1771-",1771
259,to,Mrs. Thrale,"Ashboume, July 15, 1771",1771
260,to,Mrs. Thrale,"Ashbourne, July 17, 1771",1771
261,to,Sir Joshua Reynolds,"Ashbourne, July 17, 1771",1771
262,to,Mrs. Thrale,"Ashbourne, July 20, 1771",1771
263,to,Mrs. Thrale,"Ashboume, July 22, 1771",1771
264,to,Dr. Taylor,,
265,to,Henry Thrale,,
266,to,Mrs. Thrale,"Lichfieid, Sat. Aug. 3 , 1771-",1771
267,to,Mrs. Thrale,"Lichfield, Aug. 5, 1771",1771
268,to,Bennet Langton,"London, August 29, 1771",1771
269,to,David Garrick,"DEAR SIR Streatham, Dec. 12, 1771",1771
270,to,Thomas Cadell,,
271,to,Sir Joshua Reynolds,"Johnson s Court, February 27, 1772",1772
272,to,Joseph Banks,"Johnson s Court, February 27, 1772",1772
273,to,Bennet Langton,"London, March 14, 1772",1772
274,to,James Boswell,"London, March 15, 1772",1772
275,to,Dr. Taylor,,
276,to,James Boswell,"London, August 31, 1772",1772
277,to,Dr. Taylor,,
278,to,Dr. Taylor,,
279,to,Mrs. Thrale,"Lichfield, October 19, 1772",1772
280,to,Mrs. Thrale,"Lichfield, October 24, 1772",1772
281,to,Mrs. Thrale,"Ashbourne, October 29, 1772",1772
282,to,Mrs. Thrale,"Ashbourne, October 31, 1772",1772
283,to,Mrs. Thrale,"\ Ashbourne, NOV. 4 , 1772",1772
284,to,Mrs. Thrale,"Ashbourne, Nov. 7, 1772",1772
285,to,Mrs. Thrale,"Ashboume, Nov. 9 , 1772",1772
286,to,Mrs. Thrale,"Ashboume, Nov. 19, 1772",1772
287,to,Mrs. Thrale,"Ashboume, NOV. 23, 1772",1772
288,to,Mrs. Thrale,"Ashboume, NOV. 27, 1772",1772
289,to,Mrs. Thrale,"Lichfield, Dec. 3, 1772",1772
290,to,Edmund Hector,,
291,to,Edmund Hector,,
292,to,James Granger,"London, Dec. 15, 1772.",1772
293,to,Mrs. Thrale,"London, Tuesday, Jan. 26, 1773",1773
294,to,Mrs. Thrale,"Feb. 19, 1773-",1773
295,to,James Boswell,"London, February 24, 1773",1773
296,to,Dr. Hamilton,,
297,to,Mr. B-,"Johnson s Court, March 4, 1773",1773
298,to,Mr. White,"Johnson s Court, March 4, 1773",1773
299,to,W. S. Johnson,,
300,to,Mrs. Thrale,"March 9, 1773",1773
301,to,Mrs. Thrale,"March 11,1773",1773
302,to,Mrs. Thrale,"Johnson s Court, March 17, 1773",1773
303,to,Mrs. Thrale,"March 20, 1773. The Equinox",1773
304,to,Mrs. Thrale,"March 25, 1773",1773
305,to,Oliver Goldsmith,,
306,to,Mrs. Thrale,"Johnson s Court, April 27, 1773",1773
307,to,W. Bagshaw,"London, May 8, 1773",1773
308,to,Mrs. Thrale,"Johnson s Court, May 17, 1773",1773
309,to,Mrs. Thrale,"Johnson s Court, May 22/1773",1773
310,to,Mrs. Thrale,,
311,to,Mrs. Thrale,"Ma y 2 4, 1773-",1773
312,to,Dr. Taylor,"London, June 23, 1773",1773
313,to,James Boswell,"Johnson s Court, July 5, 1773",1773
314,to,James Boswell,"London, August 3, 1773-",1773
315,to,James Boswell,"London, August 3, 1773",1773
316,to,Mrs. Thrale,,
317,to,James Boswell,"Newcastle, August ir, 1773",1773
318,to,Mrs. Thrale,"Newcastle, August 12, 1773",1773
319,to,James Boswell,"Edinburgh, August 14, 1773",1773
320,to,Mrs. Thrale,"Edinburgh, August 17, 1773",1773
321,to,Mrs. Thrale,"Banff 3 , August 25, 1773",1773
322,to,Mrs. Thrale,"Inverness, Aug. 28, 1773",1773
323,to,Mrs. Thrale,"Skie &gt; Sept. 6, 1773-",1773
324,to,Mrs. Thrale,"skie, Sept. 14, 1773",1773
325,to,Lord Elibank,"Skie, September 14, 1773",1773
326,to,Mrs. Thrale,"Skie, Sept. 21, 1773 3",1773
327,to,Mrs. Thrale,"Skie, Sept. 24, 1773 5",1773
328,to,Mrs. Thrale,,
329,to,Mrs. Thrale,"Ostich 2 in skie, Sept. 30, 1773",1773
330,to,Henry Thrale,"isle of Mull, Oct. 15, 1773",1773
331,to,Mrs. Thrale,"Mull, Oct. 15, 1773",1773
332,to,Mrs. Thrale,"HONOURED MISTRESS, Inverary, Oct. 23, 1773",1773
333,to,Henry Thrale,"Inverary, Oct. 23, 1773",1773
334,to,Henry Thrale,"Inverary, Oct. 26, 1773",1773
335,to,Duke of Argyle,"Rosedow, Lochlomond, October 27, 1773",1773
336,to,Mrs. Thrale,"Glasgow, Oct. 28, 1773",1773
337,to,Mrs. Thrale,"HONOURED MISTRESS, Auchinleck, NOV. 3, 1773",1773
338,to,Mrs. Thrale,"Edinburgh, NOV. 12, 1773",1773
339,to,Mrs. Thrale,"Edinburgh, Nov. 18, 1773",1773
340,to,James Boswell,"London, November 27, 1773",1773
341,to,Mrs. Montagu,"Jan. n, 1774-",1774
342,to,Mrs. Thrale,,
343,to,James Boswell,"London, January 29, 1774",1774
344,to,James Boswell,"London, February 7, 1774",1774
345,to,George Steevens,"London, February 7, 1774",1774
346,to,George Steevens,"London, February 21, 1774",1774
347,to,George Steevens,"London, March 5, 1774",1774
348,to,James Boswell,"London, March 5, 1774",1774
349,to,William Strahan,"March 7, 1774",1774
350,to,Mrs. Thrale,,
351,to,Mrs. Thrale,,
352,to,James Boswell,"London, about March 15, 1774",1774
353,to,Warren Hastings,"London, March 30, 1774",1774
354,to,James Boswell,"London, May 10, 1774",1774
355,to,James Boswell,"May 27, 1774.",1774
356,to,James Boswell,"Streatham, June 21, 1774",1774
357,to,James Boswell,"London, July 4, 1774",1774
358,to,Bennet Langton,"London, July 5, 1774",1774
359,to,Robert Levett,"Llewenny, August 16, 1774",1774
360,to,James Boswell,"London, October i, 1774",1774
361,to,John Perkins,"London, October 25, 1774",1774
362,to,James Boswell,"London, October 27, 1774",1774
363,to,James Boswell,"London, November 26, 1774",1774
364,to,William Strahan,,
365,to,Hollyer,,
366,to,John Hoole,"London, December 19, 1774",1774
367,to,Warren Hastings,"London, December 20, 1774",1774
368,to,Mrs. Thrale,,
369,to,Dr. Taylor,,
370,to,Dr. Taylor,,
371,to,James Boswell,"London, January 14, 1775",1775
372,to,Dr. Taylor,"London, January 14, 1775",1775
374,to,James Boswell,"London, January 21, 1775",1775
375,to,James Boswell,"London, January 28, 1775",1775
376,to,Mrs. Thrale,"February 3, 1775",1775
377,to,Dr. Lawrence,"London, February 7, 1775",1775
378,to,Dr. Hamilton,,
379,to,Henry Thrale,"London, end of February, 1775.",1775
380,to,James Boswell,"London, February 25, 1775",1775
381,to,William Strahan,,
382,to,William Strahan,,
383,to,Mrs. Thrale,"University College, Oxford, March 3, 1775",1775
384,to,William Strahan,"Oxford, March 6, 1775",1775
385,to,Dr. Thomas Fothergill,"London, March 26, 1775",1775
386,to,Mrs. Thrale,"Johnson s Court, London, April I, 1775",1775
387,to,Dr. Taylor,,
388,to,Bennet Langton,"London, April 17, 1775",1775
389,to,Laird of Rasay,"London, May 6, 1775",1775
390,to,Mrs. Thrale,"May 12, 1775",1775
391,to,Dr. Leland,"London, May, 1775",1775
392,to,George Faulkner,"London, May, 1775. A Letter introducing Mr. Richard Twiss",1775
393,to,Mrs. Thrale,"May 20, 1775",1775
394,to,Bennet Langton,"London, May 21, 1775",1775
395,to,Mrs. Thrale,,
396,to,Mrs. Thrale,"London, May 24, 1775",1775
397,to,Mrs. Thrale,"May 25, 1775",1775
398,to,James Boswell,"London, May 27, 1775",1775
399,to,Mrs. Thrale,"University College, Oxford, June I, 1775",1775
400,to,Mrs. Thrale,"MADAME, Oxford, June 5, 1775",1775
401,to,Mrs. Thrale,"Oxford, June 6, 1775",1775
402,to,Mrs. Thrale,"Oxford, June 7, 1775",1775
403,to,Mrs. Thrale,"Oxford, June 7, 1775-",1775
404,to,Mrs. Thrale,"Lichfield, June 10, 1775",1775
405,to,Mrs. Thrale,"Lichfidd, June n, 1775",1775
406,to,Mrs. Thrale,"Lichfieid, June 13, 1775",1775
407,to,Mrs. Thrale,"Lichfieid, June 17, 1775",1775
408,to,Mrs. Thrale,"Lichfieid, June 19, 1775",1775
409,to,Mrs. Thrale,"Lichfield, June 21, 1775",1775
410,to,Mrs. Thrale,"June 23, 1775",1775
411,to,Mrs. Thrale,"June 26, 1775-",1775
412,to,Richard Green,"Lichfield or Ashbourne, June 29, 1775",1775
413,to,Mrs. Thrale,"Ashbourne, Saturday, July i, 1775",1775
414,to,Mrs. Thrale,"Ashbourne, July 1775.",1775
415,to,Mrs. Thrale,"Ashbourne, July 6, 1775",1775
416,to,Mrs. Thrale,"Ashbourne, July ? 9, 1775",1775
417,to,Mrs. Thrale,"Ashbourne, July II, 1775",1775
418,to,Mrs. Thrale,"Ashbourne, Wednesday, July 12, 1775",1775
419,to,Mrs. Thrale,"juiy 13, 1775",1775
420,to,Mrs. Thrale,"Ashboume, July 15, 1775",1775
421,to,Mrs. Thrale,"July 17, 1775",1775
422,to,Mrs. Thrale,"Ashbourne, July 20, 1775",1775
423,to,Mrs. Thrale,"Ashbourne, July 21, 1775-",1775
424,to,Mrs. Thrale,"July 24, 1775",1775
425,to,Mrs. Thrale,"Lichfieid, July 26, 1775",1775
426,to,Mrs. Thrale,"July 29, 1775",1775
427,to,Mrs. Thrale,"August i, 1775",1775
428,to,Mrs. Thrale,"Lichfield, August 2, 1775",1775
429,to,Mrs. Thrale,"Lichfieid, August 5, 1775",1775
430,to,Mrs. Desmoulins,"Lichfield, August 5, 1775",1775
431,to,James Boswell,"London, August 27, 1775",1775
432,to,Mrs. Thrale,"London, August 29, 1775",1775
433,to,Lucy Porter,"London, Sept. 9, 1775",1775
434,to,Mrs. Aston and Mrs. Gastrell,"London, September 9, 1775",1775
435,to,James Boswell,"London, September 14, 1775",1775
436,to,Robert Levett,"Calais, September 18, 1775",1775
437,to,Robert Levett,"Paris, October 22, 1775",1775
438,to,James Boswell,"London, November 16, 1775",1775
439,to,Lucy Porter,"London, November 16, 1775",1775
440,to,Dr. Taylor,,
441,to,Edmund Hector,,
442,to,Mrs. Montagu,"Dec. 15, 1775",1775
443,to,Mrs. Montagu,"Dec. 17, 1775",1775
444,to,Lucy Porter,"London, December 17, 1775",1775
445,to,Mrs. Montagu,"Thursday, Dec. 21, 1775",1775
446,to,James Boswell,"London, December 23, 1775",1775
447,to,James Boswell,"London, January 10, 1776",1776
448,to,James Boswell,"London, January 15, 1776",1776
449,to,Dr. Taylor,"London, January 15, 1776",1776
450,to,James Boswell,"London, February 3, 1776",1776
451,to,John Wesley,Feb - 6 &gt; 1776,1776
453,to,Archibald Hamilton,"Feb. 13, 1776",1776
454,to,James Boswell,"London, February 15, 1776",1776
455,to,Dr. Taylor,,
456,to,Dr. John Calder,"SlR, Feb. 19, 1776",1776
457,to,James Boswell,"London, February 24, 1776",1776
458,to,James Boswell,"London, March 5, 1776",1776
459,to,Dr. John Douglas,,
460,to,Edmund Hector,"March 7, 1776",1776
461,to,Dr. Taylor,"March 7, 1776",1776
462,to,James Boswell,"London, March 12, 1776",1776
463,to,Dr. Wetherell,"London, March 12, 1776",1776
464,to,Dr. Taylor,,
465,to,Mrs. Thrale,"Lichfield, March 25, 1776",1776
466,to,Mrs. Thrale,"London, March 30, 1776",1776
467,to,Mrs. Thrale,"London, April i, 1776",1776
468,to,Mrs. Thrale,"April 4, 1776",1776
469,to,Dr. Taylor,"London, April 4, 1776",1776
470,to,Mrs. Thrale,"April 9, 1776",1776
471,to,Miss Reynolds,"April 11,1776",1776
472,to,Earl of Hertford,,
473,to,Dr. Taylor,,
474,to,Miss Reynolds,"April 15, 1776",1776
475,to,James Boswell,"Bath, April, 1776.",1776
476,to,Mrs. Thrale,"London, Monday, May 6, 1776",1776
477,to,Mrs. Thrale,"London, May n, 1776",1776
478,to,Mrs. Thrale,"May 14, 1776",1776
479,to,Mrs. Thrale,"May 16, 1776",1776
480,to,Sir Joshua Reynolds,"London, May 16, 1776",1776
481,to,Mrs. Boswell,"London, May 16, 1776",1776
482,to,Mrs. Thrale,"May 18, 1776",1776
483,to,Mrs. Thrale,"May 22, 1776",1776
484,to,Dr. Adams,,
485,to,Henry Thrale,"Bolt Court, June 3, 1776",1776
486,to,Mrs. Thrale,"June 4, at night 1776",1776
487,to,Mrs. Thrale,"June 5, 1776",1776
488,to,Mrs. Thrale,"June 6, 1776",1776
489,to,Mrs. Thrale,"Junes, 1776",1776
490,to,Miss Reynolds,"June 21, 1776",1776
491,to,Sir Joshua Reynolds,"London, June 22, 1776",1776
492,to,Dr. Taylor,"June 23 ? 26, 1776",1776
493,to,James Boswell,"London, July 2, 1776,",1776
494,to,James Boswell,"London, July 6, 1776",1776
495,to,Francis Fowke,"London, July li, 1776",1776
496,to,Sir Joshua Reynolds,"London, August 3, 1776",1776
497,to,Miss Reynolds,,
498,to,John Ryland,,
500,to,Robert Levett,"Brighthelmstone, October 21, 1776",1776
501,to,John Ryland,,
502,to,James Boswell,"Bolt-court, November 16, 1776",1776
503,to,Thomas Percy,,
504,to,Thomas Percy,,
505,to,James Boswell,"London, December 21, 1776",1776
506,to,Mrs. Thrale,"Wednesday, Jan. 15, One in the morning, 1777",1777
507,to,James Boswell,"London, February 18, 1777",1777
508,to,George Steevens,"London, February 25, 1777",1777
509,to,Mrs. Aston,"Bolt-Court, March 8, 1777",1777
510,to,James Boswell,"London, March n, 1777",1777
511,to,Mrs. Aston,,
512,to,Mrs. Thrale,"March 19, 1777",1777
513,to,Henry Thrale,,
515,to,James Boswell,"May 3, 1777",1777
516,to,Dr. Taylor,,
517,to,Charles O'Connor,"London, May 19, 1777",1777
518,to,Mrs. Thrale,"May 19, 1777",1777
520,to,Charles Jenkinson,"London, June 20, 1777",1777
521,to,Dr. Dodd,"London, June 22, 1777",1777
522,to,James Boswell,"London, June 24, 1777",1777
523,to,Dr. Dodd,"London, June 26, 1777",1777
524,to,James Boswell,"London, June 28, 1777",1777
525,to,Bennet Langton,"London, June 29, 1777",1777
526,to,W. Sharp,"Bolt-court, July 7, 1777",1777
527,to,Dr. Vyse,"London, July 9, 1777",1777
528,to,James Boswell,"London, July 22, 1777",1777
529,to,Mrs. Boswell,"London, July 22, 1777",1777
530,to,Dr. Farmer,,
531,to,Dr. Vyse,"July 22, 1777",1777
532,to,Henry Thrale,"Oxford, July 31, 1777",1777
533,to,Mrs. Thrale,"Oxford, August 4, 1777",1777
534,to,James Boswell,"Oxford, August 4, 1777",1777
535,to,Mrs. Thrale,"Lichfieid, August 7, 1777",1777
536,to,Mrs. Thrale,"Lichfield, August 9, 1777-",1777
538,to,Mrs. Thrale,"Lichfield, August 23, 1777",1777
539,to,Mrs. Thrale,"Lichfield, Wednesday, August 27, 1777",1777
540,to,James Boswell,"Ashbourne, August 30, 1777",1777
541,to,James Boswell,"Ashbourne, September i, 1777",1777
542,to,Mrs. Thrale,"Ashbourne, Sept. 6, 1777",1777
543,to,Mrs. Thrale,"Ashbourne, Sept. 8, 1777",1777
544,to,James Boswell,"Ashbourne, September, n, 1777",1777
545,to,Mrs. Thrale,"Ashbourne, Sept. 13, 1777",1777
546,to,Mrs. Aston,,
547,to,Mrs. Thrale,"Ashbourne, Sept. 15, 1777-",1777
548,to,Mrs. Thrale,"Ashboume, Sept. 18, 1777",1777
549,to,Mrs. Thrale,"Ashboume, Sept. 20, 1777",1777
550,to,Mrs. Thrale,"Ashbourne, Sept. 22, 1777",1777
551,to,Mrs. Thrale,"Ashboume, Sept. 25, 1777",1777
552,to,Mrs. Thrale,"Ashbourne, Sept. 27, 1777",1777
553,to,Mrs. Thrale,"Ashbourne, Michaelmass day, 1777",1777
554,to,Mrs. Thrale,"Ashbourne, October 6, 1777",1777
555,to,Mrs. Thrale,"Ashbourne, October 13, 1777",1777
556,to,Mrs. Thrale,"Ashbourne, Oct. 16, 1777",1777
557,to,Mrs. Thrale,"Lichfield, October 22, 1777",1777
558,to,Mrs. Thrale,"Lichfield, October 25, 1777",1777
559,to,Mrs. Thrale,"Lichfield, October 27, 1777-",1777
560,to,Mrs. Thrale,"Lichfield, October 29, 1777",1777
561,to,Mrs. Thrale,"Lichfield, November 3, 1777",1777
562,to,Mrs. Thrale,"Bolt Court, November 10, 1777",1777
563,to,Mrs. Aston,"London, NOV. 20, 1777",1777
564,to,Lucy Porter,"London, Nov. 20, 1777",1777
565,to,James Boswell,"London, November 25, 1777",1777
566,to,Mrs. Gastrell,,
567,to,James Boswell,"London, December 27, 1777",1777
568,to,James Boswell,"London, January 24, 1778",1778
569,to,Thomas Cadell,,
570,to,[unknown],,
571,to,Saunders Welch,"London, February 3, 1778",1778
572,to,Lucy Porter,"Feb. 19, 1778",1778
573,to,Mrs. Montagu,"March 5, 1778",1778
574,to,Mrs. Montagu,"March 6, 1778",1778
575,to,James Boswell,"London, April 23, 1778",1778
576,to,Mrs. Thrale,"April 30, 1778",1778
577,to,Mauritius Lowe,"London, (?) May 1 5, 1778.",1778
578,to,James Boswell,"London, July 3, 1778",1778
579,to,William Strahan,"London, July 27, 1778",1778
580,to,James Elphinston,,
581,to,John Nichols,,
582,to,John Nichols,"August, 1778",1778
583,to,Mrs. Thrale,"October 15, 1778",1778
584,to,Thomas Cadell,"London, October 17, 1778",1778
585,to,Mrs. Thrale,"London, October 24, 1778",1778
586,to,Mrs. Thrale,"October 31, 1778",1778
587,to,Captain Langton,"London, October 31, 1778",1778
588,to,Dr. Wheeler,"London, November 2, 1778",1778
589,to,Dr. Edwards,"London, November 2, 1778",1778
590,to,Mrs. Thrale,"NOV. 9, 1778",1778
591,to,Mrs. Thrale,"Nov. 14, 1778",1778
592,to,Mrs. Thrale,"Nov. 21, 1778",1778
593,to,James Boswell,"London, November 21, 1778",1778
594,to,John Nichols,,
595,to,John Nichols,,
596,to,Thomas Fitzmaurice,"man's Magazine for 1785, part i",1785
597,to,John Nichols,"London, December, 1778",1778
598,to,John Hussey,"London, December 29, 1778",1778
599,to,Mrs. Aston,,
600,to,Lucy Porter,"Bolt Court, Fleet Street, Jan. 2, 1779",1779
601,to,Mrs. Garrick,"Feb. 2, 1779",1779
602,to,Miss Reynolds,"Streatham, Feb. 15, 1779",1779
603,to,John Nichols,"London, March i, 1779",1779
604,to,Mrs. Aston,,
605,to,Lucy Porter,"Bolt Court, Fleet Street, March 4, 1779",1779
606,to,Mrs. Thrale,"Bolt Court, March 10, 1779",1779
607,to,James Boswell,"London, March 13, 1779",1779
608,to,Mrs. Thrale,"March 18, 1779",1779
609,to,Thomas Cadell,,
610,to,James Boswell,"Harley Street, April 26, 1779",1779
611,to,John Nichols,"London, May 2, 1779",1779
612,to,John Wesley,"London, May 3, 1779",1779
613,to,Mrs. Aston,"May 4, 1779",1779
614,to,Lucy Porter,"London, May 4, 1779",1779
615,to,Mrs. Thrale,"May 20, 1779",1779
616,to,Mrs. Thrale,"Lichfield, May 29, 1779",1779
617,to,Mrs. Thrale,"Ashbourne, June 14, 1779",1779
618,to,Mrs. Thrale,"Ashbourne, June 14, 1779",1779
619,to,Henry Thrale,"June 15, 1779",1779
620,to,Mrs. Thrale,"Ashbourne, June 17, 1779",1779
621,to,Mrs. Thrale,"Lichfieid, June 19, 1779",1779
622,to,Henry Thrale,"Lichfieid, June 23, 1779",1779
623,to,Mrs. Thrale,"Lichfieid, June 24, 1779",1779
624,to,Miss Reynolds,"London, June 27, 1779",1779
625,to,Charles Dilly,"London, July 13, 1779.",1779
626,to,James Boswell,"London, July 13, 1779",1779
627,to,Dr. Taylor,,
628,to,James Boswell,"Streatham, September 9, 1779",1779
629,to,Mrs. Thrale,"Monday, Oct. 4, 1779-",1779
630,to,Mrs. Thrale,"Oct. 5, 1779",1779
631,to,Mrs. Thrale,"London, Oct. 8, 1779",1779
632,to,Mrs. Thrale,"London, Oct. u, 1779",1779
633,to,Mrs. Thrale,"Oct. 16, 1779",1779
634,to,Miss Reynolds,"Oct. 19, 1779-",1779
635,to,Dr. Taylor,,
636,to,Mrs. Thrale,"October 21, 1779",1779
637,to,Mrs. Thrale,"Lichfieid, August 13, 1777",1777
638,to,Mrs. Aston,,
639,to,James Boswell,"London, October 27, 1779",1779
640,to,Mrs. Thrale,"London, October 28, 1779",1779
641,to,Mrs. Thrale,"London, NOV. 2, 1779",1779
642,to,Mrs. Thrale,"London, Nov. 4, 1779",1779
643,to,Mrs. Aston,,
644,to,Mrs. Thrale,"London, November 7, 1779",1779
645,to,Mrs. Thrale,"London, NOV. 8, 1779",1779
646,to,James Boswell,"London, November 13, 1779",1779
647,to,Mrs. Thrale,"London, Nov. 16, 1779",1779
648,to,Mrs. Thrale,"London, Nov. 20, 1779",1779
649,to,Lucy Porter,,
650,to,Dr. Lawrence,"London, January 20, 1780",1780
651,to,John Nichols,Early in 1780.,1780
652,to,John Nichols,Early in 1780,1780
653,to,John Nichols,LR> Early in 1780.,1780
654,to,Mrs. Thrale,"To MRS' THRALES- April 6, 1780",1780
655,to,James Boswell,"London, April 8, 1780",1780
656,to,Lucy Porter,"To MRS' PORTER '• London, April 8, 1780",1780
657,to,Mrs. Thrale,,
658,to,Mrs. Thrale,"April 15, 1780",1780
659,to,Mrs. Thrale,"London, April 18, 1780",1780
660,to,Dr. Taylor,,
661,to,Dr. Burney,,
662,to,Mrs. Thrale,,
663,to,Mrs. Thrale,,
664,to,Mrs. Thrale,"Bolt-court, Fleet-street, May 7, 1780",1780
665,to,Mrs. Thrale,"Bolt-court, Fleet-street, May 8, 1780",1780
666,to,Mrs. Thrale,"Bolt-court, Fleet-street, May 9, 1780",1780
667,to,Thomas Warton,"Bolt Court, Fleet Street, May 9, 1780",1780
668,to,Joseph Warton,"May 23, 1780",1780
669,to,Mrs. Thrale,"May 23, 1780",1780
670,to,John Nichols,"?May, 1780.",1780
671,to,John Nichols,"May 24, 1780.",1780
672,to,Mrs. Thrale,,
673,to,Dr. Farmer,"London May 25, 1780",1780
674,to,Henry Thrale,"London, May 30, 1780",1780
675,to,Mrs. Thrale,,
676,to,Dr. Taylor,,
677,to,Mrs. Thrale,"London, Friday June 9, 1780",1780
678,to,Mrs. Thrale,"Saturday, June 10, 1780",1780
679,to,Mrs. Thrale,"London, June 12, 1780",1780
680,to,Mrs. Thrale,"London, June 14, 1780",1780
681,to,Mrs. Thrale,"London, June 15, 1780",1780
682,to,Miss Reynolds,"Bolt Court, June 16, 1780",1780
683,to,John Nichols,,
684,to,Mrs. Thrale,"Wednesday, June 21, 1780",1780
685,to,Mrs. Thrale,"London, July 4, 1780",1780
686,to,Mrs. Thrale,"London, July 10, 1780",1780
687,to,Mrs. Thrale,"London, July 27, 1780",1780
688,to,Lord Westcote,"MY LORD, Bolt Court, Fleet Street, July 27, 1780",1780
689,to,Lord Westcote,"MY LORD, Bolt Court, Fleet Street, July 28, 1780",1780
690,to,Mrs. Thrale,"London, August i, 1780",1780
691,to,Mrs. Thrale,"August 8, 1780",1780
692,to,Mrs. Thrale,"August 14, 1780",1780
693,to,Mrs. Prowse,,
694,to,John Nichols,,
695,to,John Nichols,,
696,to,John Nichols,? Summer of 1780.,1780
697,to,John Nichols,To JOHN NICHOLS. Summer of 1780.,1780
698,to,John Nichols,"August 16, 1780 Vj",1780
699,to,Mrs. Thrale,"August 18, 1780",1780
700,to,Dr. Beattie,"Bolt Court, August 21, 1780",1780
701,to,James Boswell,"London, August 21, 1780",1780
702,to,Mrs. Thrale,"London, August 24, 1780",1780
703,to,Mrs. Thrale,"London, August 25, 1780",1780
704,to,A Young Clergyman,"Bolt Court, August 30, 1780",1780
705,to,Viscountess Southwell,"Bolt Court, Fleet Street, Sept. 9, 1780",1780
707,to,Samuel Hardy,,
708,to,James Boswell,"London, October 17, 1780",1780
709,to,John Nichols,"man's Magazine for 1785, page n. shall stay, I cannot tell. I do not",1785
710,to,Mrs. Thrale,"London, April 9, 1781",1781
711,to,Dr. Vyse,"Dec. 30, 1780",1780
712,to,Warren Hastings,"London, January 29, 1781",1781
713,to,William Strahan,,
714,to,Thomas Cadell,"London March 5, 1781",1781
715,to,James Boswell,"London, March 14, 1781",1781
716,to,Sir Joshua Reynolds,"London, April 4, 1781.",1781
717,to,Mrs. Thrale,"London, April 5, 1781",1781
718,to,Mrs. Thrale,"April;, 1781",1781
720,to,Dr. Vyse,"REV. SIR, Bolt Court, April 10, 1781",1781
721,to,Mrs. Thrale,"London, April n, 1781",1781
722,to,Mrs. Thrale,"London, April 12, 1781",1781
723,to,Lucy Porter,"London, April 12, 1781",1781
724,to,Mrs. Thrale,"•DEAR MADAM, April 14, 1781",1781
725,to,Mrs. Thrale,"London, April 16, 1781",1781
726,to,John Nichols,"Monday, April 16, 1781",1781
727,to,Mrs. Thrale,"April 17, 1781",1781
728,to,Mrs. Strahan,"London, April 23, 1781",1781
729,to,Mrs. Prowse,,
730,to,John Perkins,"London, June 2, 1781",1781
731,to,John Nichols,,
732,to,Bennet Langton,"Bolt Court, June 16, 1781",1781
733,to,Sir Joshua Reynolds,"London, June 23, 1781",1781
734,to,Miss Reynolds,"25th June, 1781",1781
735,to,John Perkins,,
736,to,Miss Burney,,
737,to,Thomas Astle,"London, July 17, 1781",1781
738,to,Miss Reynolds,"Bolt Court, July 21, 1781",1781
739,to,Dr. Thomas Patten,"Sept. 25, 1781",1781
740,to,Mauritius Lowe,"To MAURITIUS LOWE. Oct. 15, 1781",1781
741,to,Mrs. Thrale,"Oxford, Oct. 17, 1781",1781
742,to,Mrs. Thrale,"Lichfield, Oct. 20, 1781",1781
743,to,Mrs. Thrale,"Lichfieid, Oct. 23, 1781",1781
744,to,Mrs. Thrale,"DEAREST DEAR LADY, Lichfieid, Oct. 27, 1781",1781
745,to,Mrs. Thrale,"Lichfieid, Oct. 31, 1781",1781
746,to,Mrs. Thrale,"Lichfieid, NOV. 3, 1781",1781
747,to,Mrs. Thrale,"Ashboume, NOV. 10, 1781",1781
748,to,Mrs. Thrale,"Ashbourne, NOV. 12, 1781",1781
749,to,Mrs. Thrale,"Ashbourne, Nov. 14, 1781",1781
750,to,Mrs. Thrale,"Ashbourne, NOV. 24, 1781",1781
751,to,Edmund Allen,"Ashbourne, Nov. 26, 1781",1781
752,to,Mrs. Thrale,"Lichfield, Dec. 3, 1781",1781
753,to,Mrs. Thrale,"Birmingham, Dec. 8, 1781",1781
754,to,John Nichols,"Dr. December 26, 1781",1781
755,to,Mauritius Lowe,"dated Jan. i, 1782",1782
756,to,James Boswell,"London, January 5, 1782",1782
757,to,Dr. Lawrence,"London, January 17, 1782",1782
758,to,Mrs. Thrale,"January 28, 1782",1782
759,to,Mrs. Strahan,"London, February 4, 1782",1782
760,to,Recorder Beatniffe,"Bolt Court, Fleet Street, February 14, 1782,",1782
761,to,Mrs. Thrale,"Bolt Court, Feb. 16, 1782",1782
762,to,Mrs. Thrale,"Feb. 17, 1782",1782
763,to,Mrs. Thrale,"Bolt-court, Feb. 21, 1782",1782
764,to,Edmond Malone,"London, February 27, 1782",1782
765,to,Lucy Porter,"London, March 2, 1782",1782
766,to,Edmond Malone,"London, March 7, 1782",1782
767,to,Mrs. Thrale,"DEAREST OF ALL DEAR LADIES, March 14, 1782",1782
768,to,Lucy Porter,"Bolt Court, March 19, 1782",1782
769,to,Mrs. Aston,"London, March 19, 1782",1782
770,to,Captain Langton,"Bolt Court, March 20, 1782",1782
771,to,Edmund Hector,"London, March 21, 1782",1782
772,to,Edmund Hector,,
773,to,Dr. Taylor,"London, March 22, 1782",1782
774,to,William Gerard Hamilton,"March 22, 1782",1782
775,to,James Boswell,"London, March 28, 1782",1782
776,to,Mrs. Gastrell and Mrs. Aston,,
777,to,Miss Reynolds,"April 8, 1782",1782
779,to,Mrs. Thrale,"April 30, 1782",1782
780,to,Mrs. Thrale,,
781,to,[unknown clergyman],"London, May 15, 1782",1782
782,to,George Kearsley,"London, May 20, 1782",1782
783,to,[unknown],"May 27, 1782",1782
784,to,[unknown],,
785,to,James Boswell,"London, June 3, 1782",1782
786,to,Mrs. Thrale,"London, June 4, 1782",1782
787,to,Mrs. Prowse,,
788,to,Mrs. Thrale,"Saturday, June 8, 1782",1782
789,to,Mrs. Thrale,"Oxford, June u, 1782",1782
790,to,Mrs. Thrale,"Oxford, June 12, 1782",1782
791,to,Mrs. Thrale,"Oxford, June 13, 1782",1782
792,to,Mrs. Thrale,"Oxford, June 17, 1782",1782
793,to,Dr. Taylor,,
794,to,Miss Lawrence,"London, July 22, 1782",1782
795,to,Dr. Taylor,,
796,to,John Perkins,"London, July 28, 1782",1782
797,to,Dr. Taylor,,
798,to,Dr. Taylor,,
799,to,Dr. Taylor,,
800,to,George Strahan,,
801,to,James Boswell,"London, August 24, 1782",1782
802,to,Miss Lawrence,"London, August 26, 1782",1782
803,to,James Boswell,"London, September 7, 1782",1782
804,to,Mrs. Boswell,"London, September 7, 1782",1782
805,to,James Boswell,,
806,to,Dr. Taylor,,
807,to,Dr. Taylor,,
808,to,James Compton,"1 On Easter Eve, 1772, Johnson August 30 to say that his father had",1772
809,to,George Strahan,,
810,to,John Nichols,"came to Brighthelmston in a state man's Magazine for 1784, page 893 ;",1784
811,to,Mauritius Lowe,"oIR, October 22, 1782",1782
812,to,John Nichols,,
813,to,Sir Joshua Reynolds,"Brighthelmstone, November 14, 1782",1782
814,to,William Strahan,,
815,to,James Boswell,"London, December 7, 1782",1782
816,to,Dr. Taylor,,
817,to,William Strahan,,
818,to,Mrs. Thrale,"December 20, 1782",1782
819,to,Sir Joshua Reynolds,"Reynolds, dated Dec. 26, 1782, declining an invitation on account of",1782
820,to,Thomas Wilson,"London, December 31, 1782",1782
821,to,Dr. Taylor,,
822,to,John Nichols,"SIR) To JOHN NICHOLS 2. Jan. 10,1783",1783
823,to,Dr. Taylor,,
824,to,[unknown clergyman],,
825,to,George Strahan,"? January, 1783.",1783
826,to,Joseph Cradock,"Jan. 20, 1783",1783
827,to,Dr. Taylor,,
828,to,Miss Lawrence,"Bolt-court, February 4, 1783",1783
829,to,Sir Joshua Reynolds,,
830,to,Sir Joshua Reynolds,"March 4, 1783",1783
831,to,Dr. Scott,"page quarto, dated March 4, 1783. 'Asking him to give employment",1783
832,to,Sir Joshua Reynolds,"London, April 12, 1783",1783
833,to,James Barry,"London, April 12, 1783",1783
834,to,Joseph Fowke,"April 19, 1783",1783
835,to,Worshipful Company of the Mercers,,
836,to,Earl of Dartmouth,"MY LORD, April 25, 1783",1783
837,to,Mrs. Thrale,"London, Thursday May-day, 1783",1783
838,to,Sir Joshua Reynolds,"London, May 2, 1783",1783
839,to,Mrs. Thrale,"London, Thursday May 8, 1783",1783
840,to,Mr. and Miss Wilkes,,
841,to,William Windham,"London, May 31, 1783",1783
842,to,Sir Joshua Reynolds,"London, June 2, 1783",1783
844,to,Dr. Hamilton,"REVEREND SIR, Bolt Court, June 4, 1783",1783
845,to,Mrs. Thrale,"London, June 5, 1783",1783
846,to,Mrs. Thrale,"London, June 13, 1783",1783
847,to,Edmund Allen,"London, June 17, 1783",1783
848,to,Dr. Taylor,"London, June 17, 1783",1783
849,to,Thomas Davies,"London, June 18, 1783",1783
850,to,Mrs. Thrale,"Bolt-court, Fleet-street, June 19, 1783",1783
851,to,Mrs. Thrale,"London, June 20, 1783",1783
852,to,Mauritius Lowe,"Friday, June 20, 1783",1783
853,to,Mrs. Thrale,"London, June 21, 1783",1783
854,to,Mrs. Thrale,"London, June 23, 1783",1783
855,to,Mrs. Thrale,,
856,to,Lucy Porter,"London, June 25, 1783",1783
857,to,Mrs. Thrale,"London, June 28, 1783",1783
858,to,Mrs. Thrale,"Dune 30, 1783.",1783
859,to,Mrs. Thrale,"London, July i, 1783",1783
860,to,Mrs. Thrale,"London, July 3, 1783",1783
861,to,James Boswell,"London, July 3, 1783",1783
862,to,Lucy Porter,"London, July 5, 1783",1783
863,to,Mrs. Thrale,"London, July 5, 1783",1783
864,to,Miss Susanna Thrale,"DEAREST Miss SUSY, About July 5, 1783.",1783
865,to,Mrs. Thrale,"London, July 8, 1783",1783
867,to,William Strahan,,
868,to,Miss Williams,"Rochester, July 15, 1783. Mentioned in the last Letter",1783
869,to,Mrs. Thrale,"London, July 23, 1783",1783
870,to,Miss Sophia Thrale,"DEAREST Miss SOPHY, , London, July 24, 1783",1783
871,to,Dr. Taylor,,
872,to,Miss Susanna Thrale,"DEAR MlSS SUSAN, London, July 26, 1783",1783
873,to,William Cumberland Cruikshank,"London, July 30, 1783. Mentioned with other letters to the same",1783
874,to,Dr. John Mudge,"London, July and August, 1783. Several Letters from which extracts",1783
875,to,Mrs. Thrale,"London, August 13, 1783",1783
876,to,Mrs. Thrale,"London, August 20, 1783",1783
877,to,Mrs. Thrale,"London, August 26, 1783",1783
878,to,Dr. Brocklesby,"Heale near Salisbury, August 29, 1783",1783
879,to,Dr. Taylor,,
880,to,Miss Susanna Thrale,"Heale, September 9, 1783",1783
881,to,Francis Barber,"Heale, Sept. 16, 1783",1783
882,to,Dr. Burney,"London, September 20, 1783",1783
883,to,Mrs. Thrale,"London, Sept. 22, 1783",1783
884,to,Mrs. Montagu,"September 22, 1783",1783
885,to,Dr. Taylor,,
886,to,Bennet Langton,"London, September 29, 1783",1783
887,to,Bennet Langton,"London, September or October, 1783. Two letters quoted in part",1783
888,to,James Boswell,"London, September 30, 1783",1783
889,to,Miss Reynolds,"October i, 1783",1783
890,to,Mr. Tomkeson,"ist October, 1783",1783
891,to,Mrs. Thrale,"London, Oct. 6, 1783",1783
892,to,Mrs. Thrale,"London, October 9, 1783",1783
893,to,Dr. Taylor,,
894,to,Mrs. Thrale,"London, October 21, 1783",1783
895,to,Mrs. Thrale,"London, October 27, 1783",1783
896,to,Miss Reynolds,"London, October 27, 1783",1783
897,to,Mrs. Thrale,"London, Nov. i, 1783",1783
898,to,Lucy Porter,,
899,to,Richard Jackson,,
900,to,Mrs. Thrale,,
901,to,Miss Susanna Thrale,,
902,to,Miss Burney,,
903,to,Miss Burney,,
904,to,Dr. Taylor,,
905,to,William Gerard Hamilton,"London, November 19, 1783",1783
906,to,Mrs. Thrale,"London, Nov. 20, 1783",1783
907,to,Dr. Taylor,,
908,to,Sir John Hawkins,,
909,to,Mrs. Thrale,"London, NOV. 24, 1783",1783
910,to,Mrs. Thrale,"London, Nov. 27, 1783",1783
911,to,Mrs. Chapone,"London, November 28, 1783",1783
912,to,Mrs. Thrale,"London, NOV. 29, 1783",1783
913,to,Dr. Taylor,,
915,to,Sir John Hawkins,,
916,to,Sir Joshua Reynolds,"London, December 4, 1783",1783
917,to,Mrs. Thrale,"London, Dec. 13, 1783",1783
918,to,Dr. Taylor,,
919,to,Miss Reynolds,"December 23, 1783",1783
920,to,James Boswell,"London, December 24, 1783",1783
921,to,Mrs. Thrale,"London, Dec. 27, 1783",1783
922,to,Mrs. Thrale,"London, Dec. 31, 1783",1783
923,to,Dr. Taylor,,
924,to,Charles Dilly,"London, January 6, 1784",1784
925,to,Mrs. Thrale,"To MRS' THRALE3- London, Jan. 12, 1784",1784
926,to,Mrs. Thrale,"London, Jan. 21, 1784",1784
927,to,John Perkins,"London, January 21, 1784",1784
928,to,Dr. Taylor,,
929,to,Richard Clark,"London, January 27, 1784",1784
930,to,Dr. Heberden,,
931,to,Mrs. Thrale,"To MRS' THRALE*- London, Feb. 9, 1784",1784
932,to,James Boswell,"London, February n, 1784",1784
933,to,Dr. Hamilton,"Bolt Court, Feb. 11, 1784",1784
934,to,Mrs. Rogers,,
935,to,Lucy Porter,"London, February 23, 1784",1784
936,to,James Boswell,"London, February 27, 1784",1784
937,to,James Boswell,"London, March 2, 1784",1784
938,to,Mrs. Thrale,"London, March 10, 1784",1784
939,to,Lucy Porter,"Bolt-court, loth March, 1784",1784
940,to,Mrs. Gastrell and Mrs. Aston,,
941,to,Mrs. Thrale,"London, March 1 6, 1784",1784
942,to,James Boswell,"London, March 18, 1784",1784
943,to,Mrs. Thrale,"London, March 20, 1784",1784
944,to,Miss Susanna Thrale,"MY DEAREST MlSS SUSY, London, Mar. 25, 1784",1784
945,to,Bennet Langton,"London, March 27, 1784",1784
946,to,James Boswell,"London, March 30, 1784",1784
947,to,Ozias Humphry,"London, April 5, 1784",1784
948,to,Bennet Langton,"April 8, 1784",1784
949,to,Ozias Humphry,"London, April 10, 1784",1784
950,to,John Nichols,,
951,to,Dr. Taylor,"London, April 12, 1784",1784
952,to,Bennet Langton,"London, April 13, 1784",1784
953,to,Miss Reynolds,"Bolt-court, 3oth April, 1784",1784
954,to,Mrs. Thrale,"London, April 19, 1784",1784
955,to,Mrs. Thrale,"London, April 21, 1784",1784
956,to,Mrs. Thrale,"London, April 26, 1784",1784
957,to,Lucy Porter,"MY DEAR, London, April 26, 1784",1784
959,to,Miss Jane Langton,"London, May 10, 1784",1784
960,to,Mrs. Thrale,,
961,to,Miss Reynolds,"To Miss REYNOLDS 3. May 28, 1784",1784
962,to,Ozias Humphry,"London, May 31, 1784",1784
963,to,Mrs. Thrale,"London, May 31, 1784",1784
964,to,Sir Joshua Reynolds,"London, June ? i, 1784",1784
965,to,Dr. Hamilton,"London, June 2, 1784",1784
966,to,Mrs. Thrale,"London, June 17, 1784",1784
967,to,Dr. Taylor,,
968,to,Dr. Taylor,,
969,to,Mrs. Thrale,"London, June 26, 1784",1784
970,to,Mrs. Thrale,,
971,to,Sir Joshua Reynolds,"London, July 6, 1784",1784
973,to,James Boswell,"London, July n, 1784",1784
974,to,Dr. Adams,,
975,to,W. Bagshaw,"London, July 12, 1784",1784
976,to,Bennet Langton,"London, July 12, 1784",1784
977,to,John Ryland,,
978,to,Sir John Hawkins,"Ashbourne, ?July, 1784",1784
979,to,Dr. Brocklesby,"Ashbourne, July 20, 1784",1784
980,to,Sir Joshua Reynolds,"Ashbourne, July 21, 1784",1784
981,to,James Boswell,"Ashbourne, July 26, 1784",1784
982,to,James Boswell,"AshbourneJ, July 28, 1784",1784
983,to,Dr. Brocklesby,"Ashbourne, July 31, 1784",1784
984,to,Dr. Burney,"Ashbourne, August 2, 1784",1784
985,to,Dr. Brocklesby,"Ashbourne, August 5, 1784",1784
986,to,John Hoole,"Ashbourne, August 7, 1784",1784
987,to,Dr. Brocklesby,"Ashbourne, August 12, 1784",1784
988,to,Heely,"Ashbourne, August 12, 1784",1784
989,to,John Hoole,"Ashbourne, August 13, 1784",1784
990,to,Dr. Brocklesby,"Ashbourne, August 14, 1784",1784
991,to,Thomas Davies,"Ashbourne, August 14, 1784",1784
992,to,Dr. Brocklesby,"Ashbourne, August 16, 1784",1784
993,to,Dr. Brocklesby,"Ashbourne, August 19, 1784",1784
994,to,George Nicol,"Ashbourne, August 19, 1784",1784
995,to,Sir Joshua Reynolds,"Ashbourne, August 19, 1784",1784
996,to,William Windham,"Ashbourne, about August 21, 1784.",1784
997,to,Dr. Brocklesby,"Ashbourne, August 21, 1784*",1784
998,to,Francesco Sastres,"Ashbourne, August 21, 1784",1784
999,to,Bennet Langton,"London, August 25, 1784",1784
1000,to,Dr. Brocklesby,"Ashbourne, August 26, 1784",1784
1001,to,Dr. Brocklesby,"Ashbourne, September 2, 1784",1784
1002,to,Sir Joshua Reynolds,"Ashbourne, September 2, 1784",1784
1003,to,Francesco Sastres,"Ashbourne, Sept. 2, 1784",1784
1004,to,Dr. Burney,"Ashbourne, September 4, 1784",1784
1005,to,William Cumberland Cruikshank,"Ashbourne, September, 4, 1784",1784
1006,to,John Hoole,"Ashbourne, September 4, 1784",1784
1007,to,Sir Joshua Reynolds,"Ashbourne, September 9, 1784",1784
1008,to,Lord Chancellor Thurlow,"Ashbourne, September 9, 1784",1784
1009,to,Dr. Brocklesby,"Ashbourne, September 9, 1784",1784
1010,to,Dr. Brocklesby,"Ashbourne, September u, 1784",1784
1011,to,Dr. Brocklesby,"Ashbourne, September 16, 1784",1784
1012,to,Francesco Sastres,"Ashbourne, Sept. 16, 1784",1784
1013,to,Sir Joshua Reynolds,"Ashbourne, September 18, 1784",1784
1014,to,John Ryland,,
1015,to,Dr. Brocklesby,"Lichfield, September 29, 1784",1784
1016,to,John Ryland,,
1017,to,William Windham,"Lichfield, October 2, 1784",1784
1018,to,Sir Joshua Reynolds,"Lichfield, October 2, 1784",1784
1019,to,John Perkins,"Lichfield, October 4, 1784,",1784
1020,to,Dr. Brocklesby,"Lichfield, October 6, 1784",1784
1021,to,John Ryland,,
1022,to,Dr. Heberden,,
1023,to,George Strahan,"'Lichfield, Oct. 19% 1784",1784
1024,to,William Gerard Hamilton,"Lichfield, October 20, 1784",1784
1025,to,John Paradise,"Lichfield, October 20, 1784",1784
1026,to,John Nichols,"Lichfield, October 20, 1784",1784
1027,to,Francesco Sastres,"Lichfield, October 20, 1784",1784
1028,to,Dr. Taylor,,
1029,to,Dr. Brocklesby,"Lichfield, October 25, 1784",1784
1030,to,Dr. Burney,"Lichfield, November i, 1784",1784
1031,to,Francesco Sastres,"Lichfield, Nov. i, 1784",1784
1032,to,John Ryland,,
1033,to,James Boswell,"Lichfield, November 5, 1784",1784
1034,to,Sir John Hawkins,"Lichfield, November 7, 1784",1784
1035,to,Mrs. Aston and Mrs. Gastrell,"Lichfield, ? November, 1784.",1784
1036,to,Dr. Burney,"London, November 16, 1784",1784
1037,to,Edmund Hector,"London, November 17, 1784",1784
1039,to,Dr. Vyse,,
1040,to,Richard Green,"London, December 2, 1784",1784
1041,to,Lucy Porter,"London, December 2, 1784",1784
1042,to,John Nichols,,
1043,to,Mrs. Strahan,,
